{
	"mechModel": "MWMechModelDataAsset'/Game/Objects/Mechs/Thunderbolt/Model/Thunderbolt_MDL.Thunderbolt_MDL'",
	"mechStats":
	{
		"keyName": "TDR-5S",
		"table": "DataTable'/Game/Objects/Mechs/_common/Config/MechStats.MechStats'"
	},
	"healthStats":
	{
		"keyName": "TDR-5S",
		"table": "DataTable'/Game/Objects/Mechs/_common/Config/MechHealthStats.MechHealthStats'"
	},
	"mechType":
	{
		"tagName": "Mech.Heavy.Thunderbolt.TDR-5S"
	},
	"chassisFullName": "Thunderbolt",
	"variantName": "TDR-5S",
	"defaultMech":
	{
		"id": "MWMechLoadoutAsset:TDR-5S_Loadout"
	},
	"mechTexture": "/Game/UI/Textures/Battlemechs/Thunderbolt_Icon_UIX.Thunderbolt_Icon_UIX",
	"targetComponent": "/Game/Objects/Mechs/Thunderbolt/Target/Thunderbolt_Target.Thunderbolt_Target_C",
	"description": "First produced in 2491, the Thunderbolt - or T-Bolt as it is affectionately known - is a familiar sight throughout the Inner Sphere. One of the first \u2019Mechs designed for planetary assaults, it is renowned for its thick armor and heavy firepower. Though later superseded by larger and more advanced designs, the Thunderbolt\u2019s excellent design and fearsome reputation has kept it in production.",
	"selectedWeaponHardPoints": [
		"Torso_Right_AH1_antimissilesystem",
		"Torso_Left_EH1_largelaser",
		"Torso_Left_EH2_mediumlaser",
		"Torso_Left_EH3_mediumlaser",
		"Torso_Right_MH1_lrm15",
		"Torso_Right_MH2_srm6",
		"Forearm_Right_EH1_largelaser",
		"Forearm_Left_BH1_mediumballistic",
		"Forearm_Left_BH2_machinegun"
	],
	"blankWeaponHardPoints": [],
	"bRecalculateFreeSlotsOnSave": true,
	"equipmentAllocation":
	{
		"armorDataAssetId":
		{
			"id": "MWArmorDataAsset:StandardArmor"
		},
		"structureDataAssetId":
		{
			"id": "MWStructureDataAsset:StandardStructure"
		},
		"allowedHeatSinkType":
		{
			"tagName": "Equipment.HeatSinks.Single"
		},
		"allowedJumpJetType":
		{
			"tagName": "None"
		},
		"slotData": [
			{
				"slotTypeDataAssetId":
				{
					"id": "MWSlotTypeDataAsset:General_SlotType"
				},
				"slotCounts":
				{
					"Head": 1,
					"CenterTorso": 2,
					"LeftTorso": 9,
					"LeftArm": 6,
					"LeftLeg": 2,
					"RightTorso": 8,
					"RightArm": 6,
					"RightLeg": 2
				}
			}
		],
		"internalEquipment": [
			"LifeSupport",
			"Sensors",
			"Cockpit",
			"Gyro",
			"LeftArm_Shoulder",
			"LeftArm_UpperActuator",
			"LeftArm_LowerActuator",
			"LeftArm_HandActuator",
			"RightArm_Shoulder",
			"RightArm_UpperActuator",
			"RightArm_LowerActuator",
			"RightArm_HandActuator",
			"LeftLeg_Hip",
			"LeftLeg_UpperActuator",
			"LeftLeg_LowerActuator",
			"LeftLeg_FootActuator",
			"RightLeg_Hip",
			"RightLeg_UpperActuator",
			"RightLeg_LowerActuator",
			"RightLeg_FootActuator"
		]
	},
	"refitCosts":
	{
		"id": "MWMechRefitCostsDataAsset:MechRefitCostsDefault"
	},
	"engineRating": 260,
	"bXLEngine": false,
	"baseChassisCost": 4352809,
	"salvageShareCost": 19,
	"bIsHeroMech": false
}