{
	"mechDataAssetId":
	{
		"id": "MWMechDataAsset:STK-4N_MDA"
	},
	"customName": "",
	"skinCustomization":
	{
		"mechSkinAssetId":
		{
			"id": "MWUnitSkinAsset:Stalker_Default_SKN"
		},
		"bPrimaryColorSet": false,
		"primaryColor":
		{
			"r": 0,
			"g": 0,
			"b": 0,
			"a": 0
		},
		"bSecondaryColorSet": false,
		"secondaryColor":
		{
			"r": 0,
			"g": 0,
			"b": 0,
			"a": 0
		},
		"bTertiaryColorSet": false,
		"tertiaryColor":
		{
			"r": 0,
			"g": 0,
			"b": 0,
			"a": 0
		}
	},
	"currentStructure":
	{
		"head": 15,
		"centerTorso": 54,
		"leftTorso": 41,
		"rightTorso": 41,
		"leftArm": 23,
		"rightArm": 23,
		"leftLeg": 36,
		"rightLeg": 36
	},
	"currentArmor":
	{
		"head": 18,
		"centerTorso": 72,
		"leftTorso": 50,
		"rightTorso": 50,
		"leftArm": 44,
		"rightArm": 44,
		"leftLeg": 58,
		"rightLeg": 58
	},
	"currentRearArmor":
	{
		"centerTorsoRear": 18,
		"leftTorsoRear": 10,
		"rightTorsoRear": 10
	},
	"installedArmor":
	{
		"head": 18,
		"centerTorso": 72,
		"leftTorso": 50,
		"rightTorso": 50,
		"leftArm": 44,
		"rightArm": 44,
		"leftLeg": 58,
		"rightLeg": 58
	},
	"installedRearArmor":
	{
		"centerTorsoRear": 18,
		"leftTorsoRear": 10,
		"rightTorsoRear": 10
	},
	"installedWeapons": [
		{
			"hardpointSlotId": "Torso_Left_MH1_srm6",
			"weaponData":
			{
				"weaponId":
				{
					"id": "MWMissileWeaponDataAsset:Srm6"
				},
				"healthState": "Healthy"
			}
		},
		{
			"hardpointSlotId": "Torso_Left_EH1_largelaser",
			"weaponData":
			{
				"weaponId":
				{
					"id": "MWTraceWeaponDataAsset:Largelaser"
				},
				"healthState": "Healthy"
			}
		},
		{
			"hardpointSlotId": "Torso_Right_MH1_srm6",
			"weaponData":
			{
				"weaponId":
				{
					"id": "MWMissileWeaponDataAsset:Srm6"
				},
				"healthState": "Healthy"
			}
		},
		{
			"hardpointSlotId": "Torso_Right_EH1_largelaser",
			"weaponData":
			{
				"weaponId":
				{
					"id": "MWTraceWeaponDataAsset:Largelaser"
				},
				"healthState": "Healthy"
			}
		},
		{
			"hardpointSlotId": "Forearm_Right_EH1_mediumlaser",
			"weaponData":
			{
				"weaponId":
				{
					"id": "MWTraceWeaponDataAsset:Mediumlaser"
				},
				"healthState": "Healthy"
			}
		},
		{
			"hardpointSlotId": "Forearm_Right_EH2_mediumlaser",
			"weaponData":
			{
				"weaponId":
				{
					"id": "MWTraceWeaponDataAsset:Mediumlaser"
				},
				"healthState": "Healthy"
			}
		},
		{
			"hardpointSlotId": "Forearm_Right_MH1_lrm10",
			"weaponData":
			{
				"weaponId":
				{
					"id": "MWMissileWeaponDataAsset:Lrm10"
				},
				"healthState": "Healthy"
			}
		},
		{
			"hardpointSlotId": "Forearm_Left_EH1_mediumlaser",
			"weaponData":
			{
				"weaponId":
				{
					"id": "MWTraceWeaponDataAsset:Mediumlaser"
				},
				"healthState": "Healthy"
			}
		},
		{
			"hardpointSlotId": "Forearm_Left_EH2_mediumlaser",
			"weaponData":
			{
				"weaponId":
				{
					"id": "MWTraceWeaponDataAsset:Mediumlaser"
				},
				"healthState": "Healthy"
			}
		}
	],
	"weaponGroupInfo":
	{
		"weaponGroups": [
			{
				"hardpointSlotId": "Torso_Left_MH1_srm6",
				"bWeaponGroup1": false,
				"bWeaponGroup2": false,
				"bWeaponGroup3": true,
				"bWeaponGroup4": false,
				"bWeaponGroup5": false,
				"bWeaponGroup6": false
			},
			{
				"hardpointSlotId": "Torso_Left_EH1_largelaser",
				"bWeaponGroup1": true,
				"bWeaponGroup2": false,
				"bWeaponGroup3": false,
				"bWeaponGroup4": false,
				"bWeaponGroup5": false,
				"bWeaponGroup6": false
			},
			{
				"hardpointSlotId": "Torso_Right_MH1_srm6",
				"bWeaponGroup1": false,
				"bWeaponGroup2": false,
				"bWeaponGroup3": true,
				"bWeaponGroup4": false,
				"bWeaponGroup5": false,
				"bWeaponGroup6": false
			},
			{
				"hardpointSlotId": "Torso_Right_EH1_largelaser",
				"bWeaponGroup1": true,
				"bWeaponGroup2": false,
				"bWeaponGroup3": false,
				"bWeaponGroup4": false,
				"bWeaponGroup5": false,
				"bWeaponGroup6": false
			},
			{
				"hardpointSlotId": "Forearm_Right_EH1_mediumlaser",
				"bWeaponGroup1": false,
				"bWeaponGroup2": true,
				"bWeaponGroup3": false,
				"bWeaponGroup4": false,
				"bWeaponGroup5": false,
				"bWeaponGroup6": false
			},
			{
				"hardpointSlotId": "Forearm_Right_EH2_mediumlaser",
				"bWeaponGroup1": false,
				"bWeaponGroup2": true,
				"bWeaponGroup3": false,
				"bWeaponGroup4": false,
				"bWeaponGroup5": false,
				"bWeaponGroup6": false
			},
			{
				"hardpointSlotId": "Forearm_Right_MH1_lrm10",
				"bWeaponGroup1": false,
				"bWeaponGroup2": false,
				"bWeaponGroup3": false,
				"bWeaponGroup4": true,
				"bWeaponGroup5": false,
				"bWeaponGroup6": false
			},
			{
				"hardpointSlotId": "Forearm_Left_EH1_mediumlaser",
				"bWeaponGroup1": false,
				"bWeaponGroup2": true,
				"bWeaponGroup3": false,
				"bWeaponGroup4": false,
				"bWeaponGroup5": false,
				"bWeaponGroup6": false
			},
			{
				"hardpointSlotId": "Forearm_Left_EH2_mediumlaser",
				"bWeaponGroup1": false,
				"bWeaponGroup2": true,
				"bWeaponGroup3": false,
				"bWeaponGroup4": false,
				"bWeaponGroup5": false,
				"bWeaponGroup6": false
			}
		],
		"chainFireGroups": []
	},
	"equipment":
	{
		"mechPartEquipment": [
			{
				"mechPart": "CenterTorso",
				"slottedEquipment": [
					{
						"slotId": 0,
						"slotTypeAssetId":
						{
							"id": "MWSlotTypeDataAsset:General_SlotType"
						},
						"equipmentData":
						{
							"equipmentId":
							{
								"id": "MWHeatSinkDataAsset:SingleHeatSink"
							},
							"healthState": "Healthy"
						}
					},
					{
						"slotId": 1,
						"slotTypeAssetId":
						{
							"id": "MWSlotTypeDataAsset:General_SlotType"
						},
						"equipmentData":
						{
							"equipmentId":
							{
								"id": "MWHeatSinkDataAsset:SingleHeatSink"
							},
							"healthState": "Healthy"
						}
					}
				]
			},
			{
				"mechPart": "LeftTorso",
				"slottedEquipment": [
					{
						"slotId": 0,
						"slotTypeAssetId":
						{
							"id": "MWSlotTypeDataAsset:General_SlotType"
						},
						"equipmentData":
						{
							"equipmentId":
							{
								"id": "MWHeatSinkDataAsset:SingleHeatSink"
							},
							"healthState": "Healthy"
						}
					},
					{
						"slotId": 1,
						"slotTypeAssetId":
						{
							"id": "MWSlotTypeDataAsset:General_SlotType"
						},
						"equipmentData":
						{
							"equipmentId":
							{
								"id": "MWHeatSinkDataAsset:SingleHeatSink"
							},
							"healthState": "Healthy"
						}
					},
					{
						"slotId": 2,
						"slotTypeAssetId":
						{
							"id": "MWSlotTypeDataAsset:General_SlotType"
						},
						"equipmentData":
						{
							"equipmentId":
							{
								"id": "MWHeatSinkDataAsset:SingleHeatSink"
							},
							"healthState": "Healthy"
						}
					},
					{
						"slotId": 3,
						"slotTypeAssetId":
						{
							"id": "MWSlotTypeDataAsset:General_SlotType"
						},
						"equipmentData":
						{
							"equipmentId":
							{
								"id": "MWHeatSinkDataAsset:SingleHeatSink"
							},
							"healthState": "Healthy"
						}
					},
					{
						"slotId": 4,
						"slotTypeAssetId":
						{
							"id": "MWSlotTypeDataAsset:General_SlotType"
						},
						"equipmentData":
						{
							"equipmentId":
							{
								"id": "MWHeatSinkDataAsset:SingleHeatSink"
							},
							"healthState": "Healthy"
						}
					},
					{
						"slotId": 5,
						"slotTypeAssetId":
						{
							"id": "MWSlotTypeDataAsset:General_SlotType"
						},
						"equipmentData":
						{
							"equipmentId":
							{
								"id": "MWAmmoDataAsset:Srm_AmmoEquipment"
							},
							"healthState": "Healthy"
						}
					}
				]
			},
			{
				"mechPart": "RightTorso",
				"slottedEquipment": [
					{
						"slotId": 0,
						"slotTypeAssetId":
						{
							"id": "MWSlotTypeDataAsset:General_SlotType"
						},
						"equipmentData":
						{
							"equipmentId":
							{
								"id": "MWHeatSinkDataAsset:SingleHeatSink"
							},
							"healthState": "Healthy"
						}
					},
					{
						"slotId": 1,
						"slotTypeAssetId":
						{
							"id": "MWSlotTypeDataAsset:General_SlotType"
						},
						"equipmentData":
						{
							"equipmentId":
							{
								"id": "MWHeatSinkDataAsset:SingleHeatSink"
							},
							"healthState": "Healthy"
						}
					},
					{
						"slotId": 2,
						"slotTypeAssetId":
						{
							"id": "MWSlotTypeDataAsset:General_SlotType"
						},
						"equipmentData":
						{
							"equipmentId":
							{
								"id": "MWHeatSinkDataAsset:SingleHeatSink"
							},
							"healthState": "Healthy"
						}
					},
					{
						"slotId": 3,
						"slotTypeAssetId":
						{
							"id": "MWSlotTypeDataAsset:General_SlotType"
						},
						"equipmentData":
						{
							"equipmentId":
							{
								"id": "MWHeatSinkDataAsset:SingleHeatSink"
							},
							"healthState": "Healthy"
						}
					},
					{
						"slotId": 4,
						"slotTypeAssetId":
						{
							"id": "MWSlotTypeDataAsset:General_SlotType"
						},
						"equipmentData":
						{
							"equipmentId":
							{
								"id": "MWHeatSinkDataAsset:SingleHeatSink"
							},
							"healthState": "Healthy"
						}
					},
					{
						"slotId": 5,
						"slotTypeAssetId":
						{
							"id": "MWSlotTypeDataAsset:General_SlotType"
						},
						"equipmentData":
						{
							"equipmentId":
							{
								"id": "MWAmmoDataAsset:Srm_AmmoEquipment"
							},
							"healthState": "Healthy"
						}
					}
				]
			},
			{
				"mechPart": "RightArm",
				"slottedEquipment": [
					{
						"slotId": 0,
						"slotTypeAssetId":
						{
							"id": "MWSlotTypeDataAsset:General_SlotType"
						},
						"equipmentData":
						{
							"equipmentId":
							{
								"id": "MWAmmoDataAsset:Lrm_AmmoEquipment"
							},
							"healthState": "Healthy"
						}
					}
				]
			},
			{
				"mechPart": "LeftLeg",
				"slottedEquipment": [
					{
						"slotId": 0,
						"slotTypeAssetId":
						{
							"id": "MWSlotTypeDataAsset:General_SlotType"
						},
						"equipmentData":
						{
							"equipmentId":
							{
								"id": "MWHeatSinkDataAsset:SingleHeatSink"
							},
							"healthState": "Healthy"
						}
					},
					{
						"slotId": 1,
						"slotTypeAssetId":
						{
							"id": "MWSlotTypeDataAsset:General_SlotType"
						},
						"equipmentData":
						{
							"equipmentId":
							{
								"id": "MWHeatSinkDataAsset:SingleHeatSink"
							},
							"healthState": "Healthy"
						}
					}
				]
			},
			{
				"mechPart": "RightLeg",
				"slottedEquipment": [
					{
						"slotId": 0,
						"slotTypeAssetId":
						{
							"id": "MWSlotTypeDataAsset:General_SlotType"
						},
						"equipmentData":
						{
							"equipmentId":
							{
								"id": "MWHeatSinkDataAsset:SingleHeatSink"
							},
							"healthState": "Healthy"
						}
					},
					{
						"slotId": 1,
						"slotTypeAssetId":
						{
							"id": "MWSlotTypeDataAsset:General_SlotType"
						},
						"equipmentData":
						{
							"equipmentId":
							{
								"id": "MWHeatSinkDataAsset:SingleHeatSink"
							},
							"healthState": "Healthy"
						}
					}
				]
			}
		]
	}
}