{
	"mechDataAssetId":
	{
		"id": "MWMechDataAsset:STK-3FB_MDA"
	},
	"customName": "",
	"skinCustomization":
	{
		"mechSkinAssetId":
		{
			"id": "MWUnitSkinAsset:Stalker_Default_SKN"
		},
		"bPrimaryColorSet": false,
		"primaryColor":
		{
			"r": 0,
			"g": 0,
			"b": 0,
			"a": 0
		},
		"bSecondaryColorSet": false,
		"secondaryColor":
		{
			"r": 0,
			"g": 0,
			"b": 0,
			"a": 0
		},
		"bTertiaryColorSet": false,
		"tertiaryColor":
		{
			"r": 0,
			"g": 0,
			"b": 0,
			"a": 0
		}
	},
	"currentStructure":
	{
		"head": 15,
		"centerTorso": 54,
		"leftTorso": 41,
		"rightTorso": 41,
		"leftArm": 23,
		"rightArm": 23,
		"leftLeg": 36,
		"rightLeg": 36
	},
	"currentArmor":
	{
		"head": 18,
		"centerTorso": 84,
		"leftTorso": 62,
		"rightTorso": 62,
		"leftArm": 46,
		"rightArm": 46,
		"leftLeg": 64,
		"rightLeg": 64
	},
	"currentRearArmor":
	{
		"centerTorsoRear": 22,
		"leftTorsoRear": 14,
		"rightTorsoRear": 14
	},
	"installedArmor":
	{
		"head": 18,
		"centerTorso": 84,
		"leftTorso": 62,
		"rightTorso": 62,
		"leftArm": 46,
		"rightArm": 46,
		"leftLeg": 64,
		"rightLeg": 64
	},
	"installedRearArmor":
	{
		"centerTorsoRear": 22,
		"leftTorsoRear": 14,
		"rightTorsoRear": 14
	},
	"installedWeapons": [
		{
			"hardpointSlotId": "Torso_Left_EH1_erlargelaser",
			"weaponData":
			{
				"weaponId":
				{
					"id": "MWTraceWeaponDataAsset:Erlargelaser"
				},
				"healthState": "Healthy"
			}
		},
		{
			"hardpointSlotId": "Torso_Right_EH1_erlargelaser",
			"weaponData":
			{
				"weaponId":
				{
					"id": "MWTraceWeaponDataAsset:Erlargelaser"
				},
				"healthState": "Healthy"
			}
		},
		{
			"hardpointSlotId": "Forearm_Right_MH1_lrm15_artemis",
			"weaponData":
			{
				"weaponId":
				{
					"id": "MWMissileWeaponDataAsset:Lrm15_Artemis"
				},
				"healthState": "Healthy"
			}
		},
		{
			"hardpointSlotId": "Forearm_Right_EH1_mediumlaser",
			"weaponData":
			{
				"weaponId":
				{
					"id": "MWTraceWeaponDataAsset:Mediumlaser"
				},
				"healthState": "Healthy"
			}
		},
		{
			"hardpointSlotId": "Forearm_Right_EH2_mediumlaser",
			"weaponData":
			{
				"weaponId":
				{
					"id": "MWTraceWeaponDataAsset:Mediumlaser"
				},
				"healthState": "Healthy"
			}
		},
		{
			"hardpointSlotId": "Forearm_Left_MH1_lrm15_artemis",
			"weaponData":
			{
				"weaponId":
				{
					"id": "MWMissileWeaponDataAsset:Lrm15_Artemis"
				},
				"healthState": "Healthy"
			}
		},
		{
			"hardpointSlotId": "Forearm_Left_EH1_mediumlaser",
			"weaponData":
			{
				"weaponId":
				{
					"id": "MWTraceWeaponDataAsset:Mediumlaser"
				},
				"healthState": "Healthy"
			}
		},
		{
			"hardpointSlotId": "Forearm_Left_EH2_mediumlaser",
			"weaponData":
			{
				"weaponId":
				{
					"id": "MWTraceWeaponDataAsset:Mediumlaser"
				},
				"healthState": "Healthy"
			}
		}
	],
	"weaponGroups": [
		{
			"hardpointSlotId": "Torso_Left_EH1_erlargelaser",
			"bWeaponGroup1": false,
			"bWeaponGroup2": false,
			"bWeaponGroup3": true,
			"bWeaponGroup4": false,
			"bWeaponGroup5": false,
			"bWeaponGroup6": false
		},
		{
			"hardpointSlotId": "Torso_Right_EH1_erlargelaser",
			"bWeaponGroup1": false,
			"bWeaponGroup2": false,
			"bWeaponGroup3": true,
			"bWeaponGroup4": false,
			"bWeaponGroup5": false,
			"bWeaponGroup6": false
		},
		{
			"hardpointSlotId": "Forearm_Right_MH1_lrm15_artemis",
			"bWeaponGroup1": false,
			"bWeaponGroup2": true,
			"bWeaponGroup3": false,
			"bWeaponGroup4": false,
			"bWeaponGroup5": false,
			"bWeaponGroup6": false
		},
		{
			"hardpointSlotId": "Forearm_Right_EH1_mediumlaser",
			"bWeaponGroup1": true,
			"bWeaponGroup2": false,
			"bWeaponGroup3": false,
			"bWeaponGroup4": false,
			"bWeaponGroup5": false,
			"bWeaponGroup6": false
		},
		{
			"hardpointSlotId": "Forearm_Right_EH2_mediumlaser",
			"bWeaponGroup1": true,
			"bWeaponGroup2": false,
			"bWeaponGroup3": false,
			"bWeaponGroup4": false,
			"bWeaponGroup5": false,
			"bWeaponGroup6": false
		},
		{
			"hardpointSlotId": "Forearm_Left_MH1_lrm15_artemis",
			"bWeaponGroup1": false,
			"bWeaponGroup2": true,
			"bWeaponGroup3": false,
			"bWeaponGroup4": false,
			"bWeaponGroup5": false,
			"bWeaponGroup6": false
		},
		{
			"hardpointSlotId": "Forearm_Left_EH1_mediumlaser",
			"bWeaponGroup1": true,
			"bWeaponGroup2": false,
			"bWeaponGroup3": false,
			"bWeaponGroup4": false,
			"bWeaponGroup5": false,
			"bWeaponGroup6": false
		},
		{
			"hardpointSlotId": "Forearm_Left_EH2_mediumlaser",
			"bWeaponGroup1": true,
			"bWeaponGroup2": false,
			"bWeaponGroup3": false,
			"bWeaponGroup4": false,
			"bWeaponGroup5": false,
			"bWeaponGroup6": false
		}
	],
	"equipment":
	{
		"mechPartEquipment": [
			{
				"mechPart": "LeftTorso",
				"slottedEquipment": [
					{
						"slotId": 0,
						"slotTypeAssetId":
						{
							"id": "MWSlotTypeDataAsset:General_SlotType"
						},
						"equipmentData":
						{
							"equipmentId":
							{
								"id": "MWHeatSinkDataAsset:DoubleHeatSink"
							},
							"healthState": "Healthy"
						}
					},
					{
						"slotId": 1,
						"slotTypeAssetId":
						{
							"id": "MWSlotTypeDataAsset:General_SlotType"
						},
						"equipmentData":
						{
							"equipmentId":
							{
								"id": "MWHeatSinkDataAsset:DoubleHeatSink"
							},
							"healthState": "Healthy"
						}
					},
					{
						"slotId": 2,
						"slotTypeAssetId":
						{
							"id": "MWSlotTypeDataAsset:General_SlotType"
						},
						"equipmentData":
						{
							"equipmentId":
							{
								"id": "MWAmmoDataAsset:Lrm_Artemis_AmmoEquipment"
							},
							"healthState": "Healthy"
						}
					},
					{
						"slotId": 3,
						"slotTypeAssetId":
						{
							"id": "MWSlotTypeDataAsset:General_SlotType"
						},
						"equipmentData":
						{
							"equipmentId":
							{
								"id": "MWAmmoDataAsset:Lrm_Artemis_AmmoEquipment"
							},
							"healthState": "Healthy"
						}
					},
					{
						"slotId": 4,
						"slotTypeAssetId":
						{
							"id": "MWSlotTypeDataAsset:General_SlotType"
						},
						"equipmentData":
						{
							"equipmentId":
							{
								"id": "MWAmmoDataAsset:Lrm_Artemis_AmmoEquipment"
							},
							"healthState": "Healthy"
						}
					}
				]
			},
			{
				"mechPart": "RightTorso",
				"slottedEquipment": [
					{
						"slotId": 0,
						"slotTypeAssetId":
						{
							"id": "MWSlotTypeDataAsset:General_SlotType"
						},
						"equipmentData":
						{
							"equipmentId":
							{
								"id": "MWHeatSinkDataAsset:DoubleHeatSink"
							},
							"healthState": "Healthy"
						}
					},
					{
						"slotId": 1,
						"slotTypeAssetId":
						{
							"id": "MWSlotTypeDataAsset:General_SlotType"
						},
						"equipmentData":
						{
							"equipmentId":
							{
								"id": "MWHeatSinkDataAsset:DoubleHeatSink"
							},
							"healthState": "Healthy"
						}
					},
					{
						"slotId": 2,
						"slotTypeAssetId":
						{
							"id": "MWSlotTypeDataAsset:General_SlotType"
						},
						"equipmentData":
						{
							"equipmentId":
							{
								"id": "MWHeatSinkDataAsset:DoubleHeatSink"
							},
							"healthState": "Healthy"
						}
					}
				]
			},
			{
				"mechPart": "LeftArm",
				"slottedEquipment": [
					{
						"slotId": 0,
						"slotTypeAssetId":
						{
							"id": "MWSlotTypeDataAsset:General_SlotType"
						},
						"equipmentData":
						{
							"equipmentId":
							{
								"id": "MWHeatSinkDataAsset:DoubleHeatSink"
							},
							"healthState": "Healthy"
						}
					}
				]
			},
			{
				"mechPart": "RightArm",
				"slottedEquipment": [
					{
						"slotId": 0,
						"slotTypeAssetId":
						{
							"id": "MWSlotTypeDataAsset:General_SlotType"
						},
						"equipmentData":
						{
							"equipmentId":
							{
								"id": "MWHeatSinkDataAsset:DoubleHeatSink"
							},
							"healthState": "Healthy"
						}
					}
				]
			}
		]
	}
}