{
	"mechDataAssetId":
	{
		"id": "MWMechDataAsset:STK-5S_MDA"
	},
	"customName": "",
	"skinCustomization":
	{
		"mechSkinAssetId":
		{
			"id": "MWUnitSkinAsset:Stalker_Default_SKN"
		},
		"bPrimaryColorSet": false,
		"primaryColor":
		{
			"r": 0,
			"g": 0,
			"b": 0,
			"a": 0
		},
		"bSecondaryColorSet": false,
		"secondaryColor":
		{
			"r": 0,
			"g": 0,
			"b": 0,
			"a": 0
		},
		"bTertiaryColorSet": false,
		"tertiaryColor":
		{
			"r": 0,
			"g": 0,
			"b": 0,
			"a": 0
		}
	},
	"currentStructure":
	{
		"head": 15,
		"centerTorso": 54,
		"leftTorso": 41,
		"rightTorso": 41,
		"leftArm": 23,
		"rightArm": 23,
		"leftLeg": 36,
		"rightLeg": 36
	},
	"currentArmor":
	{
		"head": 18,
		"centerTorso": 72,
		"leftTorso": 50,
		"rightTorso": 50,
		"leftArm": 46,
		"rightArm": 46,
		"leftLeg": 50,
		"rightLeg": 50
	},
	"currentRearArmor":
	{
		"centerTorsoRear": 22,
		"leftTorsoRear": 14,
		"rightTorsoRear": 14
	},
	"installedArmor":
	{
		"head": 18,
		"centerTorso": 72,
		"leftTorso": 50,
		"rightTorso": 50,
		"leftArm": 46,
		"rightArm": 46,
		"leftLeg": 50,
		"rightLeg": 50
	},
	"installedRearArmor":
	{
		"centerTorsoRear": 22,
		"leftTorsoRear": 14,
		"rightTorsoRear": 14
	},
	"installedWeapons": [
		{
			"hardpointSlotId": "Torso_Left_MH1_srm6",
			"weaponData":
			{
				"weaponId":
				{
					"id": "MWMissileWeaponDataAsset:Srm6"
				},
				"healthState": "Healthy",
				"bIsSpecialMarketItem": false
			}
		},
		{
			"hardpointSlotId": "Torso_Left_EH1_largepulselaser",
			"weaponData":
			{
				"weaponId":
				{
					"id": "MWTraceWeaponDataAsset:Largepulselaser"
				},
				"healthState": "Healthy",
				"bIsSpecialMarketItem": false
			}
		},
		{
			"hardpointSlotId": "Torso_Left_AH1_antimissilesystem",
			"weaponData":
			{
				"weaponId":
				{
					"id": "MWAMSWeaponDataAsset:Antimissilesystem"
				},
				"healthState": "Healthy",
				"bIsSpecialMarketItem": false
			}
		},
		{
			"hardpointSlotId": "Torso_Right_EH1_largepulselaser",
			"weaponData":
			{
				"weaponId":
				{
					"id": "MWTraceWeaponDataAsset:Largepulselaser"
				},
				"healthState": "Healthy",
				"bIsSpecialMarketItem": false
			}
		},
		{
			"hardpointSlotId": "Torso_Right_MH1_srm6",
			"weaponData":
			{
				"weaponId":
				{
					"id": "MWMissileWeaponDataAsset:Srm6"
				},
				"healthState": "Healthy",
				"bIsSpecialMarketItem": false
			}
		},
		{
			"hardpointSlotId": "Forearm_Right_MH1_lrm10",
			"weaponData":
			{
				"weaponId":
				{
					"id": "MWMissileWeaponDataAsset:Lrm10"
				},
				"healthState": "Healthy",
				"bIsSpecialMarketItem": false
			}
		},
		{
			"hardpointSlotId": "Forearm_Right_EH1_mediumlaser",
			"weaponData":
			{
				"weaponId":
				{
					"id": "MWTraceWeaponDataAsset:Mediumlaser"
				},
				"healthState": "Healthy",
				"bIsSpecialMarketItem": false
			}
		},
		{
			"hardpointSlotId": "Forearm_Right_EH2_mediumlaser",
			"weaponData":
			{
				"weaponId":
				{
					"id": "MWTraceWeaponDataAsset:Mediumlaser"
				},
				"healthState": "Healthy",
				"bIsSpecialMarketItem": false
			}
		},
		{
			"hardpointSlotId": "Forearm_Left_MH1_lrm10",
			"weaponData":
			{
				"weaponId":
				{
					"id": "MWMissileWeaponDataAsset:Lrm10"
				},
				"healthState": "Healthy",
				"bIsSpecialMarketItem": false
			}
		},
		{
			"hardpointSlotId": "Forearm_Left_EH1_mediumlaser",
			"weaponData":
			{
				"weaponId":
				{
					"id": "MWTraceWeaponDataAsset:Mediumlaser"
				},
				"healthState": "Healthy",
				"bIsSpecialMarketItem": false
			}
		},
		{
			"hardpointSlotId": "Forearm_Left_EH2_mediumlaser",
			"weaponData":
			{
				"weaponId":
				{
					"id": "MWTraceWeaponDataAsset:Mediumlaser"
				},
				"healthState": "Healthy",
				"bIsSpecialMarketItem": false
			}
		}
	],
	"weaponGroups": [
		{
			"hardpointSlotId": "Torso_Left_MH1_srm6",
			"bWeaponGroup1": false,
			"bWeaponGroup2": false,
			"bWeaponGroup3": true,
			"bWeaponGroup4": false,
			"bWeaponGroup5": false,
			"bWeaponGroup6": false
		},
		{
			"hardpointSlotId": "Torso_Left_EH1_largepulselaser",
			"bWeaponGroup1": false,
			"bWeaponGroup2": false,
			"bWeaponGroup3": false,
			"bWeaponGroup4": true,
			"bWeaponGroup5": false,
			"bWeaponGroup6": false
		},
		{
			"hardpointSlotId": "Torso_Left_AH1_antimissilesystem",
			"bWeaponGroup1": true,
			"bWeaponGroup2": false,
			"bWeaponGroup3": false,
			"bWeaponGroup4": false,
			"bWeaponGroup5": false,
			"bWeaponGroup6": false
		},
		{
			"hardpointSlotId": "Torso_Right_EH1_largepulselaser",
			"bWeaponGroup1": false,
			"bWeaponGroup2": false,
			"bWeaponGroup3": false,
			"bWeaponGroup4": true,
			"bWeaponGroup5": false,
			"bWeaponGroup6": false
		},
		{
			"hardpointSlotId": "Torso_Right_MH1_srm6",
			"bWeaponGroup1": false,
			"bWeaponGroup2": false,
			"bWeaponGroup3": true,
			"bWeaponGroup4": false,
			"bWeaponGroup5": false,
			"bWeaponGroup6": false
		},
		{
			"hardpointSlotId": "Forearm_Right_MH1_lrm10",
			"bWeaponGroup1": false,
			"bWeaponGroup2": false,
			"bWeaponGroup3": false,
			"bWeaponGroup4": false,
			"bWeaponGroup5": true,
			"bWeaponGroup6": false
		},
		{
			"hardpointSlotId": "Forearm_Right_EH1_mediumlaser",
			"bWeaponGroup1": false,
			"bWeaponGroup2": true,
			"bWeaponGroup3": false,
			"bWeaponGroup4": false,
			"bWeaponGroup5": false,
			"bWeaponGroup6": false
		},
		{
			"hardpointSlotId": "Forearm_Right_EH2_mediumlaser",
			"bWeaponGroup1": false,
			"bWeaponGroup2": true,
			"bWeaponGroup3": false,
			"bWeaponGroup4": false,
			"bWeaponGroup5": false,
			"bWeaponGroup6": false
		},
		{
			"hardpointSlotId": "Forearm_Left_MH1_lrm10",
			"bWeaponGroup1": false,
			"bWeaponGroup2": false,
			"bWeaponGroup3": false,
			"bWeaponGroup4": false,
			"bWeaponGroup5": true,
			"bWeaponGroup6": false
		},
		{
			"hardpointSlotId": "Forearm_Left_EH1_mediumlaser",
			"bWeaponGroup1": true,
			"bWeaponGroup2": false,
			"bWeaponGroup3": false,
			"bWeaponGroup4": false,
			"bWeaponGroup5": false,
			"bWeaponGroup6": false
		},
		{
			"hardpointSlotId": "Forearm_Left_EH2_mediumlaser",
			"bWeaponGroup1": true,
			"bWeaponGroup2": false,
			"bWeaponGroup3": false,
			"bWeaponGroup4": false,
			"bWeaponGroup5": false,
			"bWeaponGroup6": false
		}
	],
	"equipment":
	{
		"mechPartEquipment": [
			{
				"mechPart": "CenterTorso",
				"slottedEquipment": [
					{
						"slotId": 0,
						"slotTypeAssetId":
						{
							"id": "MWSlotTypeDataAsset:General_SlotType"
						},
						"equipmentData":
						{
							"equipmentId":
							{
								"id": "MWHeatSinkDataAsset:SingleHeatSink"
							},
							"healthState": "Healthy",
							"bIsSpecialMarketItem": false
						}
					},
					{
						"slotId": 1,
						"slotTypeAssetId":
						{
							"id": "MWSlotTypeDataAsset:General_SlotType"
						},
						"equipmentData":
						{
							"equipmentId":
							{
								"id": "MWHeatSinkDataAsset:SingleHeatSink"
							},
							"healthState": "Healthy",
							"bIsSpecialMarketItem": false
						}
					}
				]
			},
			{
				"mechPart": "LeftTorso",
				"slottedEquipment": [
					{
						"slotId": 0,
						"slotTypeAssetId":
						{
							"id": "MWSlotTypeDataAsset:General_SlotType"
						},
						"equipmentData":
						{
							"equipmentId":
							{
								"id": "MWHeatSinkDataAsset:SingleHeatSink"
							},
							"healthState": "Healthy",
							"bIsSpecialMarketItem": false
						}
					},
					{
						"slotId": 1,
						"slotTypeAssetId":
						{
							"id": "MWSlotTypeDataAsset:General_SlotType"
						},
						"equipmentData":
						{
							"equipmentId":
							{
								"id": "MWAmmoDataAsset:Srm_AmmoEquipment"
							},
							"healthState": "Healthy",
							"bIsSpecialMarketItem": false
						}
					},
					{
						"slotId": 2,
						"slotTypeAssetId":
						{
							"id": "MWSlotTypeDataAsset:General_SlotType"
						},
						"equipmentData":
						{
							"equipmentId":
							{
								"id": "MWAmmoDataAsset:Ams_AmmoEquipment"
							},
							"healthState": "Healthy",
							"bIsSpecialMarketItem": false
						}
					}
				]
			},
			{
				"mechPart": "RightTorso",
				"slottedEquipment": [
					{
						"slotId": 0,
						"slotTypeAssetId":
						{
							"id": "MWSlotTypeDataAsset:General_SlotType"
						},
						"equipmentData":
						{
							"equipmentId":
							{
								"id": "MWHeatSinkDataAsset:SingleHeatSink"
							},
							"healthState": "Healthy",
							"bIsSpecialMarketItem": false
						}
					},
					{
						"slotId": 1,
						"slotTypeAssetId":
						{
							"id": "MWSlotTypeDataAsset:General_SlotType"
						},
						"equipmentData":
						{
							"equipmentId":
							{
								"id": "MWHeatSinkDataAsset:SingleHeatSink"
							},
							"healthState": "Healthy",
							"bIsSpecialMarketItem": false
						}
					},
					{
						"slotId": 2,
						"slotTypeAssetId":
						{
							"id": "MWSlotTypeDataAsset:General_SlotType"
						},
						"equipmentData":
						{
							"equipmentId":
							{
								"id": "MWHeatSinkDataAsset:SingleHeatSink"
							},
							"healthState": "Healthy",
							"bIsSpecialMarketItem": false
						}
					},
					{
						"slotId": 3,
						"slotTypeAssetId":
						{
							"id": "MWSlotTypeDataAsset:General_SlotType"
						},
						"equipmentData":
						{
							"equipmentId":
							{
								"id": "MWAmmoDataAsset:Srm_AmmoEquipment"
							},
							"healthState": "Healthy",
							"bIsSpecialMarketItem": false
						}
					}
				]
			},
			{
				"mechPart": "LeftArm",
				"slottedEquipment": [
					{
						"slotId": 0,
						"slotTypeAssetId":
						{
							"id": "MWSlotTypeDataAsset:General_SlotType"
						},
						"equipmentData":
						{
							"equipmentId":
							{
								"id": "MWAmmoDataAsset:Lrm_AmmoEquipment"
							},
							"healthState": "Healthy",
							"bIsSpecialMarketItem": false
						}
					}
				]
			},
			{
				"mechPart": "RightArm",
				"slottedEquipment": [
					{
						"slotId": 0,
						"slotTypeAssetId":
						{
							"id": "MWSlotTypeDataAsset:General_SlotType"
						},
						"equipmentData":
						{
							"equipmentId":
							{
								"id": "MWAmmoDataAsset:Lrm_AmmoEquipment"
							},
							"healthState": "Healthy",
							"bIsSpecialMarketItem": false
						}
					}
				]
			},
			{
				"mechPart": "LeftLeg",
				"slottedEquipment": [
					{
						"slotId": 0,
						"slotTypeAssetId":
						{
							"id": "MWSlotTypeDataAsset:General_SlotType"
						},
						"equipmentData":
						{
							"equipmentId":
							{
								"id": "MWHeatSinkDataAsset:SingleHeatSink"
							},
							"healthState": "Healthy",
							"bIsSpecialMarketItem": false
						}
					},
					{
						"slotId": 1,
						"slotTypeAssetId":
						{
							"id": "MWSlotTypeDataAsset:General_SlotType"
						},
						"equipmentData":
						{
							"equipmentId":
							{
								"id": "MWHeatSinkDataAsset:SingleHeatSink"
							},
							"healthState": "Healthy",
							"bIsSpecialMarketItem": false
						}
					}
				]
			},
			{
				"mechPart": "RightLeg",
				"slottedEquipment": [
					{
						"slotId": 0,
						"slotTypeAssetId":
						{
							"id": "MWSlotTypeDataAsset:General_SlotType"
						},
						"equipmentData":
						{
							"equipmentId":
							{
								"id": "MWHeatSinkDataAsset:SingleHeatSink"
							},
							"healthState": "Healthy",
							"bIsSpecialMarketItem": false
						}
					},
					{
						"slotId": 1,
						"slotTypeAssetId":
						{
							"id": "MWSlotTypeDataAsset:General_SlotType"
						},
						"equipmentData":
						{
							"equipmentId":
							{
								"id": "MWHeatSinkDataAsset:SingleHeatSink"
							},
							"healthState": "Healthy",
							"bIsSpecialMarketItem": false
						}
					}
				]
			}
		]
	}
}