{
	"weaponSlots": [
		{
			"hardpointSlotId": "Torso_Left_EH1_smalllaser",
			"mechSkeletonSocketId": "Torso_Weapon",
			"mechPart": "LeftTorso",
			"bHideOnPartDestruction": true,
			"slotTypeAssetId":
			{
				"id": "MWSlotTypeDataAsset:SmallLaser_SlotType"
			},
			"hardpointVisuals":
			{
				"(TagName=\"Weapon.Energy.Laser.Standard.Small\")": "/Game/Objects/Mechs/Flea/Model/Weapons/Weapon_Mech_FLE_Torso_Left_EH1_Laser.Weapon_Mech_FLE_Torso_Left_EH1_Laser_C",
				"(TagName=\"Weapon.Energy.ParticleCannon.HPPC\")": "/Game/Objects/Mechs/Flea/Model/Weapons/Weapon_Mech_FLE_Torso_Left_EH1_HPPC.Weapon_Mech_FLE_Torso_Left_EH1_HPPC_C",
				"(TagName=\"Weapon.Energy.ParticleCannon.PPC\")": "/Game/Objects/Mechs/Flea/Model/Weapons/Weapon_Mech_FLE_Torso_Left_EH1_PPC.Weapon_Mech_FLE_Torso_Left_EH1_PPC_C",
				"(TagName=\"Weapon.Energy.ParticleCannon.ERPPC\")": "/Game/Objects/Mechs/Flea/Model/Weapons/Weapon_Mech_FLE_Torso_Left_EH1_PPC.Weapon_Mech_FLE_Torso_Left_EH1_PPC_C",
				"(TagName=\"Weapon.Energy.ParticleCannon.SNPPC\")": "/Game/Objects/Mechs/Flea/Model/Weapons/Weapon_Mech_FLE_Torso_Left_EH1_SNPPC.Weapon_Mech_FLE_Torso_Left_EH1_SNPPC_C",
				"(TagName=\"Weapon.Energy.ParticleCannon.LPPC\")": "/Game/Objects/Mechs/Flea/Model/Weapons/Weapon_Mech_FLE_Torso_Left_EH1_LPPC.Weapon_Mech_FLE_Torso_Left_EH1_LPPC_C",
				"(TagName=\"Weapon.Energy.Laser.Standard.Large\")": "/Game/Objects/Mechs/Flea/Model/Weapons/Weapon_Mech_FLE_Torso_Left_EH1_Laser.Weapon_Mech_FLE_Torso_Left_EH1_Laser_C",
				"(TagName=\"Weapon.Energy.Laser.ER.Large\")": "/Game/Objects/Mechs/Flea/Model/Weapons/Weapon_Mech_FLE_Torso_Left_EH1_Laser.Weapon_Mech_FLE_Torso_Left_EH1_Laser_C",
				"(TagName=\"Weapon.Energy.Laser.ER.Large.Clan\")": "/Game/Objects/Mechs/Flea/Model/Weapons/Weapon_Mech_FLE_Torso_Left_EH1_Laser.Weapon_Mech_FLE_Torso_Left_EH1_Laser_C",
				"(TagName=\"Weapon.Energy.Laser.Pulse.Large\")": "/Game/Objects/Mechs/Flea/Model/Weapons/Weapon_Mech_FLE_Torso_Left_EH1_Laser.Weapon_Mech_FLE_Torso_Left_EH1_Laser_C",
				"(TagName=\"Weapon.Energy.Laser.Standard.Medium\")": "/Game/Objects/Mechs/Flea/Model/Weapons/Weapon_Mech_FLE_Torso_Left_EH1_Laser.Weapon_Mech_FLE_Torso_Left_EH1_Laser_C",
				"(TagName=\"Weapon.Energy.Laser.ER.Medium.Clan\")": "/Game/Objects/Mechs/Flea/Model/Weapons/Weapon_Mech_FLE_Torso_Left_EH1_Laser.Weapon_Mech_FLE_Torso_Left_EH1_Laser_C",
				"(TagName=\"Weapon.Energy.Laser.Pulse.Medium\")": "/Game/Objects/Mechs/Flea/Model/Weapons/Weapon_Mech_FLE_Torso_Left_EH1_Laser.Weapon_Mech_FLE_Torso_Left_EH1_Laser_C",
				"(TagName=\"Weapon.Energy.Laser.Pulse.Medium.Clan\")": "/Game/Objects/Mechs/Flea/Model/Weapons/Weapon_Mech_FLE_Torso_Left_EH1_Laser.Weapon_Mech_FLE_Torso_Left_EH1_Laser_C",
				"(TagName=\"Weapon.Energy.Laser.Pulse.Small\")": "/Game/Objects/Mechs/Flea/Model/Weapons/Weapon_Mech_FLE_Torso_Left_EH1_Laser.Weapon_Mech_FLE_Torso_Left_EH1_Laser_C",
				"(TagName=\"Weapon.Energy.TAG\")": "/Game/Objects/Mechs/Flea/Model/Weapons/Weapon_Mech_FLE_Torso_Left_EH1_Laser.Weapon_Mech_FLE_Torso_Left_EH1_Laser_C",
				"(TagName=\"Weapon.Energy.Flamer\")": "/Game/Objects/Mechs/Flea/Model/Weapons/Weapon_Mech_FLE_Torso_Left_EH1_Flamer.Weapon_Mech_FLE_Torso_Left_EH1_Flamer_C",
				"(TagName=\"Weapon.Energy.ParticleCannon\")": "/Game/Objects/Mechs/Flea/Model/Weapons/Weapon_Mech_FLE_Torso_Left_EH1_SNPPC.Weapon_Mech_FLE_Torso_Left_EH1_SNPPC_C",
				"(TagName=\"Weapon\")": "/Game/Objects/Mechs/Flea/Model/Weapons/Weapon_Mech_FLE_Torso_Left_EH1_Laser.Weapon_Mech_FLE_Torso_Left_EH1_Laser_C",
				"()": "/Game/Objects/Mechs/Flea/Model/Weapons/Weapon_Mech_FLE_Torso_Left_GB1_Blank.Weapon_Mech_FLE_Torso_Left_GB1_Blank_C"
			}
		},
		{
			"hardpointSlotId": "Torso_Center_EH1_flamer",
			"mechSkeletonSocketId": "Torso_Weapon",
			"mechPart": "CenterTorso",
			"bHideOnPartDestruction": true,
			"slotTypeAssetId":
			{
				"id": "MWSlotTypeDataAsset:MediumLaser_SlotType"
			},
			"hardpointVisuals":
			{
				"(TagName=\"Weapon.Energy.Flamer\")": "/Game/Objects/Mechs/Flea/Model/Weapons/Weapon_Mech_FLE_Torso_Center_EH1_Flamer.Weapon_Mech_FLE_Torso_Center_EH1_Flamer_C",
				"(TagName=\"Weapon.Energy.ParticleCannon.SNPPC\")": "/Game/Objects/Mechs/Flea/Model/Weapons/Weapon_Mech_FLE_Torso_Center_EH1_SNPPC.Weapon_Mech_FLE_Torso_Center_EH1_SNPPC_C",
				"(TagName=\"Weapon.Energy.ParticleCannon.LPPC\")": "/Game/Objects/Mechs/Flea/Model/Weapons/Weapon_Mech_FLE_Torso_Center_EH1_LPPC.Weapon_Mech_FLE_Torso_Center_EH1_LPPC_C",
				"(TagName=\"Weapon.Energy.Laser.Standard.Large\")": "/Game/Objects/Mechs/Flea/Model/Weapons/Weapon_Mech_FLE_Torso_Center_EH1_Laser.Weapon_Mech_FLE_Torso_Center_EH1_Laser_C",
				"(TagName=\"Weapon.Energy.Laser.ER.Large\")": "/Game/Objects/Mechs/Flea/Model/Weapons/Weapon_Mech_FLE_Torso_Center_EH1_Laser.Weapon_Mech_FLE_Torso_Center_EH1_Laser_C",
				"(TagName=\"Weapon.Energy.Laser.ER.Large.Clan\")": "/Game/Objects/Mechs/Flea/Model/Weapons/Weapon_Mech_FLE_Torso_Center_EH1_Laser.Weapon_Mech_FLE_Torso_Center_EH1_Laser_C",
				"(TagName=\"Weapon.Energy.Laser.Pulse.Large\")": "/Game/Objects/Mechs/Flea/Model/Weapons/Weapon_Mech_FLE_Torso_Center_EH1_Laser.Weapon_Mech_FLE_Torso_Center_EH1_Laser_C",
				"(TagName=\"Weapon.Energy.Laser.Standard.Medium\")": "/Game/Objects/Mechs/Flea/Model/Weapons/Weapon_Mech_FLE_Torso_Center_EH1_Laser.Weapon_Mech_FLE_Torso_Center_EH1_Laser_C",
				"(TagName=\"Weapon.Energy.Laser.ER.Medium.Clan\")": "/Game/Objects/Mechs/Flea/Model/Weapons/Weapon_Mech_FLE_Torso_Center_EH1_Laser.Weapon_Mech_FLE_Torso_Center_EH1_Laser_C",
				"(TagName=\"Weapon.Energy.Laser.Pulse.Medium\")": "/Game/Objects/Mechs/Flea/Model/Weapons/Weapon_Mech_FLE_Torso_Center_EH1_Laser.Weapon_Mech_FLE_Torso_Center_EH1_Laser_C",
				"(TagName=\"Weapon.Energy.Laser.Pulse.Medium.Clan\")": "/Game/Objects/Mechs/Flea/Model/Weapons/Weapon_Mech_FLE_Torso_Center_EH1_Laser.Weapon_Mech_FLE_Torso_Center_EH1_Laser_C",
				"(TagName=\"Weapon.Energy.Laser.Standard.Small\")": "/Game/Objects/Mechs/Flea/Model/Weapons/Weapon_Mech_FLE_Torso_Center_EH1_Laser.Weapon_Mech_FLE_Torso_Center_EH1_Laser_C",
				"(TagName=\"Weapon.Energy.Laser.Pulse.Small\")": "/Game/Objects/Mechs/Flea/Model/Weapons/Weapon_Mech_FLE_Torso_Center_EH1_Laser.Weapon_Mech_FLE_Torso_Center_EH1_Laser_C",
				"(TagName=\"Weapon.Energy.TAG\")": "/Game/Objects/Mechs/Flea/Model/Weapons/Weapon_Mech_FLE_Torso_Center_EH1_Laser.Weapon_Mech_FLE_Torso_Center_EH1_Laser_C",
				"(TagName=\"Weapon.Energy.ParticleCannon\")": "/Game/Objects/Mechs/Flea/Model/Weapons/Weapon_Mech_FLE_Torso_Center_EH1_SNPPC.Weapon_Mech_FLE_Torso_Center_EH1_SNPPC_C",
				"(TagName=\"Weapon\")": "/Game/Objects/Mechs/Flea/Model/Weapons/Weapon_Mech_FLE_Torso_Center_EH1_Flamer.Weapon_Mech_FLE_Torso_Center_EH1_Flamer_C",
				"()": "/Game/Objects/Mechs/Flea/Model/Weapons/Weapon_Mech_FLE_Torso_Center_GB1_Blank.Weapon_Mech_FLE_Torso_Center_GB1_Blank_C"
			}
		},
		{
			"hardpointSlotId": "Torso_Right_EH1_smalllaser",
			"mechSkeletonSocketId": "Torso_Weapon",
			"mechPart": "RightTorso",
			"bHideOnPartDestruction": true,
			"slotTypeAssetId":
			{
				"id": "MWSlotTypeDataAsset:SmallLaser_SlotType"
			},
			"hardpointVisuals":
			{
				"(TagName=\"Weapon.Energy.Laser.Standard.Small\")": "/Game/Objects/Mechs/Flea/Model/Weapons/Weapon_Mech_FLE_Torso_Right_EH1_Laser.Weapon_Mech_FLE_Torso_Right_EH1_Laser_C",
				"(TagName=\"Weapon.Energy.ParticleCannon.HPPC\")": "/Game/Objects/Mechs/Flea/Model/Weapons/Weapon_Mech_FLE_Torso_Right_EH1_HPPC.Weapon_Mech_FLE_Torso_Right_EH1_HPPC_C",
				"(TagName=\"Weapon.Energy.ParticleCannon.PPC\")": "/Game/Objects/Mechs/Flea/Model/Weapons/Weapon_Mech_FLE_Torso_Right_EH1_PPC.Weapon_Mech_FLE_Torso_Right_EH1_PPC_C",
				"(TagName=\"Weapon.Energy.ParticleCannon.ERPPC\")": "/Game/Objects/Mechs/Flea/Model/Weapons/Weapon_Mech_FLE_Torso_Right_EH1_PPC.Weapon_Mech_FLE_Torso_Right_EH1_PPC_C",
				"(TagName=\"Weapon.Energy.ParticleCannon.SNPPC\")": "/Game/Objects/Mechs/Flea/Model/Weapons/Weapon_Mech_FLE_Torso_Right_EH1_SNPPC.Weapon_Mech_FLE_Torso_Right_EH1_SNPPC_C",
				"(TagName=\"Weapon.Energy.ParticleCannon.LPPC\")": "/Game/Objects/Mechs/Flea/Model/Weapons/Weapon_Mech_FLE_Torso_Right_EH1_LPPC.Weapon_Mech_FLE_Torso_Right_EH1_LPPC_C",
				"(TagName=\"Weapon.Energy.Laser.Standard.Large\")": "/Game/Objects/Mechs/Flea/Model/Weapons/Weapon_Mech_FLE_Torso_Right_EH1_Laser.Weapon_Mech_FLE_Torso_Right_EH1_Laser_C",
				"(TagName=\"Weapon.Energy.Laser.ER.Large\")": "/Game/Objects/Mechs/Flea/Model/Weapons/Weapon_Mech_FLE_Torso_Right_EH1_Laser.Weapon_Mech_FLE_Torso_Right_EH1_Laser_C",
				"(TagName=\"Weapon.Energy.Laser.ER.Large.Clan\")": "/Game/Objects/Mechs/Flea/Model/Weapons/Weapon_Mech_FLE_Torso_Right_EH1_Laser.Weapon_Mech_FLE_Torso_Right_EH1_Laser_C",
				"(TagName=\"Weapon.Energy.Laser.Pulse.Large\")": "/Game/Objects/Mechs/Flea/Model/Weapons/Weapon_Mech_FLE_Torso_Right_EH1_Laser.Weapon_Mech_FLE_Torso_Right_EH1_Laser_C",
				"(TagName=\"Weapon.Energy.Laser.Standard.Medium\")": "/Game/Objects/Mechs/Flea/Model/Weapons/Weapon_Mech_FLE_Torso_Right_EH1_Laser.Weapon_Mech_FLE_Torso_Right_EH1_Laser_C",
				"(TagName=\"Weapon.Energy.Laser.ER.Medium.Clan\")": "/Game/Objects/Mechs/Flea/Model/Weapons/Weapon_Mech_FLE_Torso_Right_EH1_Laser.Weapon_Mech_FLE_Torso_Right_EH1_Laser_C",
				"(TagName=\"Weapon.Energy.Laser.Pulse.Medium\")": "/Game/Objects/Mechs/Flea/Model/Weapons/Weapon_Mech_FLE_Torso_Right_EH1_Laser.Weapon_Mech_FLE_Torso_Right_EH1_Laser_C",
				"(TagName=\"Weapon.Energy.Laser.Pulse.Medium.Clan\")": "/Game/Objects/Mechs/Flea/Model/Weapons/Weapon_Mech_FLE_Torso_Right_EH1_Laser.Weapon_Mech_FLE_Torso_Right_EH1_Laser_C",
				"(TagName=\"Weapon.Energy.Laser.Pulse.Small\")": "/Game/Objects/Mechs/Flea/Model/Weapons/Weapon_Mech_FLE_Torso_Right_EH1_Laser.Weapon_Mech_FLE_Torso_Right_EH1_Laser_C",
				"(TagName=\"Weapon.Energy.TAG\")": "/Game/Objects/Mechs/Flea/Model/Weapons/Weapon_Mech_FLE_Torso_Right_EH1_Laser.Weapon_Mech_FLE_Torso_Right_EH1_Laser_C",
				"(TagName=\"Weapon.Energy.Flamer\")": "/Game/Objects/Mechs/Flea/Model/Weapons/Weapon_Mech_FLE_Torso_Right_EH1_Flamer.Weapon_Mech_FLE_Torso_Right_EH1_Flamer_C",
				"(TagName=\"Weapon.Energy.ParticleCannon\")": "/Game/Objects/Mechs/Flea/Model/Weapons/Weapon_Mech_FLE_Torso_Right_EH1_SNPPC.Weapon_Mech_FLE_Torso_Right_EH1_SNPPC_C",
				"(TagName=\"Weapon\")": "/Game/Objects/Mechs/Flea/Model/Weapons/Weapon_Mech_FLE_Torso_Right_EH1_Laser.Weapon_Mech_FLE_Torso_Right_EH1_Laser_C",
				"()": "/Game/Objects/Mechs/Flea/Model/Weapons/Weapon_Mech_FLE_Torso_Right_GB1_Blank.Weapon_Mech_FLE_Torso_Right_GB1_Blank_C"
			}
		},
		{
			"hardpointSlotId": "Forearm_Right_EH1_mediumlaser",
			"mechSkeletonSocketId": "Forearm_Right_Weapon",
			"mechPart": "RightArm",
			"bHideOnPartDestruction": true,
			"slotTypeAssetId":
			{
				"id": "MWSlotTypeDataAsset:MediumLaser_SlotType"
			},
			"hardpointVisuals":
			{
				"(TagName=\"Weapon.Energy.Laser.Standard.Medium\")": "/Game/Objects/Mechs/Flea/Model/Weapons/Weapon_Mech_FLE_Forearm_Right_EH1_Laser.Weapon_Mech_FLE_Forearm_Right_EH1_Laser_C",
				"(TagName=\"Weapon.Energy.ParticleCannon.HPPC\")": "/Game/Objects/Mechs/Flea/Model/Weapons/Weapon_Mech_FLE_Forearm_Right_EH1_HPPC.Weapon_Mech_FLE_Forearm_Right_EH1_HPPC_C",
				"(TagName=\"Weapon.Energy.ParticleCannon.PPC\")": "/Game/Objects/Mechs/Flea/Model/Weapons/Weapon_Mech_FLE_Forearm_Right_EH1_PPC.Weapon_Mech_FLE_Forearm_Right_EH1_PPC_C",
				"(TagName=\"Weapon.Energy.ParticleCannon.ERPPC\")": "/Game/Objects/Mechs/Flea/Model/Weapons/Weapon_Mech_FLE_Forearm_Right_EH1_PPC.Weapon_Mech_FLE_Forearm_Right_EH1_PPC_C",
				"(TagName=\"Weapon.Energy.ParticleCannon.SNPPC\")": "/Game/Objects/Mechs/Flea/Model/Weapons/Weapon_Mech_FLE_Forearm_Right_EH1_SNPPC.Weapon_Mech_FLE_Forearm_Right_EH1_SNPPC_C",
				"(TagName=\"Weapon.Energy.ParticleCannon.LPPC\")": "/Game/Objects/Mechs/Flea/Model/Weapons/Weapon_Mech_FLE_Forearm_Right_EH1_LPPC.Weapon_Mech_FLE_Forearm_Right_EH1_LPPC_C",
				"(TagName=\"Weapon.Energy.Laser.Standard.Large\")": "/Game/Objects/Mechs/Flea/Model/Weapons/Weapon_Mech_FLE_Forearm_Right_EH1_Laser.Weapon_Mech_FLE_Forearm_Right_EH1_Laser_C",
				"(TagName=\"Weapon.Energy.Laser.ER.Large\")": "/Game/Objects/Mechs/Flea/Model/Weapons/Weapon_Mech_FLE_Forearm_Right_EH1_Laser.Weapon_Mech_FLE_Forearm_Right_EH1_Laser_C",
				"(TagName=\"Weapon.Energy.Laser.ER.Large.Clan\")": "/Game/Objects/Mechs/Flea/Model/Weapons/Weapon_Mech_FLE_Forearm_Right_EH1_Laser.Weapon_Mech_FLE_Forearm_Right_EH1_Laser_C",
				"(TagName=\"Weapon.Energy.Laser.Pulse.Large\")": "/Game/Objects/Mechs/Flea/Model/Weapons/Weapon_Mech_FLE_Forearm_Right_EH1_Laser.Weapon_Mech_FLE_Forearm_Right_EH1_Laser_C",
				"(TagName=\"Weapon.Energy.Laser.ER.Medium.Clan\")": "/Game/Objects/Mechs/Flea/Model/Weapons/Weapon_Mech_FLE_Forearm_Right_EH1_Laser.Weapon_Mech_FLE_Forearm_Right_EH1_Laser_C",
				"(TagName=\"Weapon.Energy.Laser.Pulse.Medium\")": "/Game/Objects/Mechs/Flea/Model/Weapons/Weapon_Mech_FLE_Forearm_Right_EH1_Laser.Weapon_Mech_FLE_Forearm_Right_EH1_Laser_C",
				"(TagName=\"Weapon.Energy.Laser.Pulse.Medium.Clan\")": "/Game/Objects/Mechs/Flea/Model/Weapons/Weapon_Mech_FLE_Forearm_Right_EH1_Laser.Weapon_Mech_FLE_Forearm_Right_EH1_Laser_C",
				"(TagName=\"Weapon.Energy.Laser.Standard.Small\")": "/Game/Objects/Mechs/Flea/Model/Weapons/Weapon_Mech_FLE_Forearm_Right_EH1_Laser.Weapon_Mech_FLE_Forearm_Right_EH1_Laser_C",
				"(TagName=\"Weapon.Energy.Laser.Pulse.Small\")": "/Game/Objects/Mechs/Flea/Model/Weapons/Weapon_Mech_FLE_Forearm_Right_EH1_Laser.Weapon_Mech_FLE_Forearm_Right_EH1_Laser_C",
				"(TagName=\"Weapon.Energy.TAG\")": "/Game/Objects/Mechs/Flea/Model/Weapons/Weapon_Mech_FLE_Forearm_Right_EH1_Laser.Weapon_Mech_FLE_Forearm_Right_EH1_Laser_C",
				"(TagName=\"Weapon.Energy.Flamer\")": "/Game/Objects/Mechs/Flea/Model/Weapons/Weapon_Mech_FLE_Forearm_Right_EH1_Flamer.Weapon_Mech_FLE_Forearm_Right_EH1_Flamer_C",
				"(TagName=\"Weapon.Energy.ParticleCannon\")": "/Game/Objects/Mechs/Flea/Model/Weapons/Weapon_Mech_FLE_Forearm_Right_EH1_SNPPC.Weapon_Mech_FLE_Forearm_Right_EH1_SNPPC_C",
				"(TagName=\"Weapon\")": "/Game/Objects/Mechs/Flea/Model/Weapons/Weapon_Mech_FLE_Forearm_Right_EH1_Laser.Weapon_Mech_FLE_Forearm_Right_EH1_Laser_C",
				"()": "None"
			}
		},
		{
			"hardpointSlotId": "Forearm_Right_EH2_mediumlaser",
			"mechSkeletonSocketId": "Forearm_Right_Weapon",
			"mechPart": "RightArm",
			"bHideOnPartDestruction": true,
			"slotTypeAssetId":
			{
				"id": "MWSlotTypeDataAsset:MediumLaser_SlotType"
			},
			"hardpointVisuals":
			{
				"(TagName=\"Weapon.Energy.Laser.Standard.Medium\")": "/Game/Objects/Mechs/Flea/Model/Weapons/Weapon_Mech_FLE_Forearm_Right_EH2_Laser.Weapon_Mech_FLE_Forearm_Right_EH2_Laser_C",
				"(TagName=\"Weapon.Energy.ParticleCannon.HPPC\")": "/Game/Objects/Mechs/Flea/Model/Weapons/Weapon_Mech_FLE_Forearm_Right_EH2_HPPC.Weapon_Mech_FLE_Forearm_Right_EH2_HPPC_C",
				"(TagName=\"Weapon.Energy.ParticleCannon.PPC\")": "/Game/Objects/Mechs/Flea/Model/Weapons/Weapon_Mech_FLE_Forearm_Right_EH2_PPC.Weapon_Mech_FLE_Forearm_Right_EH2_PPC_C",
				"(TagName=\"Weapon.Energy.ParticleCannon.ERPPC\")": "/Game/Objects/Mechs/Flea/Model/Weapons/Weapon_Mech_FLE_Forearm_Right_EH2_PPC.Weapon_Mech_FLE_Forearm_Right_EH2_PPC_C",
				"(TagName=\"Weapon.Energy.ParticleCannon.SNPPC\")": "/Game/Objects/Mechs/Flea/Model/Weapons/Weapon_Mech_FLE_Forearm_Right_EH2_SNPPC.Weapon_Mech_FLE_Forearm_Right_EH2_SNPPC_C",
				"(TagName=\"Weapon.Energy.ParticleCannon.LPPC\")": "/Game/Objects/Mechs/Flea/Model/Weapons/Weapon_Mech_FLE_Forearm_Right_EH2_LPPC.Weapon_Mech_FLE_Forearm_Right_EH2_LPPC_C",
				"(TagName=\"Weapon.Energy.Laser.Standard.Large\")": "/Game/Objects/Mechs/Flea/Model/Weapons/Weapon_Mech_FLE_Forearm_Right_EH2_Laser.Weapon_Mech_FLE_Forearm_Right_EH2_Laser_C",
				"(TagName=\"Weapon.Energy.Laser.ER.Large\")": "/Game/Objects/Mechs/Flea/Model/Weapons/Weapon_Mech_FLE_Forearm_Right_EH2_Laser.Weapon_Mech_FLE_Forearm_Right_EH2_Laser_C",
				"(TagName=\"Weapon.Energy.Laser.ER.Large.Clan\")": "/Game/Objects/Mechs/Flea/Model/Weapons/Weapon_Mech_FLE_Forearm_Right_EH2_Laser.Weapon_Mech_FLE_Forearm_Right_EH2_Laser_C",
				"(TagName=\"Weapon.Energy.Laser.Pulse.Large\")": "/Game/Objects/Mechs/Flea/Model/Weapons/Weapon_Mech_FLE_Forearm_Right_EH2_Laser.Weapon_Mech_FLE_Forearm_Right_EH2_Laser_C",
				"(TagName=\"Weapon.Energy.Laser.ER.Medium.Clan\")": "/Game/Objects/Mechs/Flea/Model/Weapons/Weapon_Mech_FLE_Forearm_Right_EH2_Laser.Weapon_Mech_FLE_Forearm_Right_EH2_Laser_C",
				"(TagName=\"Weapon.Energy.Laser.Pulse.Medium\")": "/Game/Objects/Mechs/Flea/Model/Weapons/Weapon_Mech_FLE_Forearm_Right_EH2_Laser.Weapon_Mech_FLE_Forearm_Right_EH2_Laser_C",
				"(TagName=\"Weapon.Energy.Laser.Pulse.Medium.Clan\")": "/Game/Objects/Mechs/Flea/Model/Weapons/Weapon_Mech_FLE_Forearm_Right_EH2_Laser.Weapon_Mech_FLE_Forearm_Right_EH2_Laser_C",
				"(TagName=\"Weapon.Energy.Laser.Standard.Small\")": "/Game/Objects/Mechs/Flea/Model/Weapons/Weapon_Mech_FLE_Forearm_Right_EH2_Laser.Weapon_Mech_FLE_Forearm_Right_EH2_Laser_C",
				"(TagName=\"Weapon.Energy.Laser.Pulse.Small\")": "/Game/Objects/Mechs/Flea/Model/Weapons/Weapon_Mech_FLE_Forearm_Right_EH2_Laser.Weapon_Mech_FLE_Forearm_Right_EH2_Laser_C",
				"(TagName=\"Weapon.Energy.TAG\")": "/Game/Objects/Mechs/Flea/Model/Weapons/Weapon_Mech_FLE_Forearm_Right_EH2_Laser.Weapon_Mech_FLE_Forearm_Right_EH2_Laser_C",
				"(TagName=\"Weapon.Energy.Flamer\")": "/Game/Objects/Mechs/Flea/Model/Weapons/Weapon_Mech_FLE_Forearm_Right_EH2_Flamer.Weapon_Mech_FLE_Forearm_Right_EH2_Flamer_C",
				"(TagName=\"Weapon.Energy.ParticleCannon\")": "/Game/Objects/Mechs/Flea/Model/Weapons/Weapon_Mech_FLE_Forearm_Right_EH2_SNPPC.Weapon_Mech_FLE_Forearm_Right_EH2_SNPPC_C",
				"(TagName=\"Weapon\")": "/Game/Objects/Mechs/Flea/Model/Weapons/Weapon_Mech_FLE_Forearm_Right_EH2_Laser.Weapon_Mech_FLE_Forearm_Right_EH2_Laser_C",
				"()": "/Game/Objects/Mechs/Flea/Model/Weapons/Weapon_Mech_FLE_Forearm_Right_GB1_Blank.Weapon_Mech_FLE_Forearm_Right_GB1_Blank_C"
			}
		},
		{
			"hardpointSlotId": "Forearm_Right_BH1_machinegun",
			"mechSkeletonSocketId": "Forearm_Right_Weapon",
			"mechPart": "RightArm",
			"bHideOnPartDestruction": true,
			"slotTypeAssetId":
			{
				"id": "MWSlotTypeDataAsset:MachineGun_SlotType"
			},
			"hardpointVisuals":
			{
				"(TagName=\"Weapon.Ballistic.MG.MachineGun\")": "/Game/Objects/Mechs/Flea/Model/Weapons/Weapon_Mech_FLE_Forearm_Right_BH1_MG.Weapon_Mech_FLE_Forearm_Right_BH1_MG_C",
				"(TagName=\"Weapon.Ballistic.AutoCannon.Ultra.AC10\")": "/Game/Objects/Mechs/Flea/Model/Weapons/Weapon_Mech_FLE_Forearm_Right_BH1_UAC10.Weapon_Mech_FLE_Forearm_Right_BH1_UAC10_C",
				"(TagName=\"Weapon.Ballistic.AutoCannon.Standard.AC10\")": "/Game/Objects/Mechs/Flea/Model/Weapons/Weapon_Mech_FLE_Forearm_Right_BH1_AC10.Weapon_Mech_FLE_Forearm_Right_BH1_AC10_C",
				"(TagName=\"Weapon.Ballistic.AutoCannon.LBX.LBX10\")": "/Game/Objects/Mechs/Flea/Model/Weapons/Weapon_Mech_FLE_Forearm_Right_BH1_LBX10.Weapon_Mech_FLE_Forearm_Right_BH1_LBX10_C",
				"(TagName=\"Weapon.Ballistic.AutoCannon.Rotary.RAC5\")": "/Game/Objects/Mechs/Flea/Model/Weapons/Weapon_Mech_FLE_Forearm_Right_BH1_RAC5.Weapon_Mech_FLE_Forearm_Right_BH1_RAC5_C",
				"(TagName=\"Weapon.Ballistic.GaussRifle.LightGauss\")": "/Game/Objects/Mechs/Flea/Model/Weapons/Weapon_Mech_FLE_Forearm_Right_BH1_Lgauss.Weapon_Mech_FLE_Forearm_Right_BH1_Lgauss_C",
				"(TagName=\"Weapon.Ballistic.AutoCannon.Ultra.AC5\")": "/Game/Objects/Mechs/Flea/Model/Weapons/Weapon_Mech_FLE_Forearm_Right_BH1_UAC5.Weapon_Mech_FLE_Forearm_Right_BH1_UAC5_C",
				"(TagName=\"Weapon.Ballistic.AutoCannon.LBX.LBX5\")": "/Game/Objects/Mechs/Flea/Model/Weapons/Weapon_Mech_FLE_Forearm_Right_BH1_LBX5.Weapon_Mech_FLE_Forearm_Right_BH1_LBX5_C",
				"(TagName=\"Weapon.Ballistic.AutoCannon.Standard.AC5\")": "/Game/Objects/Mechs/Flea/Model/Weapons/Weapon_Mech_FLE_Forearm_Right_BH1_AC5.Weapon_Mech_FLE_Forearm_Right_BH1_AC5_C",
				"(TagName=\"Weapon.Ballistic.AutoCannon.LBX.LBX2\")": "/Game/Objects/Mechs/Flea/Model/Weapons/Weapon_Mech_FLE_Forearm_Right_BH1_LBX2.Weapon_Mech_FLE_Forearm_Right_BH1_LBX2_C",
				"(TagName=\"Weapon.Ballistic.AutoCannon.Rotary.RAC2\")": "/Game/Objects/Mechs/Flea/Model/Weapons/Weapon_Mech_FLE_Forearm_Right_BH1_RAC2.Weapon_Mech_FLE_Forearm_Right_BH1_RAC2_C",
				"(TagName=\"Weapon.Ballistic.AutoCannon.Ultra.AC2\")": "/Game/Objects/Mechs/Flea/Model/Weapons/Weapon_Mech_FLE_Forearm_Right_BH1_UAC2.Weapon_Mech_FLE_Forearm_Right_BH1_UAC2_C",
				"(TagName=\"Weapon.Ballistic.AutoCannon.Standard.AC2\")": "/Game/Objects/Mechs/Flea/Model/Weapons/Weapon_Mech_FLE_Forearm_Right_BH1_AC2.Weapon_Mech_FLE_Forearm_Right_BH1_AC2_C",
				"(TagName=\"Weapon.Ballistic.MG.HeavyMachineGun\")": "/Game/Objects/Mechs/Flea/Model/Weapons/Weapon_Mech_FLE_Forearm_Right_BH1_HMG.Weapon_Mech_FLE_Forearm_Right_BH1_HMG_C",
				"(TagName=\"Weapon.Ballistic.MG.LightMachineGun\")": "/Game/Objects/Mechs/Flea/Model/Weapons/Weapon_Mech_FLE_Forearm_Right_BH1_LMG.Weapon_Mech_FLE_Forearm_Right_BH1_LMG_C",
				"(TagName=\"Weapon\")": "/Game/Objects/Mechs/Flea/Model/Weapons/Weapon_Mech_FLE_Forearm_Right_BH1_MG.Weapon_Mech_FLE_Forearm_Right_BH1_MG_C",
				"()": "/Game/Objects/Mechs/Flea/Model/Weapons/Weapon_Mech_FLE_Forearm_Right_GB1_Blank.Weapon_Mech_FLE_Forearm_Right_GB1_Blank_C"
			}
		},
		{
			"hardpointSlotId": "Forearm_Right_BH2_machinegun",
			"mechSkeletonSocketId": "Forearm_Right_Weapon",
			"mechPart": "RightArm",
			"bHideOnPartDestruction": true,
			"slotTypeAssetId":
			{
				"id": "MWSlotTypeDataAsset:MachineGun_SlotType"
			},
			"hardpointVisuals":
			{
				"(TagName=\"Weapon.Ballistic.MG.MachineGun\")": "/Game/Objects/Mechs/Flea/Model/Weapons/Weapon_Mech_FLE_Forearm_Right_BH2_MG.Weapon_Mech_FLE_Forearm_Right_BH2_MG_C",
				"(TagName=\"Weapon.Ballistic.AutoCannon.Ultra.AC10\")": "/Game/Objects/Mechs/Flea/Model/Weapons/Weapon_Mech_FLE_Forearm_Right_BH2_UAC10.Weapon_Mech_FLE_Forearm_Right_BH2_UAC10_C",
				"(TagName=\"Weapon.Ballistic.AutoCannon.Standard.AC10\")": "/Game/Objects/Mechs/Flea/Model/Weapons/Weapon_Mech_FLE_Forearm_Right_BH2_AC10.Weapon_Mech_FLE_Forearm_Right_BH2_AC10_C",
				"(TagName=\"Weapon.Ballistic.AutoCannon.LBX.LBX10\")": "/Game/Objects/Mechs/Flea/Model/Weapons/Weapon_Mech_FLE_Forearm_Right_BH2_LBX10.Weapon_Mech_FLE_Forearm_Right_BH2_LBX10_C",
				"(TagName=\"Weapon.Ballistic.AutoCannon.Rotary.RAC5\")": "/Game/Objects/Mechs/Flea/Model/Weapons/Weapon_Mech_FLE_Forearm_Right_BH2_RAC5.Weapon_Mech_FLE_Forearm_Right_BH2_RAC5_C",
				"(TagName=\"Weapon.Ballistic.GaussRifle.LightGauss\")": "/Game/Objects/Mechs/Flea/Model/Weapons/Weapon_Mech_FLE_Forearm_Right_BH2_Lgauss.Weapon_Mech_FLE_Forearm_Right_BH2_Lgauss_C",
				"(TagName=\"Weapon.Ballistic.AutoCannon.Ultra.AC5\")": "/Game/Objects/Mechs/Flea/Model/Weapons/Weapon_Mech_FLE_Forearm_Right_BH2_UAC5.Weapon_Mech_FLE_Forearm_Right_BH2_UAC5_C",
				"(TagName=\"Weapon.Ballistic.AutoCannon.LBX.LBX5\")": "/Game/Objects/Mechs/Flea/Model/Weapons/Weapon_Mech_FLE_Forearm_Right_BH2_LBX5.Weapon_Mech_FLE_Forearm_Right_BH2_LBX5_C",
				"(TagName=\"Weapon.Ballistic.AutoCannon.Standard.AC5\")": "/Game/Objects/Mechs/Flea/Model/Weapons/Weapon_Mech_FLE_Forearm_Right_BH2_AC5.Weapon_Mech_FLE_Forearm_Right_BH2_AC5_C",
				"(TagName=\"Weapon.Ballistic.AutoCannon.LBX.LBX2\")": "/Game/Objects/Mechs/Flea/Model/Weapons/Weapon_Mech_FLE_Forearm_Right_BH2_LBX2.Weapon_Mech_FLE_Forearm_Right_BH2_LBX2_C",
				"(TagName=\"Weapon.Ballistic.AutoCannon.Rotary.RAC2\")": "/Game/Objects/Mechs/Flea/Model/Weapons/Weapon_Mech_FLE_Forearm_Right_BH2_RAC2.Weapon_Mech_FLE_Forearm_Right_BH2_RAC2_C",
				"(TagName=\"Weapon.Ballistic.AutoCannon.Ultra.AC2\")": "/Game/Objects/Mechs/Flea/Model/Weapons/Weapon_Mech_FLE_Forearm_Right_BH2_UAC2.Weapon_Mech_FLE_Forearm_Right_BH2_UAC2_C",
				"(TagName=\"Weapon.Ballistic.AutoCannon.Standard.AC2\")": "/Game/Objects/Mechs/Flea/Model/Weapons/Weapon_Mech_FLE_Forearm_Right_BH2_AC2.Weapon_Mech_FLE_Forearm_Right_BH2_AC2_C",
				"(TagName=\"Weapon.Ballistic.MG.HeavyMachineGun\")": "/Game/Objects/Mechs/Flea/Model/Weapons/Weapon_Mech_FLE_Forearm_Right_BH2_HMG.Weapon_Mech_FLE_Forearm_Right_BH2_HMG_C",
				"(TagName=\"Weapon.Ballistic.MG.LightMachineGun\")": "/Game/Objects/Mechs/Flea/Model/Weapons/Weapon_Mech_FLE_Forearm_Right_BH2_LMG.Weapon_Mech_FLE_Forearm_Right_BH2_LMG_C",
				"(TagName=\"Weapon\")": "/Game/Objects/Mechs/Flea/Model/Weapons/Weapon_Mech_FLE_Forearm_Right_BH2_MG.Weapon_Mech_FLE_Forearm_Right_BH2_MG_C",
				"()": "None"
			}
		},
		{
			"hardpointSlotId": "Forearm_Right_BH3_machinegun",
			"mechSkeletonSocketId": "Forearm_Right_Weapon",
			"mechPart": "RightArm",
			"bHideOnPartDestruction": true,
			"slotTypeAssetId":
			{
				"id": "MWSlotTypeDataAsset:MachineGun_SlotType"
			},
			"hardpointVisuals":
			{
				"(TagName=\"Weapon.Ballistic.MG.MachineGun\")": "/Game/Objects/Mechs/Flea/Model/Weapons/Weapon_Mech_FLE_Forearm_Right_BH3_MG.Weapon_Mech_FLE_Forearm_Right_BH3_MG_C",
				"(TagName=\"Weapon.Ballistic.AutoCannon.Ultra.AC10\")": "/Game/Objects/Mechs/Flea/Model/Weapons/Weapon_Mech_FLE_Forearm_Right_BH3_UAC10.Weapon_Mech_FLE_Forearm_Right_BH3_UAC10_C",
				"(TagName=\"Weapon.Ballistic.AutoCannon.Standard.AC10\")": "/Game/Objects/Mechs/Flea/Model/Weapons/Weapon_Mech_FLE_Forearm_Right_BH3_AC10.Weapon_Mech_FLE_Forearm_Right_BH3_AC10_C",
				"(TagName=\"Weapon.Ballistic.AutoCannon.LBX.LBX10\")": "/Game/Objects/Mechs/Flea/Model/Weapons/Weapon_Mech_FLE_Forearm_Right_BH3_LBX10.Weapon_Mech_FLE_Forearm_Right_BH3_LBX10_C",
				"(TagName=\"Weapon.Ballistic.AutoCannon.Rotary.RAC5\")": "/Game/Objects/Mechs/Flea/Model/Weapons/Weapon_Mech_FLE_Forearm_Right_BH3_RAC5.Weapon_Mech_FLE_Forearm_Right_BH3_RAC5_C",
				"(TagName=\"Weapon.Ballistic.GaussRifle.LightGauss\")": "/Game/Objects/Mechs/Flea/Model/Weapons/Weapon_Mech_FLE_Forearm_Right_BH3_Lgauss.Weapon_Mech_FLE_Forearm_Right_BH3_Lgauss_C",
				"(TagName=\"Weapon.Ballistic.AutoCannon.Ultra.AC5\")": "/Game/Objects/Mechs/Flea/Model/Weapons/Weapon_Mech_FLE_Forearm_Right_BH3_UAC5.Weapon_Mech_FLE_Forearm_Right_BH3_UAC5_C",
				"(TagName=\"Weapon.Ballistic.AutoCannon.LBX.LBX5\")": "/Game/Objects/Mechs/Flea/Model/Weapons/Weapon_Mech_FLE_Forearm_Right_BH3_LBX5.Weapon_Mech_FLE_Forearm_Right_BH3_LBX5_C",
				"(TagName=\"Weapon.Ballistic.AutoCannon.Standard.AC5\")": "/Game/Objects/Mechs/Flea/Model/Weapons/Weapon_Mech_FLE_Forearm_Right_BH3_AC5.Weapon_Mech_FLE_Forearm_Right_BH3_AC5_C",
				"(TagName=\"Weapon.Ballistic.AutoCannon.LBX.LBX2\")": "/Game/Objects/Mechs/Flea/Model/Weapons/Weapon_Mech_FLE_Forearm_Right_BH3_LBX2.Weapon_Mech_FLE_Forearm_Right_BH3_LBX2_C",
				"(TagName=\"Weapon.Ballistic.AutoCannon.Rotary.RAC2\")": "/Game/Objects/Mechs/Flea/Model/Weapons/Weapon_Mech_FLE_Forearm_Right_BH3_RAC2.Weapon_Mech_FLE_Forearm_Right_BH3_RAC2_C",
				"(TagName=\"Weapon.Ballistic.AutoCannon.Ultra.AC2\")": "/Game/Objects/Mechs/Flea/Model/Weapons/Weapon_Mech_FLE_Forearm_Right_BH3_UAC2.Weapon_Mech_FLE_Forearm_Right_BH3_UAC2_C",
				"(TagName=\"Weapon.Ballistic.AutoCannon.Standard.AC2\")": "/Game/Objects/Mechs/Flea/Model/Weapons/Weapon_Mech_FLE_Forearm_Right_BH3_AC2.Weapon_Mech_FLE_Forearm_Right_BH3_AC2_C",
				"(TagName=\"Weapon.Ballistic.MG.HeavyMachineGun\")": "/Game/Objects/Mechs/Flea/Model/Weapons/Weapon_Mech_FLE_Forearm_Right_BH3_HMG.Weapon_Mech_FLE_Forearm_Right_BH3_HMG_C",
				"(TagName=\"Weapon.Ballistic.MG.LightMachineGun\")": "/Game/Objects/Mechs/Flea/Model/Weapons/Weapon_Mech_FLE_Forearm_Right_BH3_LMG.Weapon_Mech_FLE_Forearm_Right_BH3_LMG_C",
				"(TagName=\"Weapon\")": "/Game/Objects/Mechs/Flea/Model/Weapons/Weapon_Mech_FLE_Forearm_Right_BH3_MG.Weapon_Mech_FLE_Forearm_Right_BH3_MG_C",
				"()": "None"
			}
		},
		{
			"hardpointSlotId": "Forearm_Right_BH4_machinegun",
			"mechSkeletonSocketId": "Forearm_Right_Weapon",
			"mechPart": "RightArm",
			"bHideOnPartDestruction": true,
			"slotTypeAssetId":
			{
				"id": "MWSlotTypeDataAsset:MachineGun_SlotType"
			},
			"hardpointVisuals":
			{
				"(TagName=\"Weapon.Ballistic.MG.MachineGun\")": "/Game/Objects/Mechs/Flea/Model/Weapons/Weapon_Mech_FLE_Forearm_Right_BH4_MG.Weapon_Mech_FLE_Forearm_Right_BH4_MG_C",
				"(TagName=\"Weapon.Ballistic.AutoCannon.Ultra.AC10\")": "/Game/Objects/Mechs/Flea/Model/Weapons/Weapon_Mech_FLE_Forearm_Right_BH4_UAC10.Weapon_Mech_FLE_Forearm_Right_BH4_UAC10_C",
				"(TagName=\"Weapon.Ballistic.AutoCannon.Standard.AC10\")": "/Game/Objects/Mechs/Flea/Model/Weapons/Weapon_Mech_FLE_Forearm_Right_BH4_AC10.Weapon_Mech_FLE_Forearm_Right_BH4_AC10_C",
				"(TagName=\"Weapon.Ballistic.AutoCannon.LBX.LBX10\")": "/Game/Objects/Mechs/Flea/Model/Weapons/Weapon_Mech_FLE_Forearm_Right_BH4_LBX10.Weapon_Mech_FLE_Forearm_Right_BH4_LBX10_C",
				"(TagName=\"Weapon.Ballistic.AutoCannon.Rotary.RAC5\")": "/Game/Objects/Mechs/Flea/Model/Weapons/Weapon_Mech_FLE_Forearm_Right_BH4_RAC5.Weapon_Mech_FLE_Forearm_Right_BH4_RAC5_C",
				"(TagName=\"Weapon.Ballistic.GaussRifle.LightGauss\")": "/Game/Objects/Mechs/Flea/Model/Weapons/Weapon_Mech_FLE_Forearm_Right_BH4_Lgauss.Weapon_Mech_FLE_Forearm_Right_BH4_Lgauss_C",
				"(TagName=\"Weapon.Ballistic.AutoCannon.Ultra.AC5\")": "/Game/Objects/Mechs/Flea/Model/Weapons/Weapon_Mech_FLE_Forearm_Right_BH4_UAC5.Weapon_Mech_FLE_Forearm_Right_BH4_UAC5_C",
				"(TagName=\"Weapon.Ballistic.AutoCannon.LBX.LBX5\")": "/Game/Objects/Mechs/Flea/Model/Weapons/Weapon_Mech_FLE_Forearm_Right_BH4_LBX5.Weapon_Mech_FLE_Forearm_Right_BH4_LBX5_C",
				"(TagName=\"Weapon.Ballistic.AutoCannon.Standard.AC5\")": "/Game/Objects/Mechs/Flea/Model/Weapons/Weapon_Mech_FLE_Forearm_Right_BH4_AC5.Weapon_Mech_FLE_Forearm_Right_BH4_AC5_C",
				"(TagName=\"Weapon.Ballistic.AutoCannon.LBX.LBX2\")": "/Game/Objects/Mechs/Flea/Model/Weapons/Weapon_Mech_FLE_Forearm_Right_BH4_LBX2.Weapon_Mech_FLE_Forearm_Right_BH4_LBX2_C",
				"(TagName=\"Weapon.Ballistic.AutoCannon.Rotary.RAC2\")": "/Game/Objects/Mechs/Flea/Model/Weapons/Weapon_Mech_FLE_Forearm_Right_BH4_RAC2.Weapon_Mech_FLE_Forearm_Right_BH4_RAC2_C",
				"(TagName=\"Weapon.Ballistic.AutoCannon.Ultra.AC2\")": "/Game/Objects/Mechs/Flea/Model/Weapons/Weapon_Mech_FLE_Forearm_Right_BH4_UAC2.Weapon_Mech_FLE_Forearm_Right_BH4_UAC2_C",
				"(TagName=\"Weapon.Ballistic.AutoCannon.Standard.AC2\")": "/Game/Objects/Mechs/Flea/Model/Weapons/Weapon_Mech_FLE_Forearm_Right_BH4_AC2.Weapon_Mech_FLE_Forearm_Right_BH4_AC2_C",
				"(TagName=\"Weapon.Ballistic.MG.HeavyMachineGun\")": "/Game/Objects/Mechs/Flea/Model/Weapons/Weapon_Mech_FLE_Forearm_Right_BH4_HMG.Weapon_Mech_FLE_Forearm_Right_BH4_HMG_C",
				"(TagName=\"Weapon.Ballistic.MG.LightMachineGun\")": "/Game/Objects/Mechs/Flea/Model/Weapons/Weapon_Mech_FLE_Forearm_Right_BH4_LMG.Weapon_Mech_FLE_Forearm_Right_BH4_LMG_C",
				"(TagName=\"Weapon\")": "/Game/Objects/Mechs/Flea/Model/Weapons/Weapon_Mech_FLE_Forearm_Right_BH4_MG.Weapon_Mech_FLE_Forearm_Right_BH4_MG_C",
				"()": "None"
			}
		},
		{
			"hardpointSlotId": "Forearm_Left_EH1_mediumlaser",
			"mechSkeletonSocketId": "Forearm_Left_Weapon",
			"mechPart": "LeftArm",
			"bHideOnPartDestruction": true,
			"slotTypeAssetId":
			{
				"id": "MWSlotTypeDataAsset:MediumLaser_SlotType"
			},
			"hardpointVisuals":
			{
				"(TagName=\"Weapon.Energy.Laser.Standard.Medium\")": "/Game/Objects/Mechs/Flea/Model/Weapons/Weapon_Mech_FLE_Forearm_Left_EH1_Laser.Weapon_Mech_FLE_Forearm_Left_EH1_Laser_C",
				"(TagName=\"Weapon.Energy.ParticleCannon.HPPC\")": "/Game/Objects/Mechs/Flea/Model/Weapons/Weapon_Mech_FLE_Forearm_Left_EH1_HPPC.Weapon_Mech_FLE_Forearm_Left_EH1_HPPC_C",
				"(TagName=\"Weapon.Energy.ParticleCannon.PPC\")": "/Game/Objects/Mechs/Flea/Model/Weapons/Weapon_Mech_FLE_Forearm_Left_EH1_PPC.Weapon_Mech_FLE_Forearm_Left_EH1_PPC_C",
				"(TagName=\"Weapon.Energy.ParticleCannon.ERPPC\")": "/Game/Objects/Mechs/Flea/Model/Weapons/Weapon_Mech_FLE_Forearm_Left_EH1_PPC.Weapon_Mech_FLE_Forearm_Left_EH1_PPC_C",
				"(TagName=\"Weapon.Energy.ParticleCannon.SNPPC\")": "/Game/Objects/Mechs/Flea/Model/Weapons/Weapon_Mech_FLE_Forearm_Left_EH1_SNPPC.Weapon_Mech_FLE_Forearm_Left_EH1_SNPPC_C",
				"(TagName=\"Weapon.Energy.ParticleCannon.LPPC\")": "/Game/Objects/Mechs/Flea/Model/Weapons/Weapon_Mech_FLE_Forearm_Left_EH1_LPPC.Weapon_Mech_FLE_Forearm_Left_EH1_LPPC_C",
				"(TagName=\"Weapon.Energy.Laser.Standard.Large\")": "/Game/Objects/Mechs/Flea/Model/Weapons/Weapon_Mech_FLE_Forearm_Left_EH1_Laser.Weapon_Mech_FLE_Forearm_Left_EH1_Laser_C",
				"(TagName=\"Weapon.Energy.Laser.ER.Large\")": "/Game/Objects/Mechs/Flea/Model/Weapons/Weapon_Mech_FLE_Forearm_Left_EH1_Laser.Weapon_Mech_FLE_Forearm_Left_EH1_Laser_C",
				"(TagName=\"Weapon.Energy.Laser.ER.Large.Clan\")": "/Game/Objects/Mechs/Flea/Model/Weapons/Weapon_Mech_FLE_Forearm_Left_EH1_Laser.Weapon_Mech_FLE_Forearm_Left_EH1_Laser_C",
				"(TagName=\"Weapon.Energy.Laser.Pulse.Large\")": "/Game/Objects/Mechs/Flea/Model/Weapons/Weapon_Mech_FLE_Forearm_Left_EH1_Laser.Weapon_Mech_FLE_Forearm_Left_EH1_Laser_C",
				"(TagName=\"Weapon.Energy.Laser.ER.Medium.Clan\")": "/Game/Objects/Mechs/Flea/Model/Weapons/Weapon_Mech_FLE_Forearm_Left_EH1_Laser.Weapon_Mech_FLE_Forearm_Left_EH1_Laser_C",
				"(TagName=\"Weapon.Energy.Laser.Pulse.Medium\")": "/Game/Objects/Mechs/Flea/Model/Weapons/Weapon_Mech_FLE_Forearm_Left_EH1_Laser.Weapon_Mech_FLE_Forearm_Left_EH1_Laser_C",
				"(TagName=\"Weapon.Energy.Laser.Pulse.Medium.Clan\")": "/Game/Objects/Mechs/Flea/Model/Weapons/Weapon_Mech_FLE_Forearm_Left_EH1_Laser.Weapon_Mech_FLE_Forearm_Left_EH1_Laser_C",
				"(TagName=\"Weapon.Energy.Laser.Standard.Small\")": "/Game/Objects/Mechs/Flea/Model/Weapons/Weapon_Mech_FLE_Forearm_Left_EH1_Laser.Weapon_Mech_FLE_Forearm_Left_EH1_Laser_C",
				"(TagName=\"Weapon.Energy.Laser.Pulse.Small\")": "/Game/Objects/Mechs/Flea/Model/Weapons/Weapon_Mech_FLE_Forearm_Left_EH1_Laser.Weapon_Mech_FLE_Forearm_Left_EH1_Laser_C",
				"(TagName=\"Weapon.Energy.TAG\")": "/Game/Objects/Mechs/Flea/Model/Weapons/Weapon_Mech_FLE_Forearm_Left_EH1_Laser.Weapon_Mech_FLE_Forearm_Left_EH1_Laser_C",
				"(TagName=\"Weapon.Energy.Flamer\")": "/Game/Objects/Mechs/Flea/Model/Weapons/Weapon_Mech_FLE_Forearm_Left_EH1_Flamer.Weapon_Mech_FLE_Forearm_Left_EH1_Flamer_C",
				"(TagName=\"Weapon.Energy.ParticleCannon\")": "/Game/Objects/Mechs/Flea/Model/Weapons/Weapon_Mech_FLE_Forearm_Left_EH1_SNPPC.Weapon_Mech_FLE_Forearm_Left_EH1_SNPPC_C",
				"(TagName=\"Weapon\")": "/Game/Objects/Mechs/Flea/Model/Weapons/Weapon_Mech_FLE_Forearm_Left_EH1_Laser.Weapon_Mech_FLE_Forearm_Left_EH1_Laser_C",
				"()": "None"
			}
		},
		{
			"hardpointSlotId": "Forearm_Left_EH2_mediumlaser",
			"mechSkeletonSocketId": "Forearm_Left_Weapon",
			"mechPart": "LeftArm",
			"bHideOnPartDestruction": true,
			"slotTypeAssetId":
			{
				"id": "MWSlotTypeDataAsset:MediumLaser_SlotType"
			},
			"hardpointVisuals":
			{
				"(TagName=\"Weapon.Energy.Laser.Standard.Medium\")": "/Game/Objects/Mechs/Flea/Model/Weapons/Weapon_Mech_FLE_Forearm_Left_EH2_Laser.Weapon_Mech_FLE_Forearm_Left_EH2_Laser_C",
				"(TagName=\"Weapon.Energy.ParticleCannon.HPPC\")": "/Game/Objects/Mechs/Flea/Model/Weapons/Weapon_Mech_FLE_Forearm_Left_EH2_HPPC.Weapon_Mech_FLE_Forearm_Left_EH2_HPPC_C",
				"(TagName=\"Weapon.Energy.ParticleCannon.PPC\")": "/Game/Objects/Mechs/Flea/Model/Weapons/Weapon_Mech_FLE_Forearm_Left_EH2_PPC.Weapon_Mech_FLE_Forearm_Left_EH2_PPC_C",
				"(TagName=\"Weapon.Energy.ParticleCannon.ERPPC\")": "/Game/Objects/Mechs/Flea/Model/Weapons/Weapon_Mech_FLE_Forearm_Left_EH2_PPC.Weapon_Mech_FLE_Forearm_Left_EH2_PPC_C",
				"(TagName=\"Weapon.Energy.ParticleCannon.SNPPC\")": "/Game/Objects/Mechs/Flea/Model/Weapons/Weapon_Mech_FLE_Forearm_Left_EH2_SNPPC.Weapon_Mech_FLE_Forearm_Left_EH2_SNPPC_C",
				"(TagName=\"Weapon.Energy.ParticleCannon.LPPC\")": "/Game/Objects/Mechs/Flea/Model/Weapons/Weapon_Mech_FLE_Forearm_Left_EH2_LPPC.Weapon_Mech_FLE_Forearm_Left_EH2_LPPC_C",
				"(TagName=\"Weapon.Energy.Laser.Standard.Large\")": "/Game/Objects/Mechs/Flea/Model/Weapons/Weapon_Mech_FLE_Forearm_Left_EH2_Laser.Weapon_Mech_FLE_Forearm_Left_EH2_Laser_C",
				"(TagName=\"Weapon.Energy.Laser.ER.Large\")": "/Game/Objects/Mechs/Flea/Model/Weapons/Weapon_Mech_FLE_Forearm_Left_EH2_Laser.Weapon_Mech_FLE_Forearm_Left_EH2_Laser_C",
				"(TagName=\"Weapon.Energy.Laser.ER.Large.Clan\")": "/Game/Objects/Mechs/Flea/Model/Weapons/Weapon_Mech_FLE_Forearm_Left_EH2_Laser.Weapon_Mech_FLE_Forearm_Left_EH2_Laser_C",
				"(TagName=\"Weapon.Energy.Laser.Pulse.Large\")": "/Game/Objects/Mechs/Flea/Model/Weapons/Weapon_Mech_FLE_Forearm_Left_EH2_Laser.Weapon_Mech_FLE_Forearm_Left_EH2_Laser_C",
				"(TagName=\"Weapon.Energy.Laser.ER.Medium.Clan\")": "/Game/Objects/Mechs/Flea/Model/Weapons/Weapon_Mech_FLE_Forearm_Left_EH2_Laser.Weapon_Mech_FLE_Forearm_Left_EH2_Laser_C",
				"(TagName=\"Weapon.Energy.Laser.Pulse.Medium\")": "/Game/Objects/Mechs/Flea/Model/Weapons/Weapon_Mech_FLE_Forearm_Left_EH2_Laser.Weapon_Mech_FLE_Forearm_Left_EH2_Laser_C",
				"(TagName=\"Weapon.Energy.Laser.Pulse.Medium.Clan\")": "/Game/Objects/Mechs/Flea/Model/Weapons/Weapon_Mech_FLE_Forearm_Left_EH2_Laser.Weapon_Mech_FLE_Forearm_Left_EH2_Laser_C",
				"(TagName=\"Weapon.Energy.Laser.Standard.Small\")": "/Game/Objects/Mechs/Flea/Model/Weapons/Weapon_Mech_FLE_Forearm_Left_EH2_Laser.Weapon_Mech_FLE_Forearm_Left_EH2_Laser_C",
				"(TagName=\"Weapon.Energy.Laser.Pulse.Small\")": "/Game/Objects/Mechs/Flea/Model/Weapons/Weapon_Mech_FLE_Forearm_Left_EH2_Laser.Weapon_Mech_FLE_Forearm_Left_EH2_Laser_C",
				"(TagName=\"Weapon.Energy.TAG\")": "/Game/Objects/Mechs/Flea/Model/Weapons/Weapon_Mech_FLE_Forearm_Left_EH2_Laser.Weapon_Mech_FLE_Forearm_Left_EH2_Laser_C",
				"(TagName=\"Weapon.Energy.Flamer\")": "/Game/Objects/Mechs/Flea/Model/Weapons/Weapon_Mech_FLE_Forearm_Left_EH2_Flamer.Weapon_Mech_FLE_Forearm_Left_EH2_Flamer_C",
				"(TagName=\"Weapon.Energy.ParticleCannon\")": "/Game/Objects/Mechs/Flea/Model/Weapons/Weapon_Mech_FLE_Forearm_Left_EH2_SNPPC.Weapon_Mech_FLE_Forearm_Left_EH2_SNPPC_C",
				"(TagName=\"Weapon\")": "/Game/Objects/Mechs/Flea/Model/Weapons/Weapon_Mech_FLE_Forearm_Left_EH2_Laser.Weapon_Mech_FLE_Forearm_Left_EH2_Laser_C",
				"()": "/Game/Objects/Mechs/Flea/Model/Weapons/Weapon_Mech_FLE_Forearm_Left_GB1_Blank.Weapon_Mech_FLE_Forearm_Left_GB1_Blank_C"
			}
		},
		{
			"hardpointSlotId": "Forearm_Left_BH1_machinegun",
			"mechSkeletonSocketId": "Forearm_Left_Weapon",
			"mechPart": "LeftArm",
			"bHideOnPartDestruction": true,
			"slotTypeAssetId":
			{
				"id": "MWSlotTypeDataAsset:MachineGun_SlotType"
			},
			"hardpointVisuals":
			{
				"(TagName=\"Weapon.Ballistic.MG.MachineGun\")": "/Game/Objects/Mechs/Flea/Model/Weapons/Weapon_Mech_FLE_Forearm_Left_BH1_MG.Weapon_Mech_FLE_Forearm_Left_BH1_MG_C",
				"(TagName=\"Weapon.Ballistic.AutoCannon.Ultra.AC10\")": "/Game/Objects/Mechs/Flea/Model/Weapons/Weapon_Mech_FLE_Forearm_Left_BH1_UAC10.Weapon_Mech_FLE_Forearm_Left_BH1_UAC10_C",
				"(TagName=\"Weapon.Ballistic.AutoCannon.Standard.AC10\")": "/Game/Objects/Mechs/Flea/Model/Weapons/Weapon_Mech_FLE_Forearm_Left_BH1_AC10.Weapon_Mech_FLE_Forearm_Left_BH1_AC10_C",
				"(TagName=\"Weapon.Ballistic.AutoCannon.LBX.LBX10\")": "/Game/Objects/Mechs/Flea/Model/Weapons/Weapon_Mech_FLE_Forearm_Left_BH1_LBX10.Weapon_Mech_FLE_Forearm_Left_BH1_LBX10_C",
				"(TagName=\"Weapon.Ballistic.AutoCannon.Rotary.RAC5\")": "/Game/Objects/Mechs/Flea/Model/Weapons/Weapon_Mech_FLE_Forearm_Left_BH1_RAC5.Weapon_Mech_FLE_Forearm_Left_BH1_RAC5_C",
				"(TagName=\"Weapon.Ballistic.GaussRifle.LightGauss\")": "/Game/Objects/Mechs/Flea/Model/Weapons/Weapon_Mech_FLE_Forearm_Left_BH1_Lgauss.Weapon_Mech_FLE_Forearm_Left_BH1_Lgauss_C",
				"(TagName=\"Weapon.Ballistic.AutoCannon.Ultra.AC5\")": "/Game/Objects/Mechs/Flea/Model/Weapons/Weapon_Mech_FLE_Forearm_Left_BH1_UAC5.Weapon_Mech_FLE_Forearm_Left_BH1_UAC5_C",
				"(TagName=\"Weapon.Ballistic.AutoCannon.LBX.LBX5\")": "/Game/Objects/Mechs/Flea/Model/Weapons/Weapon_Mech_FLE_Forearm_Left_BH1_LBX5.Weapon_Mech_FLE_Forearm_Left_BH1_LBX5_C",
				"(TagName=\"Weapon.Ballistic.AutoCannon.Standard.AC5\")": "/Game/Objects/Mechs/Flea/Model/Weapons/Weapon_Mech_FLE_Forearm_Left_BH1_AC5.Weapon_Mech_FLE_Forearm_Left_BH1_AC5_C",
				"(TagName=\"Weapon.Ballistic.AutoCannon.LBX.LBX2\")": "/Game/Objects/Mechs/Flea/Model/Weapons/Weapon_Mech_FLE_Forearm_Left_BH1_LBX2.Weapon_Mech_FLE_Forearm_Left_BH1_LBX2_C",
				"(TagName=\"Weapon.Ballistic.AutoCannon.Rotary.RAC2\")": "/Game/Objects/Mechs/Flea/Model/Weapons/Weapon_Mech_FLE_Forearm_Left_BH1_RAC2.Weapon_Mech_FLE_Forearm_Left_BH1_RAC2_C",
				"(TagName=\"Weapon.Ballistic.AutoCannon.Ultra.AC2\")": "/Game/Objects/Mechs/Flea/Model/Weapons/Weapon_Mech_FLE_Forearm_Left_BH1_UAC2.Weapon_Mech_FLE_Forearm_Left_BH1_UAC2_C",
				"(TagName=\"Weapon.Ballistic.AutoCannon.Standard.AC2\")": "/Game/Objects/Mechs/Flea/Model/Weapons/Weapon_Mech_FLE_Forearm_Left_BH1_AC2.Weapon_Mech_FLE_Forearm_Left_BH1_AC2_C",
				"(TagName=\"Weapon.Ballistic.MG.HeavyMachineGun\")": "/Game/Objects/Mechs/Flea/Model/Weapons/Weapon_Mech_FLE_Forearm_Left_BH1_HMG.Weapon_Mech_FLE_Forearm_Left_BH1_HMG_C",
				"(TagName=\"Weapon.Ballistic.MG.LightMachineGun\")": "/Game/Objects/Mechs/Flea/Model/Weapons/Weapon_Mech_FLE_Forearm_Left_BH1_LMG.Weapon_Mech_FLE_Forearm_Left_BH1_LMG_C",
				"(TagName=\"Weapon\")": "/Game/Objects/Mechs/Flea/Model/Weapons/Weapon_Mech_FLE_Forearm_Left_BH1_MG.Weapon_Mech_FLE_Forearm_Left_BH1_MG_C",
				"()": "/Game/Objects/Mechs/Flea/Model/Weapons/Weapon_Mech_FLE_Forearm_Left_GB1_Blank.Weapon_Mech_FLE_Forearm_Left_GB1_Blank_C"
			}
		},
		{
			"hardpointSlotId": "Forearm_Left_BH2_machinegun",
			"mechSkeletonSocketId": "Forearm_Left_Weapon",
			"mechPart": "LeftArm",
			"bHideOnPartDestruction": true,
			"slotTypeAssetId":
			{
				"id": "MWSlotTypeDataAsset:MachineGun_SlotType"
			},
			"hardpointVisuals":
			{
				"(TagName=\"Weapon.Ballistic.MG.MachineGun\")": "/Game/Objects/Mechs/Flea/Model/Weapons/Weapon_Mech_FLE_Forearm_Left_BH2_MG.Weapon_Mech_FLE_Forearm_Left_BH2_MG_C",
				"(TagName=\"Weapon.Ballistic.AutoCannon.Ultra.AC10\")": "/Game/Objects/Mechs/Flea/Model/Weapons/Weapon_Mech_FLE_Forearm_Left_BH2_UAC10.Weapon_Mech_FLE_Forearm_Left_BH2_UAC10_C",
				"(TagName=\"Weapon.Ballistic.AutoCannon.Standard.AC10\")": "/Game/Objects/Mechs/Flea/Model/Weapons/Weapon_Mech_FLE_Forearm_Left_BH2_AC10.Weapon_Mech_FLE_Forearm_Left_BH2_AC10_C",
				"(TagName=\"Weapon.Ballistic.AutoCannon.LBX.LBX10\")": "/Game/Objects/Mechs/Flea/Model/Weapons/Weapon_Mech_FLE_Forearm_Left_BH2_LBX10.Weapon_Mech_FLE_Forearm_Left_BH2_LBX10_C",
				"(TagName=\"Weapon.Ballistic.AutoCannon.Rotary.RAC5\")": "/Game/Objects/Mechs/Flea/Model/Weapons/Weapon_Mech_FLE_Forearm_Left_BH2_RAC5.Weapon_Mech_FLE_Forearm_Left_BH2_RAC5_C",
				"(TagName=\"Weapon.Ballistic.GaussRifle.LightGauss\")": "/Game/Objects/Mechs/Flea/Model/Weapons/Weapon_Mech_FLE_Forearm_Left_BH2_Lgauss.Weapon_Mech_FLE_Forearm_Left_BH2_Lgauss_C",
				"(TagName=\"Weapon.Ballistic.AutoCannon.Ultra.AC5\")": "/Game/Objects/Mechs/Flea/Model/Weapons/Weapon_Mech_FLE_Forearm_Left_BH2_UAC5.Weapon_Mech_FLE_Forearm_Left_BH2_UAC5_C",
				"(TagName=\"Weapon.Ballistic.AutoCannon.LBX.LBX5\")": "/Game/Objects/Mechs/Flea/Model/Weapons/Weapon_Mech_FLE_Forearm_Left_BH2_LBX5.Weapon_Mech_FLE_Forearm_Left_BH2_LBX5_C",
				"(TagName=\"Weapon.Ballistic.AutoCannon.Standard.AC5\")": "/Game/Objects/Mechs/Flea/Model/Weapons/Weapon_Mech_FLE_Forearm_Left_BH2_AC5.Weapon_Mech_FLE_Forearm_Left_BH2_AC5_C",
				"(TagName=\"Weapon.Ballistic.AutoCannon.LBX.LBX2\")": "/Game/Objects/Mechs/Flea/Model/Weapons/Weapon_Mech_FLE_Forearm_Left_BH2_LBX2.Weapon_Mech_FLE_Forearm_Left_BH2_LBX2_C",
				"(TagName=\"Weapon.Ballistic.AutoCannon.Rotary.RAC2\")": "/Game/Objects/Mechs/Flea/Model/Weapons/Weapon_Mech_FLE_Forearm_Left_BH2_RAC2.Weapon_Mech_FLE_Forearm_Left_BH2_RAC2_C",
				"(TagName=\"Weapon.Ballistic.AutoCannon.Ultra.AC2\")": "/Game/Objects/Mechs/Flea/Model/Weapons/Weapon_Mech_FLE_Forearm_Left_BH2_UAC2.Weapon_Mech_FLE_Forearm_Left_BH2_UAC2_C",
				"(TagName=\"Weapon.Ballistic.AutoCannon.Standard.AC2\")": "/Game/Objects/Mechs/Flea/Model/Weapons/Weapon_Mech_FLE_Forearm_Left_BH2_AC2.Weapon_Mech_FLE_Forearm_Left_BH2_AC2_C",
				"(TagName=\"Weapon.Ballistic.MG.HeavyMachineGun\")": "/Game/Objects/Mechs/Flea/Model/Weapons/Weapon_Mech_FLE_Forearm_Left_BH2_HMG.Weapon_Mech_FLE_Forearm_Left_BH2_HMG_C",
				"(TagName=\"Weapon.Ballistic.MG.LightMachineGun\")": "/Game/Objects/Mechs/Flea/Model/Weapons/Weapon_Mech_FLE_Forearm_Left_BH2_LMG.Weapon_Mech_FLE_Forearm_Left_BH2_LMG_C",
				"(TagName=\"Weapon\")": "/Game/Objects/Mechs/Flea/Model/Weapons/Weapon_Mech_FLE_Forearm_Left_BH2_MG.Weapon_Mech_FLE_Forearm_Left_BH2_MG_C",
				"()": "None"
			}
		},
		{
			"hardpointSlotId": "Forearm_Left_BH3_machinegun",
			"mechSkeletonSocketId": "Forearm_Left_Weapon",
			"mechPart": "LeftArm",
			"bHideOnPartDestruction": true,
			"slotTypeAssetId":
			{
				"id": "MWSlotTypeDataAsset:MachineGun_SlotType"
			},
			"hardpointVisuals":
			{
				"(TagName=\"Weapon.Ballistic.MG.MachineGun\")": "/Game/Objects/Mechs/Flea/Model/Weapons/Weapon_Mech_FLE_Forearm_Left_BH3_MG.Weapon_Mech_FLE_Forearm_Left_BH3_MG_C",
				"(TagName=\"Weapon.Ballistic.AutoCannon.Ultra.AC10\")": "/Game/Objects/Mechs/Flea/Model/Weapons/Weapon_Mech_FLE_Forearm_Left_BH3_UAC10.Weapon_Mech_FLE_Forearm_Left_BH3_UAC10_C",
				"(TagName=\"Weapon.Ballistic.AutoCannon.Standard.AC10\")": "/Game/Objects/Mechs/Flea/Model/Weapons/Weapon_Mech_FLE_Forearm_Left_BH3_AC10.Weapon_Mech_FLE_Forearm_Left_BH3_AC10_C",
				"(TagName=\"Weapon.Ballistic.AutoCannon.LBX.LBX10\")": "/Game/Objects/Mechs/Flea/Model/Weapons/Weapon_Mech_FLE_Forearm_Left_BH3_LBX10.Weapon_Mech_FLE_Forearm_Left_BH3_LBX10_C",
				"(TagName=\"Weapon.Ballistic.AutoCannon.Rotary.RAC5\")": "/Game/Objects/Mechs/Flea/Model/Weapons/Weapon_Mech_FLE_Forearm_Left_BH3_RAC5.Weapon_Mech_FLE_Forearm_Left_BH3_RAC5_C",
				"(TagName=\"Weapon.Ballistic.GaussRifle.LightGauss\")": "/Game/Objects/Mechs/Flea/Model/Weapons/Weapon_Mech_FLE_Forearm_Left_BH3_Lgauss.Weapon_Mech_FLE_Forearm_Left_BH3_Lgauss_C",
				"(TagName=\"Weapon.Ballistic.AutoCannon.Ultra.AC5\")": "/Game/Objects/Mechs/Flea/Model/Weapons/Weapon_Mech_FLE_Forearm_Left_BH3_UAC5.Weapon_Mech_FLE_Forearm_Left_BH3_UAC5_C",
				"(TagName=\"Weapon.Ballistic.AutoCannon.LBX.LBX5\")": "/Game/Objects/Mechs/Flea/Model/Weapons/Weapon_Mech_FLE_Forearm_Left_BH3_LBX5.Weapon_Mech_FLE_Forearm_Left_BH3_LBX5_C",
				"(TagName=\"Weapon.Ballistic.AutoCannon.Standard.AC5\")": "/Game/Objects/Mechs/Flea/Model/Weapons/Weapon_Mech_FLE_Forearm_Left_BH3_AC5.Weapon_Mech_FLE_Forearm_Left_BH3_AC5_C",
				"(TagName=\"Weapon.Ballistic.AutoCannon.LBX.LBX2\")": "/Game/Objects/Mechs/Flea/Model/Weapons/Weapon_Mech_FLE_Forearm_Left_BH3_LBX2.Weapon_Mech_FLE_Forearm_Left_BH3_LBX2_C",
				"(TagName=\"Weapon.Ballistic.AutoCannon.Rotary.RAC2\")": "/Game/Objects/Mechs/Flea/Model/Weapons/Weapon_Mech_FLE_Forearm_Left_BH3_RAC2.Weapon_Mech_FLE_Forearm_Left_BH3_RAC2_C",
				"(TagName=\"Weapon.Ballistic.AutoCannon.Ultra.AC2\")": "/Game/Objects/Mechs/Flea/Model/Weapons/Weapon_Mech_FLE_Forearm_Left_BH3_UAC2.Weapon_Mech_FLE_Forearm_Left_BH3_UAC2_C",
				"(TagName=\"Weapon.Ballistic.AutoCannon.Standard.AC2\")": "/Game/Objects/Mechs/Flea/Model/Weapons/Weapon_Mech_FLE_Forearm_Left_BH3_AC2.Weapon_Mech_FLE_Forearm_Left_BH3_AC2_C",
				"(TagName=\"Weapon.Ballistic.MG.HeavyMachineGun\")": "/Game/Objects/Mechs/Flea/Model/Weapons/Weapon_Mech_FLE_Forearm_Left_BH3_HMG.Weapon_Mech_FLE_Forearm_Left_BH3_HMG_C",
				"(TagName=\"Weapon.Ballistic.MG.LightMachineGun\")": "/Game/Objects/Mechs/Flea/Model/Weapons/Weapon_Mech_FLE_Forearm_Left_BH3_LMG.Weapon_Mech_FLE_Forearm_Left_BH3_LMG_C",
				"(TagName=\"Weapon\")": "/Game/Objects/Mechs/Flea/Model/Weapons/Weapon_Mech_FLE_Forearm_Left_BH3_MG.Weapon_Mech_FLE_Forearm_Left_BH3_MG_C",
				"()": "None"
			}
		},
		{
			"hardpointSlotId": "Forearm_Left_BH4_machinegun",
			"mechSkeletonSocketId": "Forearm_Left_Weapon",
			"mechPart": "LeftArm",
			"bHideOnPartDestruction": true,
			"slotTypeAssetId":
			{
				"id": "MWSlotTypeDataAsset:MachineGun_SlotType"
			},
			"hardpointVisuals":
			{
				"(TagName=\"Weapon.Ballistic.MG.MachineGun\")": "/Game/Objects/Mechs/Flea/Model/Weapons/Weapon_Mech_FLE_Forearm_Left_BH4_MG.Weapon_Mech_FLE_Forearm_Left_BH4_MG_C",
				"(TagName=\"Weapon.Ballistic.AutoCannon.Ultra.AC10\")": "/Game/Objects/Mechs/Flea/Model/Weapons/Weapon_Mech_FLE_Forearm_Left_BH4_UAC10.Weapon_Mech_FLE_Forearm_Left_BH4_UAC10_C",
				"(TagName=\"Weapon.Ballistic.AutoCannon.Standard.AC10\")": "/Game/Objects/Mechs/Flea/Model/Weapons/Weapon_Mech_FLE_Forearm_Left_BH4_AC10.Weapon_Mech_FLE_Forearm_Left_BH4_AC10_C",
				"(TagName=\"Weapon.Ballistic.AutoCannon.LBX.LBX10\")": "/Game/Objects/Mechs/Flea/Model/Weapons/Weapon_Mech_FLE_Forearm_Left_BH4_LBX10.Weapon_Mech_FLE_Forearm_Left_BH4_LBX10_C",
				"(TagName=\"Weapon.Ballistic.AutoCannon.Rotary.RAC5\")": "/Game/Objects/Mechs/Flea/Model/Weapons/Weapon_Mech_FLE_Forearm_Left_BH4_RAC5.Weapon_Mech_FLE_Forearm_Left_BH4_RAC5_C",
				"(TagName=\"Weapon.Ballistic.GaussRifle.LightGauss\")": "/Game/Objects/Mechs/Flea/Model/Weapons/Weapon_Mech_FLE_Forearm_Left_BH4_Lgauss.Weapon_Mech_FLE_Forearm_Left_BH4_Lgauss_C",
				"(TagName=\"Weapon.Ballistic.AutoCannon.Ultra.AC5\")": "/Game/Objects/Mechs/Flea/Model/Weapons/Weapon_Mech_FLE_Forearm_Left_BH4_UAC5.Weapon_Mech_FLE_Forearm_Left_BH4_UAC5_C",
				"(TagName=\"Weapon.Ballistic.AutoCannon.LBX.LBX5\")": "/Game/Objects/Mechs/Flea/Model/Weapons/Weapon_Mech_FLE_Forearm_Left_BH4_LBX5.Weapon_Mech_FLE_Forearm_Left_BH4_LBX5_C",
				"(TagName=\"Weapon.Ballistic.AutoCannon.Standard.AC5\")": "/Game/Objects/Mechs/Flea/Model/Weapons/Weapon_Mech_FLE_Forearm_Left_BH4_AC5.Weapon_Mech_FLE_Forearm_Left_BH4_AC5_C",
				"(TagName=\"Weapon.Ballistic.AutoCannon.LBX.LBX2\")": "/Game/Objects/Mechs/Flea/Model/Weapons/Weapon_Mech_FLE_Forearm_Left_BH4_LBX2.Weapon_Mech_FLE_Forearm_Left_BH4_LBX2_C",
				"(TagName=\"Weapon.Ballistic.AutoCannon.Rotary.RAC2\")": "/Game/Objects/Mechs/Flea/Model/Weapons/Weapon_Mech_FLE_Forearm_Left_BH4_RAC2.Weapon_Mech_FLE_Forearm_Left_BH4_RAC2_C",
				"(TagName=\"Weapon.Ballistic.AutoCannon.Ultra.AC2\")": "/Game/Objects/Mechs/Flea/Model/Weapons/Weapon_Mech_FLE_Forearm_Left_BH4_UAC2.Weapon_Mech_FLE_Forearm_Left_BH4_UAC2_C",
				"(TagName=\"Weapon.Ballistic.AutoCannon.Standard.AC2\")": "/Game/Objects/Mechs/Flea/Model/Weapons/Weapon_Mech_FLE_Forearm_Left_BH4_AC2.Weapon_Mech_FLE_Forearm_Left_BH4_AC2_C",
				"(TagName=\"Weapon.Ballistic.MG.HeavyMachineGun\")": "/Game/Objects/Mechs/Flea/Model/Weapons/Weapon_Mech_FLE_Forearm_Left_BH4_HMG.Weapon_Mech_FLE_Forearm_Left_BH4_HMG_C",
				"(TagName=\"Weapon.Ballistic.MG.LightMachineGun\")": "/Game/Objects/Mechs/Flea/Model/Weapons/Weapon_Mech_FLE_Forearm_Left_BH4_LMG.Weapon_Mech_FLE_Forearm_Left_BH4_LMG_C",
				"(TagName=\"Weapon\")": "/Game/Objects/Mechs/Flea/Model/Weapons/Weapon_Mech_FLE_Forearm_Left_BH4_MG.Weapon_Mech_FLE_Forearm_Left_BH4_MG_C",
				"()": "None"
			}
		},
		{
			"hardpointSlotId": "Head_EH1_mediumlaser",
			"mechSkeletonSocketId": "Torso_Weapon",
			"mechPart": "Head",
			"bHideOnPartDestruction": true,
			"slotTypeAssetId":
			{
				"id": "MWSlotTypeDataAsset:MediumLaser_SlotType"
			},
			"hardpointVisuals":
			{
				"(TagName=\"Weapon.Energy.Laser.Standard.Medium\")": "/Game/Objects/Mechs/Flea/Model/Weapons/Weapon_Mech_FLE_Head_EH1_Laser.Weapon_Mech_FLE_Head_EH1_Laser_C",
				"(TagName=\"Weapon.Energy.Flamer\")": "/Game/Objects/Mechs/Flea/Model/Weapons/Weapon_Mech_FLE_Head_EH1_Flamer.Weapon_Mech_FLE_Head_EH1_Flamer_C",
				"(TagName=\"Weapon\")": "/Game/Objects/Mechs/Flea/Model/Weapons/Weapon_Mech_FLE_Head_EH1_Laser.Weapon_Mech_FLE_Head_EH1_Laser_C",
				"()": "/Game/Objects/Mechs/Flea/Model/Weapons/Weapon_Mech_FLE_Forearm_Left_GB1_Blank.Weapon_Mech_FLE_Forearm_Left_GB1_Blank_C"
			}
		},
		{
			"hardpointSlotId": "Torso_Left_MH1_srm6",
			"mechSkeletonSocketId": "Torso_Weapon",
			"mechPart": "LeftTorso",
			"bHideOnPartDestruction": true,
			"slotTypeAssetId":
			{
				"id": "MWSlotTypeDataAsset:SRM6_SlotType"
			},
			"hardpointVisuals":
			{
				"(TagName=\"Weapon.Missile.LRM.LRM20\")": "/Game/Objects/Mechs/Flea/Model/Weapons/Weapon_Mech_FLE_Torso_Left_MH1_Missile20.Weapon_Mech_FLE_Torso_Left_MH1_Missile20_C",
				"(TagName=\"Weapon.ArtemisMissile.LRM.LRM20\")": "/Game/Objects/Mechs/Flea/Model/Weapons/Weapon_Mech_FLE_Torso_Left_MH1_Missile20.Weapon_Mech_FLE_Torso_Left_MH1_Missile20_C",
				"(TagName=\"Weapon.Missile.LRM.LRM20.Clan\")": "/Game/Objects/Mechs/Flea/Model/Weapons/Weapon_Mech_FLE_Torso_Left_MH1_Missile20.Weapon_Mech_FLE_Torso_Left_MH1_Missile20_C",
				"(TagName=\"Weapon.Missile.LRM.LRM15\")": "/Game/Objects/Mechs/Flea/Model/Weapons/Weapon_Mech_FLE_Torso_Left_MH1_Missile15.Weapon_Mech_FLE_Torso_Left_MH1_Missile15_C",
				"(TagName=\"Weapon.ArtemisMissile.LRM.LRM15\")": "/Game/Objects/Mechs/Flea/Model/Weapons/Weapon_Mech_FLE_Torso_Left_MH1_Missile15.Weapon_Mech_FLE_Torso_Left_MH1_Missile15_C",
				"(TagName=\"Weapon.Missile.LRM.LRM10\")": "/Game/Objects/Mechs/Flea/Model/Weapons/Weapon_Mech_FLE_Torso_Left_MH1_Missile10.Weapon_Mech_FLE_Torso_Left_MH1_Missile10_C",
				"(TagName=\"Weapon.ArtemisMissile.LRM.LRM10\")": "/Game/Objects/Mechs/Flea/Model/Weapons/Weapon_Mech_FLE_Torso_Left_MH1_Missile10.Weapon_Mech_FLE_Torso_Left_MH1_Missile10_C",
				"(TagName=\"Weapon.Missile.SRM.SRM6\")": "/Game/Objects/Mechs/Flea/Model/Weapons/Weapon_Mech_FLE_Torso_Left_MH1_Missile6.Weapon_Mech_FLE_Torso_Left_MH1_Missile6_C",
				"(TagName=\"Weapon.ArtemisMissile.SRM.SRM6\")": "/Game/Objects/Mechs/Flea/Model/Weapons/Weapon_Mech_FLE_Torso_Left_MH1_Missile6.Weapon_Mech_FLE_Torso_Left_MH1_Missile6_C",
				"(TagName=\"Weapon.Missile.NARC\")": "/Game/Objects/Mechs/Flea/Model/Weapons/Weapon_Mech_FLE_Torso_Left_MH1_Narc.Weapon_Mech_FLE_Torso_Left_MH1_Narc_C",
				"(TagName=\"Weapon.Missile.LRM.LRM5\")": "/Game/Objects/Mechs/Flea/Model/Weapons/Weapon_Mech_FLE_Torso_Left_MH1_Missile5.Weapon_Mech_FLE_Torso_Left_MH1_Missile5_C",
				"(TagName=\"Weapon.ArtemisMissile.LRM.LRM5\")": "/Game/Objects/Mechs/Flea/Model/Weapons/Weapon_Mech_FLE_Torso_Left_MH1_Missile5.Weapon_Mech_FLE_Torso_Left_MH1_Missile5_C",
				"(TagName=\"Weapon.Missile.SRM.SRM4\")": "/Game/Objects/Mechs/Flea/Model/Weapons/Weapon_Mech_FLE_Torso_Left_MH1_Missile4.Weapon_Mech_FLE_Torso_Left_MH1_Missile4_C",
				"(TagName=\"Weapon.ArtemisMissile.SRM.SRM4\")": "/Game/Objects/Mechs/Flea/Model/Weapons/Weapon_Mech_FLE_Torso_Left_MH1_Missile4.Weapon_Mech_FLE_Torso_Left_MH1_Missile4_C",
				"(TagName=\"Weapon.Missile.SRM.SRM2\")": "/Game/Objects/Mechs/Flea/Model/Weapons/Weapon_Mech_FLE_Torso_Left_MH1_Missile2.Weapon_Mech_FLE_Torso_Left_MH1_Missile2_C",
				"(TagName=\"Weapon.Missile.SRM.Streak.SRM2\")": "/Game/Objects/Mechs/Flea/Model/Weapons/Weapon_Mech_FLE_Torso_Left_MH1_Missile2.Weapon_Mech_FLE_Torso_Left_MH1_Missile2_C",
				"(TagName=\"Weapon.ArtemisMissile.SRM.SRM2\")": "/Game/Objects/Mechs/Flea/Model/Weapons/Weapon_Mech_FLE_Torso_Left_MH1_Missile2.Weapon_Mech_FLE_Torso_Left_MH1_Missile2_C",
				"(TagName=\"Weapon\")": "/Game/Objects/Mechs/Flea/Model/Weapons/Weapon_Mech_FLE_Torso_Left_MH1_Missile2.Weapon_Mech_FLE_Torso_Left_MH1_Missile2_C",
				"()": "None"
			}
		},
		{
			"hardpointSlotId": "Torso_Right_MH1_srm6",
			"mechSkeletonSocketId": "Torso_Weapon",
			"mechPart": "RightTorso",
			"bHideOnPartDestruction": true,
			"slotTypeAssetId":
			{
				"id": "MWSlotTypeDataAsset:SRM6_SlotType"
			},
			"hardpointVisuals":
			{
				"(TagName=\"Weapon.Missile.LRM.LRM20\")": "/Game/Objects/Mechs/Flea/Model/Weapons/Weapon_Mech_FLE_Torso_Right_MH1_Missile20.Weapon_Mech_FLE_Torso_Right_MH1_Missile20_C",
				"(TagName=\"Weapon.ArtemisMissile.LRM.LRM20\")": "/Game/Objects/Mechs/Flea/Model/Weapons/Weapon_Mech_FLE_Torso_Right_MH1_Missile20.Weapon_Mech_FLE_Torso_Right_MH1_Missile20_C",
				"(TagName=\"Weapon.Missile.LRM.LRM20.Clan\")": "/Game/Objects/Mechs/Flea/Model/Weapons/Weapon_Mech_FLE_Torso_Right_MH1_Missile20.Weapon_Mech_FLE_Torso_Right_MH1_Missile20_C",
				"(TagName=\"Weapon.Missile.LRM.LRM15\")": "/Game/Objects/Mechs/Flea/Model/Weapons/Weapon_Mech_FLE_Torso_Right_MH1_Missile15.Weapon_Mech_FLE_Torso_Right_MH1_Missile15_C",
				"(TagName=\"Weapon.ArtemisMissile.LRM.LRM15\")": "/Game/Objects/Mechs/Flea/Model/Weapons/Weapon_Mech_FLE_Torso_Right_MH1_Missile15.Weapon_Mech_FLE_Torso_Right_MH1_Missile15_C",
				"(TagName=\"Weapon.Missile.LRM.LRM10\")": "/Game/Objects/Mechs/Flea/Model/Weapons/Weapon_Mech_FLE_Torso_Right_MH1_Missile10.Weapon_Mech_FLE_Torso_Right_MH1_Missile10_C",
				"(TagName=\"Weapon.ArtemisMissile.LRM.LRM10\")": "/Game/Objects/Mechs/Flea/Model/Weapons/Weapon_Mech_FLE_Torso_Right_MH1_Missile10.Weapon_Mech_FLE_Torso_Right_MH1_Missile10_C",
				"(TagName=\"Weapon.Missile.SRM.SRM6\")": "/Game/Objects/Mechs/Flea/Model/Weapons/Weapon_Mech_FLE_Torso_Right_MH1_Missile6.Weapon_Mech_FLE_Torso_Right_MH1_Missile6_C",
				"(TagName=\"Weapon.ArtemisMissile.SRM.SRM6\")": "/Game/Objects/Mechs/Flea/Model/Weapons/Weapon_Mech_FLE_Torso_Right_MH1_Missile6.Weapon_Mech_FLE_Torso_Right_MH1_Missile6_C",
				"(TagName=\"Weapon.Missile.NARC\")": "/Game/Objects/Mechs/Flea/Model/Weapons/Weapon_Mech_FLE_Torso_Right_MH1_Narc.Weapon_Mech_FLE_Torso_Right_MH1_Narc_C",
				"(TagName=\"Weapon.Missile.LRM.LRM5\")": "/Game/Objects/Mechs/Flea/Model/Weapons/Weapon_Mech_FLE_Torso_Right_MH1_Missile5.Weapon_Mech_FLE_Torso_Right_MH1_Missile5_C",
				"(TagName=\"Weapon.ArtemisMissile.LRM.LRM5\")": "/Game/Objects/Mechs/Flea/Model/Weapons/Weapon_Mech_FLE_Torso_Right_MH1_Missile5.Weapon_Mech_FLE_Torso_Right_MH1_Missile5_C",
				"(TagName=\"Weapon.Missile.SRM.SRM4\")": "/Game/Objects/Mechs/Flea/Model/Weapons/Weapon_Mech_FLE_Torso_Right_MH1_Missile4.Weapon_Mech_FLE_Torso_Right_MH1_Missile4_C",
				"(TagName=\"Weapon.ArtemisMissile.SRM.SRM4\")": "/Game/Objects/Mechs/Flea/Model/Weapons/Weapon_Mech_FLE_Torso_Right_MH1_Missile4.Weapon_Mech_FLE_Torso_Right_MH1_Missile4_C",
				"(TagName=\"Weapon.Missile.SRM.SRM2\")": "/Game/Objects/Mechs/Flea/Model/Weapons/Weapon_Mech_FLE_Torso_Right_MH1_Missile2.Weapon_Mech_FLE_Torso_Right_MH1_Missile2_C",
				"(TagName=\"Weapon.Missile.SRM.Streak.SRM2\")": "/Game/Objects/Mechs/Flea/Model/Weapons/Weapon_Mech_FLE_Torso_Right_MH1_Missile2.Weapon_Mech_FLE_Torso_Right_MH1_Missile2_C",
				"(TagName=\"Weapon.ArtemisMissile.SRM.SRM2\")": "/Game/Objects/Mechs/Flea/Model/Weapons/Weapon_Mech_FLE_Torso_Right_MH1_Missile2.Weapon_Mech_FLE_Torso_Right_MH1_Missile2_C",
				"(TagName=\"Weapon\")": "/Game/Objects/Mechs/Flea/Model/Weapons/Weapon_Mech_FLE_Torso_Right_MH1_Missile2.Weapon_Mech_FLE_Torso_Right_MH1_Missile2_C",
				"()": "None"
			}
		},
		{
			"hardpointSlotId": "Torso_Left_AH1_AMS_antimissilesystem",
			"mechSkeletonSocketId": "Torso_Weapon",
			"mechPart": "LeftTorso",
			"bHideOnPartDestruction": true,
			"slotTypeAssetId":
			{
				"id": "MWSlotTypeDataAsset:AMS_SlotType"
			},
			"hardpointVisuals":
			{
				"(TagName=\"Weapon.AMS\")": "/Game/Objects/Mechs/Flea/Model/Weapons/Weapon_Mech_FLE_Torso_Left_AH1_AMS.Weapon_Mech_FLE_Torso_Left_AH1_AMS_C",
				"(TagName=\"Weapon.Energy.LAMS\")": "/Game/Objects/Mechs/Flea/Model/Weapons/Weapon_Mech_FLE_Torso_Left_AH1_LAMS.Weapon_Mech_FLE_Torso_Left_AH1_LAMS_C",
				"(TagName=\"Weapon\")": "/Game/Objects/Mechs/Flea/Model/Weapons/Weapon_Mech_FLE_Torso_Left_AH1_AMS.Weapon_Mech_FLE_Torso_Left_AH1_AMS_C",
				"()": "None"
			}
		}
	]
}