{
	"weaponSlots": [
		{
			"hardpointSlotId": "Head_EH1_Laser_smalllaser",
			"mechSkeletonSocketId": "Torso_Weapon",
			"mechPart": "Head",
			"bHideOnPartDestruction": false,
			"slotTypeAssetId":
			{
				"id": "MWSlotTypeDataAsset:SmallLaser_SlotType"
			},
			"hardpointVisuals":
			{
				"(TagName=\"Weapon.Energy.Laser.Standard.Small\")": "/Game/Objects/Mechs/Awesome/Model/Weapons/Weapon_Mech_AWS_Head_EH1_Laser.Weapon_Mech_AWS_Head_EH1_Laser_C",
				"(TagName=\"Weapon.Energy.Laser.Standard.Large\")": "/Game/Objects/Mechs/Awesome/Model/Weapons/Weapon_Mech_AWS_Head_EH1_Laser.Weapon_Mech_AWS_Head_EH1_Laser_C",
				"(TagName=\"Weapon.Energy.Laser.ER.Large\")": "/Game/Objects/Mechs/Awesome/Model/Weapons/Weapon_Mech_AWS_Head_EH1_Laser.Weapon_Mech_AWS_Head_EH1_Laser_C",
				"(TagName=\"Weapon.Energy.Laser.ER.Large.Clan\")": "/Game/Objects/Mechs/Awesome/Model/Weapons/Weapon_Mech_AWS_Head_EH1_Laser.Weapon_Mech_AWS_Head_EH1_Laser_C",
				"(TagName=\"Weapon.Energy.Laser.Pulse.Large\")": "/Game/Objects/Mechs/Awesome/Model/Weapons/Weapon_Mech_AWS_Head_EH1_Laser.Weapon_Mech_AWS_Head_EH1_Laser_C",
				"(TagName=\"Weapon.Energy.Laser.Standard.Medium\")": "/Game/Objects/Mechs/Awesome/Model/Weapons/Weapon_Mech_AWS_Head_EH1_Laser.Weapon_Mech_AWS_Head_EH1_Laser_C",
				"(TagName=\"Weapon.Energy.Laser.ER.Medium.Clan\")": "/Game/Objects/Mechs/Awesome/Model/Weapons/Weapon_Mech_AWS_Head_EH1_Laser.Weapon_Mech_AWS_Head_EH1_Laser_C",
				"(TagName=\"Weapon.Energy.Laser.Pulse.Medium\")": "/Game/Objects/Mechs/Awesome/Model/Weapons/Weapon_Mech_AWS_Head_EH1_Laser.Weapon_Mech_AWS_Head_EH1_Laser_C",
				"(TagName=\"Weapon.Energy.Laser.Pulse.Medium.Clan\")": "/Game/Objects/Mechs/Awesome/Model/Weapons/Weapon_Mech_AWS_Head_EH1_Laser.Weapon_Mech_AWS_Head_EH1_Laser_C",
				"(TagName=\"Weapon.Energy.Laser.Pulse.Small\")": "/Game/Objects/Mechs/Awesome/Model/Weapons/Weapon_Mech_AWS_Head_EH1_Laser.Weapon_Mech_AWS_Head_EH1_Laser_C",
				"(TagName=\"Weapon.Energy.TAG\")": "/Game/Objects/Mechs/Awesome/Model/Weapons/Weapon_Mech_AWS_Head_EH1_Laser.Weapon_Mech_AWS_Head_EH1_Laser_C",
				"(TagName=\"Weapon.Energy.Flamer\")": "/Game/Objects/Mechs/Awesome/Model/Weapons/Weapon_Mech_AWS_Head_EH1_Flamer.Weapon_Mech_AWS_Head_EH1_Flamer_C",
				"(TagName=\"Weapon\")": "/Game/Objects/Mechs/Awesome/Model/Weapons/Weapon_Mech_AWS_Head_EH1_Laser.Weapon_Mech_AWS_Head_EH1_Laser_C",
				"()": "None"
			}
		},
		{
			"hardpointSlotId": "Torso_Left_EH1_ppc",
			"mechSkeletonSocketId": "Torso_Weapon",
			"mechPart": "LeftTorso",
			"bHideOnPartDestruction": false,
			"slotTypeAssetId":
			{
				"id": "MWSlotTypeDataAsset:PPC_SlotType"
			},
			"hardpointVisuals":
			{
				"(TagName=\"Weapon.Energy.ParticleCannon.PPC\")": "/Game/Objects/Mechs/Awesome/Model/Weapons/Weapon_Mech_AWS_Torso_Left_EH1_PPC.Weapon_Mech_AWS_Torso_Left_EH1_PPC_C",
				"(TagName=\"Weapon.Energy.ParticleCannon.HPPC\")": "/Game/Objects/Mechs/Awesome/Model/Weapons/Weapon_Mech_AWS_Torso_Left_EH1_HPPC.Weapon_Mech_AWS_Torso_Left_EH1_HPPC_C",
				"(TagName=\"Weapon.Energy.ParticleCannon.ERPPC\")": "/Game/Objects/Mechs/Awesome/Model/Weapons/Weapon_Mech_AWS_Torso_Left_EH1_PPC.Weapon_Mech_AWS_Torso_Left_EH1_PPC_C",
				"(TagName=\"Weapon.Energy.ParticleCannon.SNPPC\")": "/Game/Objects/Mechs/Awesome/Model/Weapons/Weapon_Mech_AWS_Torso_Left_EH1_SNPPC.Weapon_Mech_AWS_Torso_Left_EH1_SNPPC_C",
				"(TagName=\"Weapon.Energy.ParticleCannon.LPPC\")": "/Game/Objects/Mechs/Awesome/Model/Weapons/Weapon_Mech_AWS_Torso_Left_EH1_LPPC.Weapon_Mech_AWS_Torso_Left_EH1_LPPC_C",
				"(TagName=\"Weapon.Energy.Laser.Standard.Large\")": "/Game/Objects/Mechs/Awesome/Model/Weapons/Weapon_Mech_AWS_Torso_Left_EH1_Laser.Weapon_Mech_AWS_Torso_Left_EH1_Laser_C",
				"(TagName=\"Weapon.Energy.Laser.ER.Large\")": "/Game/Objects/Mechs/Awesome/Model/Weapons/Weapon_Mech_AWS_Torso_Left_EH1_Laser.Weapon_Mech_AWS_Torso_Left_EH1_Laser_C",
				"(TagName=\"Weapon.Energy.Laser.ER.Large.Clan\")": "/Game/Objects/Mechs/Awesome/Model/Weapons/Weapon_Mech_AWS_Torso_Left_EH1_Laser.Weapon_Mech_AWS_Torso_Left_EH1_Laser_C",
				"(TagName=\"Weapon.Energy.Laser.Pulse.Large\")": "/Game/Objects/Mechs/Awesome/Model/Weapons/Weapon_Mech_AWS_Torso_Left_EH1_Laser.Weapon_Mech_AWS_Torso_Left_EH1_Laser_C",
				"(TagName=\"Weapon.Energy.Laser.Standard.Medium\")": "/Game/Objects/Mechs/Awesome/Model/Weapons/Weapon_Mech_AWS_Torso_Left_EH1_Laser.Weapon_Mech_AWS_Torso_Left_EH1_Laser_C",
				"(TagName=\"Weapon.Energy.Laser.ER.Medium.Clan\")": "/Game/Objects/Mechs/Awesome/Model/Weapons/Weapon_Mech_AWS_Torso_Left_EH1_Laser.Weapon_Mech_AWS_Torso_Left_EH1_Laser_C",
				"(TagName=\"Weapon.Energy.Laser.Pulse.Medium\")": "/Game/Objects/Mechs/Awesome/Model/Weapons/Weapon_Mech_AWS_Torso_Left_EH1_Laser.Weapon_Mech_AWS_Torso_Left_EH1_Laser_C",
				"(TagName=\"Weapon.Energy.Laser.Pulse.Medium.Clan\")": "/Game/Objects/Mechs/Awesome/Model/Weapons/Weapon_Mech_AWS_Torso_Left_EH1_Laser.Weapon_Mech_AWS_Torso_Left_EH1_Laser_C",
				"(TagName=\"Weapon.Energy.Laser.Standard.Small\")": "/Game/Objects/Mechs/Awesome/Model/Weapons/Weapon_Mech_AWS_Torso_Left_EH1_Laser.Weapon_Mech_AWS_Torso_Left_EH1_Laser_C",
				"(TagName=\"Weapon.Energy.Laser.Pulse.Small\")": "/Game/Objects/Mechs/Awesome/Model/Weapons/Weapon_Mech_AWS_Torso_Left_EH1_Laser.Weapon_Mech_AWS_Torso_Left_EH1_Laser_C",
				"(TagName=\"Weapon.Energy.TAG\")": "/Game/Objects/Mechs/Awesome/Model/Weapons/Weapon_Mech_AWS_Torso_Left_EH1_Laser.Weapon_Mech_AWS_Torso_Left_EH1_Laser_C",
				"(TagName=\"Weapon.Energy.Flamer\")": "/Game/Objects/Mechs/Awesome/Model/Weapons/Weapon_Mech_AWS_Torso_Left_EH1_Flamer.Weapon_Mech_AWS_Torso_Left_EH1_Flamer_C",
				"(TagName=\"Weapon.Energy.ParticleCannon\")": "/Game/Objects/Mechs/Awesome/Model/Weapons/Weapon_Mech_AWS_Torso_Left_EH1_SNPPC.Weapon_Mech_AWS_Torso_Left_EH1_SNPPC_C",
				"(TagName=\"Weapon\")": "/Game/Objects/Mechs/Awesome/Model/Weapons/Weapon_Mech_AWS_Torso_Left_EH1_PPC.Weapon_Mech_AWS_Torso_Left_EH1_PPC_C",
				"()": "None"
			}
		},
		{
			"hardpointSlotId": "Torso_Right_EH1_ppc",
			"mechSkeletonSocketId": "Torso_Weapon",
			"mechPart": "RightTorso",
			"bHideOnPartDestruction": false,
			"slotTypeAssetId":
			{
				"id": "MWSlotTypeDataAsset:PPC_SlotType"
			},
			"hardpointVisuals":
			{
				"(TagName=\"Weapon.Energy.ParticleCannon.PPC\")": "/Game/Objects/Mechs/Awesome/Model/Weapons/Weapon_Mech_AWS_Torso_Right_EH1_PPC.Weapon_Mech_AWS_Torso_Right_EH1_PPC_C",
				"(TagName=\"Weapon.Energy.ParticleCannon.HPPC\")": "/Game/Objects/Mechs/Awesome/Model/Weapons/Weapon_Mech_AWS_Torso_Right_EH1_HPPC.Weapon_Mech_AWS_Torso_Right_EH1_HPPC_C",
				"(TagName=\"Weapon.Energy.ParticleCannon.ERPPC\")": "/Game/Objects/Mechs/Awesome/Model/Weapons/Weapon_Mech_AWS_Torso_Right_EH1_PPC.Weapon_Mech_AWS_Torso_Right_EH1_PPC_C",
				"(TagName=\"Weapon.Energy.ParticleCannon.SNPPC\")": "/Game/Objects/Mechs/Awesome/Model/Weapons/Weapon_Mech_AWS_Torso_Right_EH1_SNPPC.Weapon_Mech_AWS_Torso_Right_EH1_SNPPC_C",
				"(TagName=\"Weapon.Energy.ParticleCannon.LPPC\")": "/Game/Objects/Mechs/Awesome/Model/Weapons/Weapon_Mech_AWS_Torso_Right_EH1_LPPC.Weapon_Mech_AWS_Torso_Right_EH1_LPPC_C",
				"(TagName=\"Weapon.Energy.Laser.Standard.Large\")": "/Game/Objects/Mechs/Awesome/Model/Weapons/Weapon_Mech_AWS_Torso_Right_EH1_Laser.Weapon_Mech_AWS_Torso_Right_EH1_Laser_C",
				"(TagName=\"Weapon.Energy.Laser.ER.Large\")": "/Game/Objects/Mechs/Awesome/Model/Weapons/Weapon_Mech_AWS_Torso_Right_EH1_Laser.Weapon_Mech_AWS_Torso_Right_EH1_Laser_C",
				"(TagName=\"Weapon.Energy.Laser.ER.Large.Clan\")": "/Game/Objects/Mechs/Awesome/Model/Weapons/Weapon_Mech_AWS_Torso_Right_EH1_Laser.Weapon_Mech_AWS_Torso_Right_EH1_Laser_C",
				"(TagName=\"Weapon.Energy.Laser.Pulse.Large\")": "/Game/Objects/Mechs/Awesome/Model/Weapons/Weapon_Mech_AWS_Torso_Right_EH1_Laser.Weapon_Mech_AWS_Torso_Right_EH1_Laser_C",
				"(TagName=\"Weapon.Energy.Laser.Standard.Medium\")": "/Game/Objects/Mechs/Awesome/Model/Weapons/Weapon_Mech_AWS_Torso_Right_EH1_Laser.Weapon_Mech_AWS_Torso_Right_EH1_Laser_C",
				"(TagName=\"Weapon.Energy.Laser.ER.Medium.Clan\")": "/Game/Objects/Mechs/Awesome/Model/Weapons/Weapon_Mech_AWS_Torso_Right_EH1_Laser.Weapon_Mech_AWS_Torso_Right_EH1_Laser_C",
				"(TagName=\"Weapon.Energy.Laser.Pulse.Medium\")": "/Game/Objects/Mechs/Awesome/Model/Weapons/Weapon_Mech_AWS_Torso_Right_EH1_Laser.Weapon_Mech_AWS_Torso_Right_EH1_Laser_C",
				"(TagName=\"Weapon.Energy.Laser.Pulse.Medium.Clan\")": "/Game/Objects/Mechs/Awesome/Model/Weapons/Weapon_Mech_AWS_Torso_Right_EH1_Laser.Weapon_Mech_AWS_Torso_Right_EH1_Laser_C",
				"(TagName=\"Weapon.Energy.Laser.Standard.Small\")": "/Game/Objects/Mechs/Awesome/Model/Weapons/Weapon_Mech_AWS_Torso_Right_EH1_Laser.Weapon_Mech_AWS_Torso_Right_EH1_Laser_C",
				"(TagName=\"Weapon.Energy.Laser.Pulse.Small\")": "/Game/Objects/Mechs/Awesome/Model/Weapons/Weapon_Mech_AWS_Torso_Right_EH1_Laser.Weapon_Mech_AWS_Torso_Right_EH1_Laser_C",
				"(TagName=\"Weapon.Energy.TAG\")": "/Game/Objects/Mechs/Awesome/Model/Weapons/Weapon_Mech_AWS_Torso_Right_EH1_Laser.Weapon_Mech_AWS_Torso_Right_EH1_Laser_C",
				"(TagName=\"Weapon.Energy.Flamer\")": "/Game/Objects/Mechs/Awesome/Model/Weapons/Weapon_Mech_AWS_Torso_Right_EH1_Flamer.Weapon_Mech_AWS_Torso_Right_EH1_Flamer_C",
				"(TagName=\"Weapon.Energy.ParticleCannon\")": "/Game/Objects/Mechs/Awesome/Model/Weapons/Weapon_Mech_AWS_Torso_Right_EH1_SNPPC.Weapon_Mech_AWS_Torso_Right_EH1_SNPPC_C",
				"(TagName=\"Weapon\")": "/Game/Objects/Mechs/Awesome/Model/Weapons/Weapon_Mech_AWS_Torso_Right_EH1_PPC.Weapon_Mech_AWS_Torso_Right_EH1_PPC_C",
				"()": "None"
			}
		},
		{
			"hardpointSlotId": "Forearm_Right_EH1_ppc",
			"mechSkeletonSocketId": "Forearm_Right_Weapon",
			"mechPart": "RightArm",
			"bHideOnPartDestruction": true,
			"slotTypeAssetId":
			{
				"id": "MWSlotTypeDataAsset:PPC_SlotType"
			},
			"hardpointVisuals":
			{
				"(TagName=\"Weapon.Energy.ParticleCannon.PPC\")": "/Game/Objects/Mechs/Awesome/Model/Weapons/Weapon_Mech_AWS_Forearm_Right_EH1_PPC.Weapon_Mech_AWS_Forearm_Right_EH1_PPC_C",
				"(TagName=\"Weapon.Energy.ParticleCannon.HPPC\")": "/Game/Objects/Mechs/Awesome/Model/Weapons/Weapon_Mech_AWS_Forearm_Right_EH1_HPPC.Weapon_Mech_AWS_Forearm_Right_EH1_HPPC_C",
				"(TagName=\"Weapon.Energy.ParticleCannon.ERPPC\")": "/Game/Objects/Mechs/Awesome/Model/Weapons/Weapon_Mech_AWS_Forearm_Right_EH1_PPC.Weapon_Mech_AWS_Forearm_Right_EH1_PPC_C",
				"(TagName=\"Weapon.Energy.ParticleCannon.SNPPC\")": "/Game/Objects/Mechs/Awesome/Model/Weapons/Weapon_Mech_AWS_Forearm_Right_EH1_SNPPC.Weapon_Mech_AWS_Forearm_Right_EH1_SNPPC_C",
				"(TagName=\"Weapon.Energy.ParticleCannon.LPPC\")": "/Game/Objects/Mechs/Awesome/Model/Weapons/Weapon_Mech_AWS_Forearm_Right_EH1_LPPC.Weapon_Mech_AWS_Forearm_Right_EH1_LPPC_C",
				"(TagName=\"Weapon.Energy.Laser.Standard.Large\")": "/Game/Objects/Mechs/Awesome/Model/Weapons/Weapon_Mech_AWS_Forearm_Right_EH1_Laser.Weapon_Mech_AWS_Forearm_Right_EH1_Laser_C",
				"(TagName=\"Weapon.Energy.Laser.ER.Large\")": "/Game/Objects/Mechs/Awesome/Model/Weapons/Weapon_Mech_AWS_Forearm_Right_EH1_Laser.Weapon_Mech_AWS_Forearm_Right_EH1_Laser_C",
				"(TagName=\"Weapon.Energy.Laser.ER.Large.Clan\")": "/Game/Objects/Mechs/Awesome/Model/Weapons/Weapon_Mech_AWS_Forearm_Right_EH1_Laser.Weapon_Mech_AWS_Forearm_Right_EH1_Laser_C",
				"(TagName=\"Weapon.Energy.Laser.Pulse.Large\")": "/Game/Objects/Mechs/Awesome/Model/Weapons/Weapon_Mech_AWS_Forearm_Right_EH1_Laser.Weapon_Mech_AWS_Forearm_Right_EH1_Laser_C",
				"(TagName=\"Weapon.Energy.Laser.Standard.Medium\")": "/Game/Objects/Mechs/Awesome/Model/Weapons/Weapon_Mech_AWS_Forearm_Right_EH1_Laser.Weapon_Mech_AWS_Forearm_Right_EH1_Laser_C",
				"(TagName=\"Weapon.Energy.Laser.ER.Medium.Clan\")": "/Game/Objects/Mechs/Awesome/Model/Weapons/Weapon_Mech_AWS_Forearm_Right_EH1_Laser.Weapon_Mech_AWS_Forearm_Right_EH1_Laser_C",
				"(TagName=\"Weapon.Energy.Laser.Pulse.Medium\")": "/Game/Objects/Mechs/Awesome/Model/Weapons/Weapon_Mech_AWS_Forearm_Right_EH1_Laser.Weapon_Mech_AWS_Forearm_Right_EH1_Laser_C",
				"(TagName=\"Weapon.Energy.Laser.Pulse.Medium.Clan\")": "/Game/Objects/Mechs/Awesome/Model/Weapons/Weapon_Mech_AWS_Forearm_Right_EH1_Laser.Weapon_Mech_AWS_Forearm_Right_EH1_Laser_C",
				"(TagName=\"Weapon.Energy.Laser.Standard.Small\")": "/Game/Objects/Mechs/Awesome/Model/Weapons/Weapon_Mech_AWS_Forearm_Right_EH1_Laser.Weapon_Mech_AWS_Forearm_Right_EH1_Laser_C",
				"(TagName=\"Weapon.Energy.Laser.Pulse.Small\")": "/Game/Objects/Mechs/Awesome/Model/Weapons/Weapon_Mech_AWS_Forearm_Right_EH1_Laser.Weapon_Mech_AWS_Forearm_Right_EH1_Laser_C",
				"(TagName=\"Weapon.Energy.TAG\")": "/Game/Objects/Mechs/Awesome/Model/Weapons/Weapon_Mech_AWS_Forearm_Right_EH1_Laser.Weapon_Mech_AWS_Forearm_Right_EH1_Laser_C",
				"(TagName=\"Weapon.Energy.Flamer\")": "/Game/Objects/Mechs/Awesome/Model/Weapons/Weapon_Mech_AWS_Forearm_Right_EH1_Flamer.Weapon_Mech_AWS_Forearm_Right_EH1_Flamer_C",
				"(TagName=\"Weapon.Energy.ParticleCannon\")": "/Game/Objects/Mechs/Awesome/Model/Weapons/Weapon_Mech_AWS_Forearm_Right_EH1_SNPPC.Weapon_Mech_AWS_Forearm_Right_EH1_SNPPC_C",
				"(TagName=\"Weapon\")": "/Game/Objects/Mechs/Awesome/Model/Weapons/Weapon_Mech_AWS_Forearm_Right_EH1_PPC.Weapon_Mech_AWS_Forearm_Right_EH1_PPC_C",
				"()": "None"
			}
		},
		{
			"hardpointSlotId": "Torso_Left_MH2_lrm15",
			"mechSkeletonSocketId": "Torso_Weapon",
			"mechPart": "LeftTorso",
			"bHideOnPartDestruction": true,
			"slotTypeAssetId":
			{
				"id": "MWSlotTypeDataAsset:LRM15_SlotType"
			},
			"hardpointVisuals":
			{
				"(TagName=\"Weapon.Missile.LRM.LRM15\")": "/Game/Objects/Mechs/Awesome/Model/Weapons/Weapon_Mech_AWS_Torso_Left_MH2_Missile15.Weapon_Mech_AWS_Torso_Left_MH2_Missile15_C",
				"(TagName=\"Weapon.Missile.LRM.LRM20\")": "/Game/Objects/Mechs/Awesome/Model/Weapons/Weapon_Mech_AWS_Torso_Left_MH2_Missile20.Weapon_Mech_AWS_Torso_Left_MH2_Missile20_C",
				"(TagName=\"Weapon.ArtemisMissile.LRM.LRM20\")": "/Game/Objects/Mechs/Awesome/Model/Weapons/Weapon_Mech_AWS_Torso_Left_MH2_Missile20.Weapon_Mech_AWS_Torso_Left_MH2_Missile20_C",
				"(TagName=\"Weapon.Missile.LRM.LRM20.Clan\")": "/Game/Objects/Mechs/Awesome/Model/Weapons/Weapon_Mech_AWS_Torso_Left_MH2_Missile20.Weapon_Mech_AWS_Torso_Left_MH2_Missile20_C",
				"(TagName=\"Weapon.ArtemisMissile.LRM.LRM15\")": "/Game/Objects/Mechs/Awesome/Model/Weapons/Weapon_Mech_AWS_Torso_Left_MH2_Missile15.Weapon_Mech_AWS_Torso_Left_MH2_Missile15_C",
				"(TagName=\"Weapon.Missile.LRM.LRM10\")": "/Game/Objects/Mechs/Awesome/Model/Weapons/Weapon_Mech_AWS_Torso_Left_MH2_Missile10.Weapon_Mech_AWS_Torso_Left_MH2_Missile10_C",
				"(TagName=\"Weapon.ArtemisMissile.LRM.LRM10\")": "/Game/Objects/Mechs/Awesome/Model/Weapons/Weapon_Mech_AWS_Torso_Left_MH2_Missile10.Weapon_Mech_AWS_Torso_Left_MH2_Missile10_C",
				"(TagName=\"Weapon.Missile.SRM.SRM6\")": "/Game/Objects/Mechs/Awesome/Model/Weapons/Weapon_Mech_AWS_Torso_Left_MH2_Missile6.Weapon_Mech_AWS_Torso_Left_MH2_Missile6_C",
				"(TagName=\"Weapon.ArtemisMissile.SRM.SRM6\")": "/Game/Objects/Mechs/Awesome/Model/Weapons/Weapon_Mech_AWS_Torso_Left_MH2_Missile6.Weapon_Mech_AWS_Torso_Left_MH2_Missile6_C",
				"(TagName=\"Weapon.Missile.NARC\")": "/Game/Objects/Mechs/Awesome/Model/Weapons/Weapon_Mech_AWS_Torso_Left_MH2_Narc.Weapon_Mech_AWS_Torso_Left_MH2_Narc_C",
				"(TagName=\"Weapon.Missile.LRM.LRM5\")": "/Game/Objects/Mechs/Awesome/Model/Weapons/Weapon_Mech_AWS_Torso_Left_MH2_Missile5.Weapon_Mech_AWS_Torso_Left_MH2_Missile5_C",
				"(TagName=\"Weapon.ArtemisMissile.LRM.LRM5\")": "/Game/Objects/Mechs/Awesome/Model/Weapons/Weapon_Mech_AWS_Torso_Left_MH2_Missile5.Weapon_Mech_AWS_Torso_Left_MH2_Missile5_C",
				"(TagName=\"Weapon.Missile.SRM.SRM4\")": "/Game/Objects/Mechs/Awesome/Model/Weapons/Weapon_Mech_AWS_Torso_Left_MH2_Missile4.Weapon_Mech_AWS_Torso_Left_MH2_Missile4_C",
				"(TagName=\"Weapon.ArtemisMissile.SRM.SRM4\")": "/Game/Objects/Mechs/Awesome/Model/Weapons/Weapon_Mech_AWS_Torso_Left_MH2_Missile4.Weapon_Mech_AWS_Torso_Left_MH2_Missile4_C",
				"(TagName=\"Weapon.Missile.SRM.SRM2\")": "/Game/Objects/Mechs/Awesome/Model/Weapons/Weapon_Mech_AWS_Torso_Left_MH2_Missile2.Weapon_Mech_AWS_Torso_Left_MH2_Missile2_C",
				"(TagName=\"Weapon.Missile.SRM.Streak.SRM2\")": "/Game/Objects/Mechs/Awesome/Model/Weapons/Weapon_Mech_AWS_Torso_Left_MH2_Missile2.Weapon_Mech_AWS_Torso_Left_MH2_Missile2_C",
				"(TagName=\"Weapon.ArtemisMissile.SRM.SRM2\")": "/Game/Objects/Mechs/Awesome/Model/Weapons/Weapon_Mech_AWS_Torso_Left_MH2_Missile2.Weapon_Mech_AWS_Torso_Left_MH2_Missile2_C",
				"(TagName=\"Weapon\")": "/Game/Objects/Mechs/Awesome/Model/Weapons/Weapon_Mech_AWS_Torso_Left_MH2_Missile15.Weapon_Mech_AWS_Torso_Left_MH2_Missile15_C",
				"()": "None"
			}
		},
		{
			"hardpointSlotId": "Torso_Right_MH2_lrm15",
			"mechSkeletonSocketId": "Torso_Weapon",
			"mechPart": "RightTorso",
			"bHideOnPartDestruction": true,
			"slotTypeAssetId":
			{
				"id": "MWSlotTypeDataAsset:LRM15_SlotType"
			},
			"hardpointVisuals":
			{
				"(TagName=\"Weapon.Missile.LRM.LRM15\")": "/Game/Objects/Mechs/Awesome/Model/Weapons/Weapon_Mech_AWS_Torso_Right_MH2_Missile15.Weapon_Mech_AWS_Torso_Right_MH2_Missile15_C",
				"(TagName=\"Weapon.Missile.LRM.LRM20\")": "/Game/Objects/Mechs/Awesome/Model/Weapons/Weapon_Mech_AWS_Torso_Right_MH2_Missile20.Weapon_Mech_AWS_Torso_Right_MH2_Missile20_C",
				"(TagName=\"Weapon.ArtemisMissile.LRM.LRM20\")": "/Game/Objects/Mechs/Awesome/Model/Weapons/Weapon_Mech_AWS_Torso_Right_MH2_Missile20.Weapon_Mech_AWS_Torso_Right_MH2_Missile20_C",
				"(TagName=\"Weapon.Missile.LRM.LRM20.Clan\")": "/Game/Objects/Mechs/Awesome/Model/Weapons/Weapon_Mech_AWS_Torso_Right_MH2_Missile20.Weapon_Mech_AWS_Torso_Right_MH2_Missile20_C",
				"(TagName=\"Weapon.ArtemisMissile.LRM.LRM15\")": "/Game/Objects/Mechs/Awesome/Model/Weapons/Weapon_Mech_AWS_Torso_Right_MH2_Missile15.Weapon_Mech_AWS_Torso_Right_MH2_Missile15_C",
				"(TagName=\"Weapon.Missile.LRM.LRM10\")": "/Game/Objects/Mechs/Awesome/Model/Weapons/Weapon_Mech_AWS_Torso_Right_MH2_Missile10.Weapon_Mech_AWS_Torso_Right_MH2_Missile10_C",
				"(TagName=\"Weapon.ArtemisMissile.LRM.LRM10\")": "/Game/Objects/Mechs/Awesome/Model/Weapons/Weapon_Mech_AWS_Torso_Right_MH2_Missile10.Weapon_Mech_AWS_Torso_Right_MH2_Missile10_C",
				"(TagName=\"Weapon.Missile.SRM.SRM6\")": "/Game/Objects/Mechs/Awesome/Model/Weapons/Weapon_Mech_AWS_Torso_Right_MH2_Missile6.Weapon_Mech_AWS_Torso_Right_MH2_Missile6_C",
				"(TagName=\"Weapon.ArtemisMissile.SRM.SRM6\")": "/Game/Objects/Mechs/Awesome/Model/Weapons/Weapon_Mech_AWS_Torso_Right_MH2_Missile6.Weapon_Mech_AWS_Torso_Right_MH2_Missile6_C",
				"(TagName=\"Weapon.Missile.NARC\")": "/Game/Objects/Mechs/Awesome/Model/Weapons/Weapon_Mech_AWS_Torso_Right_MH2_Narc.Weapon_Mech_AWS_Torso_Right_MH2_Narc_C",
				"(TagName=\"Weapon.Missile.LRM.LRM5\")": "/Game/Objects/Mechs/Awesome/Model/Weapons/Weapon_Mech_AWS_Torso_Right_MH2_Missile5.Weapon_Mech_AWS_Torso_Right_MH2_Missile5_C",
				"(TagName=\"Weapon.ArtemisMissile.LRM.LRM5\")": "/Game/Objects/Mechs/Awesome/Model/Weapons/Weapon_Mech_AWS_Torso_Right_MH2_Missile5.Weapon_Mech_AWS_Torso_Right_MH2_Missile5_C",
				"(TagName=\"Weapon.Missile.SRM.SRM4\")": "/Game/Objects/Mechs/Awesome/Model/Weapons/Weapon_Mech_AWS_Torso_Right_MH2_Missile4.Weapon_Mech_AWS_Torso_Right_MH2_Missile4_C",
				"(TagName=\"Weapon.ArtemisMissile.SRM.SRM4\")": "/Game/Objects/Mechs/Awesome/Model/Weapons/Weapon_Mech_AWS_Torso_Right_MH2_Missile4.Weapon_Mech_AWS_Torso_Right_MH2_Missile4_C",
				"(TagName=\"Weapon.Missile.SRM.SRM2\")": "/Game/Objects/Mechs/Awesome/Model/Weapons/Weapon_Mech_AWS_Torso_Right_MH2_Missile2.Weapon_Mech_AWS_Torso_Right_MH2_Missile2_C",
				"(TagName=\"Weapon.Missile.SRM.Streak.SRM2\")": "/Game/Objects/Mechs/Awesome/Model/Weapons/Weapon_Mech_AWS_Torso_Right_MH2_Missile2.Weapon_Mech_AWS_Torso_Right_MH2_Missile2_C",
				"(TagName=\"Weapon.ArtemisMissile.SRM.SRM2\")": "/Game/Objects/Mechs/Awesome/Model/Weapons/Weapon_Mech_AWS_Torso_Right_MH2_Missile2.Weapon_Mech_AWS_Torso_Right_MH2_Missile2_C",
				"(TagName=\"Weapon\")": "/Game/Objects/Mechs/Awesome/Model/Weapons/Weapon_Mech_AWS_Torso_Right_MH2_Missile15.Weapon_Mech_AWS_Torso_Right_MH2_Missile15_C",
				"()": "None"
			}
		},
		{
			"hardpointSlotId": "Forearm_Right_EH1_largelaser",
			"mechSkeletonSocketId": "Forearm_Right_Weapon",
			"mechPart": "RightArm",
			"bHideOnPartDestruction": true,
			"slotTypeAssetId":
			{
				"id": "MWSlotTypeDataAsset:LargeLaser_SlotType"
			},
			"hardpointVisuals":
			{
				"(TagName=\"Weapon.Energy.Laser.Standard.Large\")": "/Game/Objects/Mechs/Awesome/Model/Weapons/Weapon_Mech_AWS_Forearm_Right_EH1_Laser.Weapon_Mech_AWS_Forearm_Right_EH1_Laser_C",
				"(TagName=\"Weapon.Energy.ParticleCannon.HPPC\")": "/Game/Objects/Mechs/Awesome/Model/Weapons/Weapon_Mech_AWS_Forearm_Right_EH1_HPPC.Weapon_Mech_AWS_Forearm_Right_EH1_HPPC_C",
				"(TagName=\"Weapon.Energy.ParticleCannon.PPC\")": "/Game/Objects/Mechs/Awesome/Model/Weapons/Weapon_Mech_AWS_Forearm_Right_EH1_PPC.Weapon_Mech_AWS_Forearm_Right_EH1_PPC_C",
				"(TagName=\"Weapon.Energy.ParticleCannon.ERPPC\")": "/Game/Objects/Mechs/Awesome/Model/Weapons/Weapon_Mech_AWS_Forearm_Right_EH1_PPC.Weapon_Mech_AWS_Forearm_Right_EH1_PPC_C",
				"(TagName=\"Weapon.Energy.ParticleCannon.SNPPC\")": "/Game/Objects/Mechs/Awesome/Model/Weapons/Weapon_Mech_AWS_Forearm_Right_EH1_SNPPC.Weapon_Mech_AWS_Forearm_Right_EH1_SNPPC_C",
				"(TagName=\"Weapon.Energy.ParticleCannon.LPPC\")": "/Game/Objects/Mechs/Awesome/Model/Weapons/Weapon_Mech_AWS_Forearm_Right_EH1_LPPC.Weapon_Mech_AWS_Forearm_Right_EH1_LPPC_C",
				"(TagName=\"Weapon.Energy.Laser.ER.Large\")": "/Game/Objects/Mechs/Awesome/Model/Weapons/Weapon_Mech_AWS_Forearm_Right_EH1_Laser.Weapon_Mech_AWS_Forearm_Right_EH1_Laser_C",
				"(TagName=\"Weapon.Energy.Laser.ER.Large.Clan\")": "/Game/Objects/Mechs/Awesome/Model/Weapons/Weapon_Mech_AWS_Forearm_Right_EH1_Laser.Weapon_Mech_AWS_Forearm_Right_EH1_Laser_C",
				"(TagName=\"Weapon.Energy.Laser.Pulse.Large\")": "/Game/Objects/Mechs/Awesome/Model/Weapons/Weapon_Mech_AWS_Forearm_Right_EH1_Laser.Weapon_Mech_AWS_Forearm_Right_EH1_Laser_C",
				"(TagName=\"Weapon.Energy.Laser.Standard.Medium\")": "/Game/Objects/Mechs/Awesome/Model/Weapons/Weapon_Mech_AWS_Forearm_Right_EH1_Laser.Weapon_Mech_AWS_Forearm_Right_EH1_Laser_C",
				"(TagName=\"Weapon.Energy.Laser.ER.Medium.Clan\")": "/Game/Objects/Mechs/Awesome/Model/Weapons/Weapon_Mech_AWS_Forearm_Right_EH1_Laser.Weapon_Mech_AWS_Forearm_Right_EH1_Laser_C",
				"(TagName=\"Weapon.Energy.Laser.Pulse.Medium\")": "/Game/Objects/Mechs/Awesome/Model/Weapons/Weapon_Mech_AWS_Forearm_Right_EH1_Laser.Weapon_Mech_AWS_Forearm_Right_EH1_Laser_C",
				"(TagName=\"Weapon.Energy.Laser.Pulse.Medium.Clan\")": "/Game/Objects/Mechs/Awesome/Model/Weapons/Weapon_Mech_AWS_Forearm_Right_EH1_Laser.Weapon_Mech_AWS_Forearm_Right_EH1_Laser_C",
				"(TagName=\"Weapon.Energy.Laser.Standard.Small\")": "/Game/Objects/Mechs/Awesome/Model/Weapons/Weapon_Mech_AWS_Forearm_Right_EH1_Laser.Weapon_Mech_AWS_Forearm_Right_EH1_Laser_C",
				"(TagName=\"Weapon.Energy.Laser.Pulse.Small\")": "/Game/Objects/Mechs/Awesome/Model/Weapons/Weapon_Mech_AWS_Forearm_Right_EH1_Laser.Weapon_Mech_AWS_Forearm_Right_EH1_Laser_C",
				"(TagName=\"Weapon.Energy.TAG\")": "/Game/Objects/Mechs/Awesome/Model/Weapons/Weapon_Mech_AWS_Forearm_Right_EH1_Laser.Weapon_Mech_AWS_Forearm_Right_EH1_Laser_C",
				"(TagName=\"Weapon.Energy.Flamer\")": "/Game/Objects/Mechs/Awesome/Model/Weapons/Weapon_Mech_AWS_Forearm_Right_EH1_Flamer.Weapon_Mech_AWS_Forearm_Right_EH1_Flamer_C",
				"(TagName=\"Weapon.Energy.ParticleCannon\")": "/Game/Objects/Mechs/Awesome/Model/Weapons/Weapon_Mech_AWS_Forearm_Right_EH1_SNPPC.Weapon_Mech_AWS_Forearm_Right_EH1_SNPPC_C",
				"(TagName=\"Weapon\")": "/Game/Objects/Mechs/Awesome/Model/Weapons/Weapon_Mech_AWS_Forearm_Right_EH1_Laser.Weapon_Mech_AWS_Forearm_Right_EH1_Laser_C",
				"()": "None"
			}
		},
		{
			"hardpointSlotId": "Forearm_Left_EH1_largelaser",
			"mechSkeletonSocketId": "Forearm_Left_Weapon",
			"mechPart": "LeftArm",
			"bHideOnPartDestruction": true,
			"slotTypeAssetId":
			{
				"id": "MWSlotTypeDataAsset:LargeLaser_SlotType"
			},
			"hardpointVisuals":
			{
				"(TagName=\"Weapon.Energy.Laser.Standard.Large\")": "/Game/Objects/Mechs/Awesome/Model/Weapons/Weapon_Mech_AWS_Forearm_Left_EH1_Laser.Weapon_Mech_AWS_Forearm_Left_EH1_Laser_C",
				"(TagName=\"Weapon.Energy.ParticleCannon.HPPC\")": "/Game/Objects/Mechs/Awesome/Model/Weapons/Weapon_Mech_AWS_Forearm_Left_EH1_HPPC.Weapon_Mech_AWS_Forearm_Left_EH1_HPPC_C",
				"(TagName=\"Weapon.Energy.ParticleCannon.PPC\")": "/Game/Objects/Mechs/Awesome/Model/Weapons/Weapon_Mech_AWS_Forearm_Left_EH1_PPC.Weapon_Mech_AWS_Forearm_Left_EH1_PPC_C",
				"(TagName=\"Weapon.Energy.ParticleCannon.ERPPC\")": "/Game/Objects/Mechs/Awesome/Model/Weapons/Weapon_Mech_AWS_Forearm_Left_EH1_PPC.Weapon_Mech_AWS_Forearm_Left_EH1_PPC_C",
				"(TagName=\"Weapon.Energy.ParticleCannon.SNPPC\")": "/Game/Objects/Mechs/Awesome/Model/Weapons/Weapon_Mech_AWS_Forearm_Left_EH1_SNPPC.Weapon_Mech_AWS_Forearm_Left_EH1_SNPPC_C",
				"(TagName=\"Weapon.Energy.ParticleCannon.LPPC\")": "/Game/Objects/Mechs/Awesome/Model/Weapons/Weapon_Mech_AWS_Forearm_Left_EH1_LPPC.Weapon_Mech_AWS_Forearm_Left_EH1_LPPC_C",
				"(TagName=\"Weapon.Energy.Laser.ER.Large\")": "/Game/Objects/Mechs/Awesome/Model/Weapons/Weapon_Mech_AWS_Forearm_Left_EH1_Laser.Weapon_Mech_AWS_Forearm_Left_EH1_Laser_C",
				"(TagName=\"Weapon.Energy.Laser.ER.Large.Clan\")": "/Game/Objects/Mechs/Awesome/Model/Weapons/Weapon_Mech_AWS_Forearm_Left_EH1_Laser.Weapon_Mech_AWS_Forearm_Left_EH1_Laser_C",
				"(TagName=\"Weapon.Energy.Laser.Pulse.Large\")": "/Game/Objects/Mechs/Awesome/Model/Weapons/Weapon_Mech_AWS_Forearm_Left_EH1_Laser.Weapon_Mech_AWS_Forearm_Left_EH1_Laser_C",
				"(TagName=\"Weapon.Energy.Laser.Standard.Medium\")": "/Game/Objects/Mechs/Awesome/Model/Weapons/Weapon_Mech_AWS_Forearm_Left_EH1_Laser.Weapon_Mech_AWS_Forearm_Left_EH1_Laser_C",
				"(TagName=\"Weapon.Energy.Laser.ER.Medium.Clan\")": "/Game/Objects/Mechs/Awesome/Model/Weapons/Weapon_Mech_AWS_Forearm_Left_EH1_Laser.Weapon_Mech_AWS_Forearm_Left_EH1_Laser_C",
				"(TagName=\"Weapon.Energy.Laser.Pulse.Medium\")": "/Game/Objects/Mechs/Awesome/Model/Weapons/Weapon_Mech_AWS_Forearm_Left_EH1_Laser.Weapon_Mech_AWS_Forearm_Left_EH1_Laser_C",
				"(TagName=\"Weapon.Energy.Laser.Pulse.Medium.Clan\")": "/Game/Objects/Mechs/Awesome/Model/Weapons/Weapon_Mech_AWS_Forearm_Left_EH1_Laser.Weapon_Mech_AWS_Forearm_Left_EH1_Laser_C",
				"(TagName=\"Weapon.Energy.Laser.Standard.Small\")": "/Game/Objects/Mechs/Awesome/Model/Weapons/Weapon_Mech_AWS_Forearm_Left_EH1_Laser.Weapon_Mech_AWS_Forearm_Left_EH1_Laser_C",
				"(TagName=\"Weapon.Energy.Laser.Pulse.Small\")": "/Game/Objects/Mechs/Awesome/Model/Weapons/Weapon_Mech_AWS_Forearm_Left_EH1_Laser.Weapon_Mech_AWS_Forearm_Left_EH1_Laser_C",
				"(TagName=\"Weapon.Energy.TAG\")": "/Game/Objects/Mechs/Awesome/Model/Weapons/Weapon_Mech_AWS_Forearm_Left_EH1_Laser.Weapon_Mech_AWS_Forearm_Left_EH1_Laser_C",
				"(TagName=\"Weapon.Energy.Flamer\")": "/Game/Objects/Mechs/Awesome/Model/Weapons/Weapon_Mech_AWS_Forearm_Left_EH1_Flamer.Weapon_Mech_AWS_Forearm_Left_EH1_Flamer_C",
				"(TagName=\"Weapon.Energy.ParticleCannon\")": "/Game/Objects/Mechs/Awesome/Model/Weapons/Weapon_Mech_AWS_Forearm_Left_EH1_SNPPC.Weapon_Mech_AWS_Forearm_Left_EH1_SNPPC_C",
				"(TagName=\"Weapon\")": "/Game/Objects/Mechs/Awesome/Model/Weapons/Weapon_Mech_AWS_Forearm_Left_EH1_Laser.Weapon_Mech_AWS_Forearm_Left_EH1_Laser_C",
				"()": "None"
			}
		},
		{
			"hardpointSlotId": "Torso_Left_EH1_largelaser",
			"mechSkeletonSocketId": "Torso_Weapon",
			"mechPart": "LeftTorso",
			"bHideOnPartDestruction": false,
			"slotTypeAssetId":
			{
				"id": "MWSlotTypeDataAsset:LargeLaser_SlotType"
			},
			"hardpointVisuals":
			{
				"(TagName=\"Weapon.Energy.Laser.Standard.Large\")": "/Game/Objects/Mechs/Awesome/Model/Weapons/Weapon_Mech_AWS_Torso_Left_EH1_Laser.Weapon_Mech_AWS_Torso_Left_EH1_Laser_C",
				"(TagName=\"Weapon.Energy.ParticleCannon.HPPC\")": "/Game/Objects/Mechs/Awesome/Model/Weapons/Weapon_Mech_AWS_Torso_Left_EH1_HPPC.Weapon_Mech_AWS_Torso_Left_EH1_HPPC_C",
				"(TagName=\"Weapon.Energy.ParticleCannon.PPC\")": "/Game/Objects/Mechs/Awesome/Model/Weapons/Weapon_Mech_AWS_Torso_Left_EH1_PPC.Weapon_Mech_AWS_Torso_Left_EH1_PPC_C",
				"(TagName=\"Weapon.Energy.ParticleCannon.ERPPC\")": "/Game/Objects/Mechs/Awesome/Model/Weapons/Weapon_Mech_AWS_Torso_Left_EH1_PPC.Weapon_Mech_AWS_Torso_Left_EH1_PPC_C",
				"(TagName=\"Weapon.Energy.ParticleCannon.SNPPC\")": "/Game/Objects/Mechs/Awesome/Model/Weapons/Weapon_Mech_AWS_Torso_Left_EH1_SNPPC.Weapon_Mech_AWS_Torso_Left_EH1_SNPPC_C",
				"(TagName=\"Weapon.Energy.ParticleCannon.LPPC\")": "/Game/Objects/Mechs/Awesome/Model/Weapons/Weapon_Mech_AWS_Torso_Left_EH1_LPPC.Weapon_Mech_AWS_Torso_Left_EH1_LPPC_C",
				"(TagName=\"Weapon.Energy.Laser.ER.Large\")": "/Game/Objects/Mechs/Awesome/Model/Weapons/Weapon_Mech_AWS_Torso_Left_EH1_Laser.Weapon_Mech_AWS_Torso_Left_EH1_Laser_C",
				"(TagName=\"Weapon.Energy.Laser.ER.Large.Clan\")": "/Game/Objects/Mechs/Awesome/Model/Weapons/Weapon_Mech_AWS_Torso_Left_EH1_Laser.Weapon_Mech_AWS_Torso_Left_EH1_Laser_C",
				"(TagName=\"Weapon.Energy.Laser.Pulse.Large\")": "/Game/Objects/Mechs/Awesome/Model/Weapons/Weapon_Mech_AWS_Torso_Left_EH1_Laser.Weapon_Mech_AWS_Torso_Left_EH1_Laser_C",
				"(TagName=\"Weapon.Energy.Laser.Standard.Medium\")": "/Game/Objects/Mechs/Awesome/Model/Weapons/Weapon_Mech_AWS_Torso_Left_EH1_Laser.Weapon_Mech_AWS_Torso_Left_EH1_Laser_C",
				"(TagName=\"Weapon.Energy.Laser.ER.Medium.Clan\")": "/Game/Objects/Mechs/Awesome/Model/Weapons/Weapon_Mech_AWS_Torso_Left_EH1_Laser.Weapon_Mech_AWS_Torso_Left_EH1_Laser_C",
				"(TagName=\"Weapon.Energy.Laser.Pulse.Medium\")": "/Game/Objects/Mechs/Awesome/Model/Weapons/Weapon_Mech_AWS_Torso_Left_EH1_Laser.Weapon_Mech_AWS_Torso_Left_EH1_Laser_C",
				"(TagName=\"Weapon.Energy.Laser.Pulse.Medium.Clan\")": "/Game/Objects/Mechs/Awesome/Model/Weapons/Weapon_Mech_AWS_Torso_Left_EH1_Laser.Weapon_Mech_AWS_Torso_Left_EH1_Laser_C",
				"(TagName=\"Weapon.Energy.Laser.Standard.Small\")": "/Game/Objects/Mechs/Awesome/Model/Weapons/Weapon_Mech_AWS_Torso_Left_EH1_Laser.Weapon_Mech_AWS_Torso_Left_EH1_Laser_C",
				"(TagName=\"Weapon.Energy.Laser.Pulse.Small\")": "/Game/Objects/Mechs/Awesome/Model/Weapons/Weapon_Mech_AWS_Torso_Left_EH1_Laser.Weapon_Mech_AWS_Torso_Left_EH1_Laser_C",
				"(TagName=\"Weapon.Energy.TAG\")": "/Game/Objects/Mechs/Awesome/Model/Weapons/Weapon_Mech_AWS_Torso_Left_EH1_Laser.Weapon_Mech_AWS_Torso_Left_EH1_Laser_C",
				"(TagName=\"Weapon.Energy.Flamer\")": "/Game/Objects/Mechs/Awesome/Model/Weapons/Weapon_Mech_AWS_Torso_Left_EH1_Flamer.Weapon_Mech_AWS_Torso_Left_EH1_Flamer_C",
				"(TagName=\"Weapon.Energy.ParticleCannon\")": "/Game/Objects/Mechs/Awesome/Model/Weapons/Weapon_Mech_AWS_Torso_Left_EH1_SNPPC.Weapon_Mech_AWS_Torso_Left_EH1_SNPPC_C",
				"(TagName=\"Weapon\")": "/Game/Objects/Mechs/Awesome/Model/Weapons/Weapon_Mech_AWS_Torso_Left_EH1_Laser.Weapon_Mech_AWS_Torso_Left_EH1_Laser_C",
				"()": "None"
			}
		},
		{
			"hardpointSlotId": "Head_EH1_Laser_smallpulselaser",
			"mechSkeletonSocketId": "Torso_Weapon",
			"mechPart": "Head",
			"bHideOnPartDestruction": false,
			"slotTypeAssetId":
			{
				"id": "MWSlotTypeDataAsset:SmallPulseLaser_SlotType"
			},
			"hardpointVisuals":
			{
				"(TagName=\"Weapon.Energy.Laser.Pulse.Small\")": "/Game/Objects/Mechs/Awesome/Model/Weapons/Weapon_Mech_AWS_Head_EH1_Laser.Weapon_Mech_AWS_Head_EH1_Laser_C",
				"(TagName=\"Weapon.Energy.Laser.Standard.Large\")": "/Game/Objects/Mechs/Awesome/Model/Weapons/Weapon_Mech_AWS_Head_EH1_Laser.Weapon_Mech_AWS_Head_EH1_Laser_C",
				"(TagName=\"Weapon.Energy.Laser.ER.Large\")": "/Game/Objects/Mechs/Awesome/Model/Weapons/Weapon_Mech_AWS_Head_EH1_Laser.Weapon_Mech_AWS_Head_EH1_Laser_C",
				"(TagName=\"Weapon.Energy.Laser.ER.Large.Clan\")": "/Game/Objects/Mechs/Awesome/Model/Weapons/Weapon_Mech_AWS_Head_EH1_Laser.Weapon_Mech_AWS_Head_EH1_Laser_C",
				"(TagName=\"Weapon.Energy.Laser.Pulse.Large\")": "/Game/Objects/Mechs/Awesome/Model/Weapons/Weapon_Mech_AWS_Head_EH1_Laser.Weapon_Mech_AWS_Head_EH1_Laser_C",
				"(TagName=\"Weapon.Energy.Laser.Standard.Medium\")": "/Game/Objects/Mechs/Awesome/Model/Weapons/Weapon_Mech_AWS_Head_EH1_Laser.Weapon_Mech_AWS_Head_EH1_Laser_C",
				"(TagName=\"Weapon.Energy.Laser.ER.Medium.Clan\")": "/Game/Objects/Mechs/Awesome/Model/Weapons/Weapon_Mech_AWS_Head_EH1_Laser.Weapon_Mech_AWS_Head_EH1_Laser_C",
				"(TagName=\"Weapon.Energy.Laser.Pulse.Medium\")": "/Game/Objects/Mechs/Awesome/Model/Weapons/Weapon_Mech_AWS_Head_EH1_Laser.Weapon_Mech_AWS_Head_EH1_Laser_C",
				"(TagName=\"Weapon.Energy.Laser.Pulse.Medium.Clan\")": "/Game/Objects/Mechs/Awesome/Model/Weapons/Weapon_Mech_AWS_Head_EH1_Laser.Weapon_Mech_AWS_Head_EH1_Laser_C",
				"(TagName=\"Weapon.Energy.Laser.Standard.Small\")": "/Game/Objects/Mechs/Awesome/Model/Weapons/Weapon_Mech_AWS_Head_EH1_Laser.Weapon_Mech_AWS_Head_EH1_Laser_C",
				"(TagName=\"Weapon.Energy.TAG\")": "/Game/Objects/Mechs/Awesome/Model/Weapons/Weapon_Mech_AWS_Head_EH1_Laser.Weapon_Mech_AWS_Head_EH1_Laser_C",
				"(TagName=\"Weapon.Energy.Flamer\")": "/Game/Objects/Mechs/Awesome/Model/Weapons/Weapon_Mech_AWS_Head_EH1_Flamer.Weapon_Mech_AWS_Head_EH1_Flamer_C",
				"(TagName=\"Weapon\")": "/Game/Objects/Mechs/Awesome/Model/Weapons/Weapon_Mech_AWS_Head_EH1_Laser.Weapon_Mech_AWS_Head_EH1_Laser_C",
				"()": "None"
			}
		},
		{
			"hardpointSlotId": "Torso_Left_EH1_erppc",
			"mechSkeletonSocketId": "Torso_Weapon",
			"mechPart": "LeftTorso",
			"bHideOnPartDestruction": false,
			"slotTypeAssetId":
			{
				"id": "MWSlotTypeDataAsset:ERPPC_SlotType"
			},
			"hardpointVisuals":
			{
				"(TagName=\"Weapon.Energy.ParticleCannon.ERPPC\")": "/Game/Objects/Mechs/Awesome/Model/Weapons/Weapon_Mech_AWS_Torso_Left_EH1_PPC.Weapon_Mech_AWS_Torso_Left_EH1_PPC_C",
				"(TagName=\"Weapon.Energy.ParticleCannon.HPPC\")": "/Game/Objects/Mechs/Awesome/Model/Weapons/Weapon_Mech_AWS_Torso_Left_EH1_HPPC.Weapon_Mech_AWS_Torso_Left_EH1_HPPC_C",
				"(TagName=\"Weapon.Energy.ParticleCannon.PPC\")": "/Game/Objects/Mechs/Awesome/Model/Weapons/Weapon_Mech_AWS_Torso_Left_EH1_PPC.Weapon_Mech_AWS_Torso_Left_EH1_PPC_C",
				"(TagName=\"Weapon.Energy.ParticleCannon.SNPPC\")": "/Game/Objects/Mechs/Awesome/Model/Weapons/Weapon_Mech_AWS_Torso_Left_EH1_SNPPC.Weapon_Mech_AWS_Torso_Left_EH1_SNPPC_C",
				"(TagName=\"Weapon.Energy.ParticleCannon.LPPC\")": "/Game/Objects/Mechs/Awesome/Model/Weapons/Weapon_Mech_AWS_Torso_Left_EH1_LPPC.Weapon_Mech_AWS_Torso_Left_EH1_LPPC_C",
				"(TagName=\"Weapon.Energy.Laser.Standard.Large\")": "/Game/Objects/Mechs/Awesome/Model/Weapons/Weapon_Mech_AWS_Torso_Left_EH1_Laser.Weapon_Mech_AWS_Torso_Left_EH1_Laser_C",
				"(TagName=\"Weapon.Energy.Laser.ER.Large\")": "/Game/Objects/Mechs/Awesome/Model/Weapons/Weapon_Mech_AWS_Torso_Left_EH1_Laser.Weapon_Mech_AWS_Torso_Left_EH1_Laser_C",
				"(TagName=\"Weapon.Energy.Laser.ER.Large.Clan\")": "/Game/Objects/Mechs/Awesome/Model/Weapons/Weapon_Mech_AWS_Torso_Left_EH1_Laser.Weapon_Mech_AWS_Torso_Left_EH1_Laser_C",
				"(TagName=\"Weapon.Energy.Laser.Pulse.Large\")": "/Game/Objects/Mechs/Awesome/Model/Weapons/Weapon_Mech_AWS_Torso_Left_EH1_Laser.Weapon_Mech_AWS_Torso_Left_EH1_Laser_C",
				"(TagName=\"Weapon.Energy.Laser.Standard.Medium\")": "/Game/Objects/Mechs/Awesome/Model/Weapons/Weapon_Mech_AWS_Torso_Left_EH1_Laser.Weapon_Mech_AWS_Torso_Left_EH1_Laser_C",
				"(TagName=\"Weapon.Energy.Laser.ER.Medium.Clan\")": "/Game/Objects/Mechs/Awesome/Model/Weapons/Weapon_Mech_AWS_Torso_Left_EH1_Laser.Weapon_Mech_AWS_Torso_Left_EH1_Laser_C",
				"(TagName=\"Weapon.Energy.Laser.Pulse.Medium\")": "/Game/Objects/Mechs/Awesome/Model/Weapons/Weapon_Mech_AWS_Torso_Left_EH1_Laser.Weapon_Mech_AWS_Torso_Left_EH1_Laser_C",
				"(TagName=\"Weapon.Energy.Laser.Pulse.Medium.Clan\")": "/Game/Objects/Mechs/Awesome/Model/Weapons/Weapon_Mech_AWS_Torso_Left_EH1_Laser.Weapon_Mech_AWS_Torso_Left_EH1_Laser_C",
				"(TagName=\"Weapon.Energy.Laser.Standard.Small\")": "/Game/Objects/Mechs/Awesome/Model/Weapons/Weapon_Mech_AWS_Torso_Left_EH1_Laser.Weapon_Mech_AWS_Torso_Left_EH1_Laser_C",
				"(TagName=\"Weapon.Energy.Laser.Pulse.Small\")": "/Game/Objects/Mechs/Awesome/Model/Weapons/Weapon_Mech_AWS_Torso_Left_EH1_Laser.Weapon_Mech_AWS_Torso_Left_EH1_Laser_C",
				"(TagName=\"Weapon.Energy.TAG\")": "/Game/Objects/Mechs/Awesome/Model/Weapons/Weapon_Mech_AWS_Torso_Left_EH1_Laser.Weapon_Mech_AWS_Torso_Left_EH1_Laser_C",
				"(TagName=\"Weapon.Energy.Flamer\")": "/Game/Objects/Mechs/Awesome/Model/Weapons/Weapon_Mech_AWS_Torso_Left_EH1_Flamer.Weapon_Mech_AWS_Torso_Left_EH1_Flamer_C",
				"(TagName=\"Weapon.Energy.ParticleCannon\")": "/Game/Objects/Mechs/Awesome/Model/Weapons/Weapon_Mech_AWS_Torso_Left_EH1_SNPPC.Weapon_Mech_AWS_Torso_Left_EH1_SNPPC_C",
				"(TagName=\"Weapon\")": "/Game/Objects/Mechs/Awesome/Model/Weapons/Weapon_Mech_AWS_Torso_Left_EH1_PPC.Weapon_Mech_AWS_Torso_Left_EH1_PPC_C",
				"()": "None"
			}
		},
		{
			"hardpointSlotId": "Torso_Center_EH1_mediumpulselaser",
			"mechSkeletonSocketId": "Torso_Weapon",
			"mechPart": "CenterTorso",
			"bHideOnPartDestruction": true,
			"slotTypeAssetId":
			{
				"id": "MWSlotTypeDataAsset:MediumPulseLaser_SlotType"
			},
			"hardpointVisuals":
			{
				"(TagName=\"Weapon.Energy.Laser.Pulse.Medium\")": "/Game/Objects/Mechs/Awesome/Model/Weapons/Weapon_Mech_AWS_Torso_Center_EH1_Laser.Weapon_Mech_AWS_Torso_Center_EH1_Laser_C",
				"(TagName=\"Weapon.Energy.ParticleCannon.SNPPC\")": "/Game/Objects/Mechs/Awesome/Model/Weapons/Weapon_Mech_AWS_Torso_Center_EH1_SNPPC.Weapon_Mech_AWS_Torso_Center_EH1_SNPPC_C",
				"(TagName=\"Weapon.Energy.ParticleCannon.LPPC\")": "/Game/Objects/Mechs/Awesome/Model/Weapons/Weapon_Mech_AWS_Torso_Center_EH1_LPPC.Weapon_Mech_AWS_Torso_Center_EH1_LPPC_C",
				"(TagName=\"Weapon.Energy.Laser.Standard.Large\")": "/Game/Objects/Mechs/Awesome/Model/Weapons/Weapon_Mech_AWS_Torso_Center_EH1_Laser.Weapon_Mech_AWS_Torso_Center_EH1_Laser_C",
				"(TagName=\"Weapon.Energy.Laser.ER.Large\")": "/Game/Objects/Mechs/Awesome/Model/Weapons/Weapon_Mech_AWS_Torso_Center_EH1_Laser.Weapon_Mech_AWS_Torso_Center_EH1_Laser_C",
				"(TagName=\"Weapon.Energy.Laser.ER.Large.Clan\")": "/Game/Objects/Mechs/Awesome/Model/Weapons/Weapon_Mech_AWS_Torso_Center_EH1_Laser.Weapon_Mech_AWS_Torso_Center_EH1_Laser_C",
				"(TagName=\"Weapon.Energy.Laser.Pulse.Large\")": "/Game/Objects/Mechs/Awesome/Model/Weapons/Weapon_Mech_AWS_Torso_Center_EH1_Laser.Weapon_Mech_AWS_Torso_Center_EH1_Laser_C",
				"(TagName=\"Weapon.Energy.Laser.Standard.Medium\")": "/Game/Objects/Mechs/Awesome/Model/Weapons/Weapon_Mech_AWS_Torso_Center_EH1_Laser.Weapon_Mech_AWS_Torso_Center_EH1_Laser_C",
				"(TagName=\"Weapon.Energy.Laser.ER.Medium.Clan\")": "/Game/Objects/Mechs/Awesome/Model/Weapons/Weapon_Mech_AWS_Torso_Center_EH1_Laser.Weapon_Mech_AWS_Torso_Center_EH1_Laser_C",
				"(TagName=\"Weapon.Energy.Laser.Pulse.Medium.Clan\")": "/Game/Objects/Mechs/Awesome/Model/Weapons/Weapon_Mech_AWS_Torso_Center_EH1_Laser.Weapon_Mech_AWS_Torso_Center_EH1_Laser_C",
				"(TagName=\"Weapon.Energy.Laser.Standard.Small\")": "/Game/Objects/Mechs/Awesome/Model/Weapons/Weapon_Mech_AWS_Torso_Center_EH1_Laser.Weapon_Mech_AWS_Torso_Center_EH1_Laser_C",
				"(TagName=\"Weapon.Energy.Laser.Pulse.Small\")": "/Game/Objects/Mechs/Awesome/Model/Weapons/Weapon_Mech_AWS_Torso_Center_EH1_Laser.Weapon_Mech_AWS_Torso_Center_EH1_Laser_C",
				"(TagName=\"Weapon.Energy.TAG\")": "/Game/Objects/Mechs/Awesome/Model/Weapons/Weapon_Mech_AWS_Torso_Center_EH1_Laser.Weapon_Mech_AWS_Torso_Center_EH1_Laser_C",
				"(TagName=\"Weapon.Energy.Flamer\")": "/Game/Objects/Mechs/Awesome/Model/Weapons/Weapon_Mech_AWS_Torso_Center_EH1_Flamer.Weapon_Mech_AWS_Torso_Center_EH1_Flamer_C",
				"(TagName=\"Weapon.Energy.ParticleCannon\")": "/Game/Objects/Mechs/Awesome/Model/Weapons/Weapon_Mech_AWS_Torso_Center_EH1_SNPPC.Weapon_Mech_AWS_Torso_Center_EH1_SNPPC_C",
				"(TagName=\"Weapon\")": "/Game/Objects/Mechs/Awesome/Model/Weapons/Weapon_Mech_AWS_Torso_Center_EH1_Laser.Weapon_Mech_AWS_Torso_Center_EH1_Laser_C",
				"()": "None"
			}
		},
		{
			"hardpointSlotId": "Torso_Center_MH1_streaksrm2",
			"mechSkeletonSocketId": "Torso_Weapon",
			"mechPart": "CenterTorso",
			"bHideOnPartDestruction": true,
			"slotTypeAssetId":
			{
				"id": "MWSlotTypeDataAsset:StreakSRM2_SlotType"
			},
			"hardpointVisuals":
			{
				"(TagName=\"Weapon.Missile.SRM.Streak.SRM2\")": "/Game/Objects/Mechs/Awesome/Model/Weapons/Weapon_Mech_AWS_Torso_Center_MH1_Missile2.Weapon_Mech_AWS_Torso_Center_MH1_Missile2_C",
				"(TagName=\"Weapon.Missile.LRM.LRM10\")": "/Game/Objects/Mechs/Awesome/Model/Weapons/Weapon_Mech_AWS_Torso_Center_MH1_Missile10.Weapon_Mech_AWS_Torso_Center_MH1_Missile10_C",
				"(TagName=\"Weapon.ArtemisMissile.LRM.LRM10\")": "/Game/Objects/Mechs/Awesome/Model/Weapons/Weapon_Mech_AWS_Torso_Center_MH1_Missile10.Weapon_Mech_AWS_Torso_Center_MH1_Missile10_C",
				"(TagName=\"Weapon.Missile.SRM.SRM6\")": "/Game/Objects/Mechs/Awesome/Model/Weapons/Weapon_Mech_AWS_Torso_Center_MH1_Missile6.Weapon_Mech_AWS_Torso_Center_MH1_Missile6_C",
				"(TagName=\"Weapon.ArtemisMissile.SRM.SRM6\")": "/Game/Objects/Mechs/Awesome/Model/Weapons/Weapon_Mech_AWS_Torso_Center_MH1_Missile6.Weapon_Mech_AWS_Torso_Center_MH1_Missile6_C",
				"(TagName=\"Weapon.Missile.NARC\")": "/Game/Objects/Mechs/Awesome/Model/Weapons/Weapon_Mech_AWS_Torso_Center_MH1_Narc.Weapon_Mech_AWS_Torso_Center_MH1_Narc_C",
				"(TagName=\"Weapon.Missile.LRM.LRM5\")": "/Game/Objects/Mechs/Awesome/Model/Weapons/Weapon_Mech_AWS_Torso_Center_MH1_Missile5.Weapon_Mech_AWS_Torso_Center_MH1_Missile5_C",
				"(TagName=\"Weapon.ArtemisMissile.LRM.LRM5\")": "/Game/Objects/Mechs/Awesome/Model/Weapons/Weapon_Mech_AWS_Torso_Center_MH1_Missile5.Weapon_Mech_AWS_Torso_Center_MH1_Missile5_C",
				"(TagName=\"Weapon.Missile.SRM.SRM4\")": "/Game/Objects/Mechs/Awesome/Model/Weapons/Weapon_Mech_AWS_Torso_Center_MH1_Missile4.Weapon_Mech_AWS_Torso_Center_MH1_Missile4_C",
				"(TagName=\"Weapon.ArtemisMissile.SRM.SRM4\")": "/Game/Objects/Mechs/Awesome/Model/Weapons/Weapon_Mech_AWS_Torso_Center_MH1_Missile4.Weapon_Mech_AWS_Torso_Center_MH1_Missile4_C",
				"(TagName=\"Weapon.Missile.SRM.SRM2\")": "/Game/Objects/Mechs/Awesome/Model/Weapons/Weapon_Mech_AWS_Torso_Center_MH1_Missile2.Weapon_Mech_AWS_Torso_Center_MH1_Missile2_C",
				"(TagName=\"Weapon.ArtemisMissile.SRM.SRM2\")": "/Game/Objects/Mechs/Awesome/Model/Weapons/Weapon_Mech_AWS_Torso_Center_MH1_Missile2.Weapon_Mech_AWS_Torso_Center_MH1_Missile2_C",
				"(TagName=\"Weapon\")": "/Game/Objects/Mechs/Awesome/Model/Weapons/Weapon_Mech_AWS_Torso_Center_MH1_Missile2.Weapon_Mech_AWS_Torso_Center_MH1_Missile2_C",
				"()": "None"
			}
		},
		{
			"hardpointSlotId": "Torso_Right_EH1_erppc",
			"mechSkeletonSocketId": "Torso_Weapon",
			"mechPart": "RightTorso",
			"bHideOnPartDestruction": false,
			"slotTypeAssetId":
			{
				"id": "MWSlotTypeDataAsset:ERPPC_SlotType"
			},
			"hardpointVisuals":
			{
				"(TagName=\"Weapon.Energy.ParticleCannon.ERPPC\")": "/Game/Objects/Mechs/Awesome/Model/Weapons/Weapon_Mech_AWS_Torso_Right_EH1_PPC.Weapon_Mech_AWS_Torso_Right_EH1_PPC_C",
				"(TagName=\"Weapon.Energy.ParticleCannon.HPPC\")": "/Game/Objects/Mechs/Awesome/Model/Weapons/Weapon_Mech_AWS_Torso_Right_EH1_HPPC.Weapon_Mech_AWS_Torso_Right_EH1_HPPC_C",
				"(TagName=\"Weapon.Energy.ParticleCannon.PPC\")": "/Game/Objects/Mechs/Awesome/Model/Weapons/Weapon_Mech_AWS_Torso_Right_EH1_PPC.Weapon_Mech_AWS_Torso_Right_EH1_PPC_C",
				"(TagName=\"Weapon.Energy.ParticleCannon.SNPPC\")": "/Game/Objects/Mechs/Awesome/Model/Weapons/Weapon_Mech_AWS_Torso_Right_EH1_SNPPC.Weapon_Mech_AWS_Torso_Right_EH1_SNPPC_C",
				"(TagName=\"Weapon.Energy.ParticleCannon.LPPC\")": "/Game/Objects/Mechs/Awesome/Model/Weapons/Weapon_Mech_AWS_Torso_Right_EH1_LPPC.Weapon_Mech_AWS_Torso_Right_EH1_LPPC_C",
				"(TagName=\"Weapon.Energy.Laser.Standard.Large\")": "/Game/Objects/Mechs/Awesome/Model/Weapons/Weapon_Mech_AWS_Torso_Right_EH1_Laser.Weapon_Mech_AWS_Torso_Right_EH1_Laser_C",
				"(TagName=\"Weapon.Energy.Laser.ER.Large\")": "/Game/Objects/Mechs/Awesome/Model/Weapons/Weapon_Mech_AWS_Torso_Right_EH1_Laser.Weapon_Mech_AWS_Torso_Right_EH1_Laser_C",
				"(TagName=\"Weapon.Energy.Laser.ER.Large.Clan\")": "/Game/Objects/Mechs/Awesome/Model/Weapons/Weapon_Mech_AWS_Torso_Right_EH1_Laser.Weapon_Mech_AWS_Torso_Right_EH1_Laser_C",
				"(TagName=\"Weapon.Energy.Laser.Pulse.Large\")": "/Game/Objects/Mechs/Awesome/Model/Weapons/Weapon_Mech_AWS_Torso_Right_EH1_Laser.Weapon_Mech_AWS_Torso_Right_EH1_Laser_C",
				"(TagName=\"Weapon.Energy.Laser.Standard.Medium\")": "/Game/Objects/Mechs/Awesome/Model/Weapons/Weapon_Mech_AWS_Torso_Right_EH1_Laser.Weapon_Mech_AWS_Torso_Right_EH1_Laser_C",
				"(TagName=\"Weapon.Energy.Laser.ER.Medium.Clan\")": "/Game/Objects/Mechs/Awesome/Model/Weapons/Weapon_Mech_AWS_Torso_Right_EH1_Laser.Weapon_Mech_AWS_Torso_Right_EH1_Laser_C",
				"(TagName=\"Weapon.Energy.Laser.Pulse.Medium\")": "/Game/Objects/Mechs/Awesome/Model/Weapons/Weapon_Mech_AWS_Torso_Right_EH1_Laser.Weapon_Mech_AWS_Torso_Right_EH1_Laser_C",
				"(TagName=\"Weapon.Energy.Laser.Pulse.Medium.Clan\")": "/Game/Objects/Mechs/Awesome/Model/Weapons/Weapon_Mech_AWS_Torso_Right_EH1_Laser.Weapon_Mech_AWS_Torso_Right_EH1_Laser_C",
				"(TagName=\"Weapon.Energy.Laser.Standard.Small\")": "/Game/Objects/Mechs/Awesome/Model/Weapons/Weapon_Mech_AWS_Torso_Right_EH1_Laser.Weapon_Mech_AWS_Torso_Right_EH1_Laser_C",
				"(TagName=\"Weapon.Energy.Laser.Pulse.Small\")": "/Game/Objects/Mechs/Awesome/Model/Weapons/Weapon_Mech_AWS_Torso_Right_EH1_Laser.Weapon_Mech_AWS_Torso_Right_EH1_Laser_C",
				"(TagName=\"Weapon.Energy.TAG\")": "/Game/Objects/Mechs/Awesome/Model/Weapons/Weapon_Mech_AWS_Torso_Right_EH1_Laser.Weapon_Mech_AWS_Torso_Right_EH1_Laser_C",
				"(TagName=\"Weapon.Energy.Flamer\")": "/Game/Objects/Mechs/Awesome/Model/Weapons/Weapon_Mech_AWS_Torso_Right_EH1_Flamer.Weapon_Mech_AWS_Torso_Right_EH1_Flamer_C",
				"(TagName=\"Weapon.Energy.ParticleCannon\")": "/Game/Objects/Mechs/Awesome/Model/Weapons/Weapon_Mech_AWS_Torso_Right_EH1_SNPPC.Weapon_Mech_AWS_Torso_Right_EH1_SNPPC_C",
				"(TagName=\"Weapon\")": "/Game/Objects/Mechs/Awesome/Model/Weapons/Weapon_Mech_AWS_Torso_Right_EH1_PPC.Weapon_Mech_AWS_Torso_Right_EH1_PPC_C",
				"()": "None"
			}
		},
		{
			"hardpointSlotId": "Forearm_Right_EH1_erppc",
			"mechSkeletonSocketId": "Forearm_Right_Weapon",
			"mechPart": "RightArm",
			"bHideOnPartDestruction": true,
			"slotTypeAssetId":
			{
				"id": "MWSlotTypeDataAsset:ERPPC_SlotType"
			},
			"hardpointVisuals":
			{
				"(TagName=\"Weapon.Energy.ParticleCannon.ERPPC\")": "/Game/Objects/Mechs/Awesome/Model/Weapons/Weapon_Mech_AWS_Forearm_Right_EH1_PPC.Weapon_Mech_AWS_Forearm_Right_EH1_PPC_C",
				"(TagName=\"Weapon.Energy.ParticleCannon.HPPC\")": "/Game/Objects/Mechs/Awesome/Model/Weapons/Weapon_Mech_AWS_Forearm_Right_EH1_HPPC.Weapon_Mech_AWS_Forearm_Right_EH1_HPPC_C",
				"(TagName=\"Weapon.Energy.ParticleCannon.PPC\")": "/Game/Objects/Mechs/Awesome/Model/Weapons/Weapon_Mech_AWS_Forearm_Right_EH1_PPC.Weapon_Mech_AWS_Forearm_Right_EH1_PPC_C",
				"(TagName=\"Weapon.Energy.ParticleCannon.SNPPC\")": "/Game/Objects/Mechs/Awesome/Model/Weapons/Weapon_Mech_AWS_Forearm_Right_EH1_SNPPC.Weapon_Mech_AWS_Forearm_Right_EH1_SNPPC_C",
				"(TagName=\"Weapon.Energy.ParticleCannon.LPPC\")": "/Game/Objects/Mechs/Awesome/Model/Weapons/Weapon_Mech_AWS_Forearm_Right_EH1_LPPC.Weapon_Mech_AWS_Forearm_Right_EH1_LPPC_C",
				"(TagName=\"Weapon.Energy.Laser.Standard.Large\")": "/Game/Objects/Mechs/Awesome/Model/Weapons/Weapon_Mech_AWS_Forearm_Right_EH1_Laser.Weapon_Mech_AWS_Forearm_Right_EH1_Laser_C",
				"(TagName=\"Weapon.Energy.Laser.ER.Large\")": "/Game/Objects/Mechs/Awesome/Model/Weapons/Weapon_Mech_AWS_Forearm_Right_EH1_Laser.Weapon_Mech_AWS_Forearm_Right_EH1_Laser_C",
				"(TagName=\"Weapon.Energy.Laser.ER.Large.Clan\")": "/Game/Objects/Mechs/Awesome/Model/Weapons/Weapon_Mech_AWS_Forearm_Right_EH1_Laser.Weapon_Mech_AWS_Forearm_Right_EH1_Laser_C",
				"(TagName=\"Weapon.Energy.Laser.Pulse.Large\")": "/Game/Objects/Mechs/Awesome/Model/Weapons/Weapon_Mech_AWS_Forearm_Right_EH1_Laser.Weapon_Mech_AWS_Forearm_Right_EH1_Laser_C",
				"(TagName=\"Weapon.Energy.Laser.Standard.Medium\")": "/Game/Objects/Mechs/Awesome/Model/Weapons/Weapon_Mech_AWS_Forearm_Right_EH1_Laser.Weapon_Mech_AWS_Forearm_Right_EH1_Laser_C",
				"(TagName=\"Weapon.Energy.Laser.ER.Medium.Clan\")": "/Game/Objects/Mechs/Awesome/Model/Weapons/Weapon_Mech_AWS_Forearm_Right_EH1_Laser.Weapon_Mech_AWS_Forearm_Right_EH1_Laser_C",
				"(TagName=\"Weapon.Energy.Laser.Pulse.Medium\")": "/Game/Objects/Mechs/Awesome/Model/Weapons/Weapon_Mech_AWS_Forearm_Right_EH1_Laser.Weapon_Mech_AWS_Forearm_Right_EH1_Laser_C",
				"(TagName=\"Weapon.Energy.Laser.Pulse.Medium.Clan\")": "/Game/Objects/Mechs/Awesome/Model/Weapons/Weapon_Mech_AWS_Forearm_Right_EH1_Laser.Weapon_Mech_AWS_Forearm_Right_EH1_Laser_C",
				"(TagName=\"Weapon.Energy.Laser.Standard.Small\")": "/Game/Objects/Mechs/Awesome/Model/Weapons/Weapon_Mech_AWS_Forearm_Right_EH1_Laser.Weapon_Mech_AWS_Forearm_Right_EH1_Laser_C",
				"(TagName=\"Weapon.Energy.Laser.Pulse.Small\")": "/Game/Objects/Mechs/Awesome/Model/Weapons/Weapon_Mech_AWS_Forearm_Right_EH1_Laser.Weapon_Mech_AWS_Forearm_Right_EH1_Laser_C",
				"(TagName=\"Weapon.Energy.TAG\")": "/Game/Objects/Mechs/Awesome/Model/Weapons/Weapon_Mech_AWS_Forearm_Right_EH1_Laser.Weapon_Mech_AWS_Forearm_Right_EH1_Laser_C",
				"(TagName=\"Weapon.Energy.Flamer\")": "/Game/Objects/Mechs/Awesome/Model/Weapons/Weapon_Mech_AWS_Forearm_Right_EH1_Flamer.Weapon_Mech_AWS_Forearm_Right_EH1_Flamer_C",
				"(TagName=\"Weapon.Energy.ParticleCannon\")": "/Game/Objects/Mechs/Awesome/Model/Weapons/Weapon_Mech_AWS_Forearm_Right_EH1_SNPPC.Weapon_Mech_AWS_Forearm_Right_EH1_SNPPC_C",
				"(TagName=\"Weapon\")": "/Game/Objects/Mechs/Awesome/Model/Weapons/Weapon_Mech_AWS_Forearm_Right_EH1_PPC.Weapon_Mech_AWS_Forearm_Right_EH1_PPC_C",
				"()": "None"
			}
		},
		{
			"hardpointSlotId": "Forearm_Left_MH1_streaksrm2",
			"mechSkeletonSocketId": "Forearm_Left_Weapon",
			"mechPart": "LeftArm",
			"bHideOnPartDestruction": true,
			"slotTypeAssetId":
			{
				"id": "MWSlotTypeDataAsset:StreakSRM2_SlotType"
			},
			"hardpointVisuals":
			{
				"(TagName=\"Weapon.Missile.SRM.Streak.SRM2\")": "/Game/Objects/Mechs/Awesome/Model/Weapons/Weapon_Mech_AWS_Forearm_Left_MH1_Missile2.Weapon_Mech_AWS_Forearm_Left_MH1_Missile2_C",
				"(TagName=\"Weapon.Missile.LRM.LRM20\")": "/Game/Objects/Mechs/Awesome/Model/Weapons/Weapon_Mech_AWS_Forearm_Left_MH1_Missile20.Weapon_Mech_AWS_Forearm_Left_MH1_Missile20_C",
				"(TagName=\"Weapon.ArtemisMissile.LRM.LRM20\")": "/Game/Objects/Mechs/Awesome/Model/Weapons/Weapon_Mech_AWS_Forearm_Left_MH1_Missile20.Weapon_Mech_AWS_Forearm_Left_MH1_Missile20_C",
				"(TagName=\"Weapon.Missile.LRM.LRM20.Clan\")": "/Game/Objects/Mechs/Awesome/Model/Weapons/Weapon_Mech_AWS_Forearm_Left_MH1_Missile20.Weapon_Mech_AWS_Forearm_Left_MH1_Missile20_C",
				"(TagName=\"Weapon.Missile.LRM.LRM15\")": "/Game/Objects/Mechs/Awesome/Model/Weapons/Weapon_Mech_AWS_Forearm_Left_MH1_Missile15.Weapon_Mech_AWS_Forearm_Left_MH1_Missile15_C",
				"(TagName=\"Weapon.ArtemisMissile.LRM.LRM15\")": "/Game/Objects/Mechs/Awesome/Model/Weapons/Weapon_Mech_AWS_Forearm_Left_MH1_Missile15.Weapon_Mech_AWS_Forearm_Left_MH1_Missile15_C",
				"(TagName=\"Weapon.Missile.LRM.LRM10\")": "/Game/Objects/Mechs/Awesome/Model/Weapons/Weapon_Mech_AWS_Forearm_Left_MH1_Missile10.Weapon_Mech_AWS_Forearm_Left_MH1_Missile10_C",
				"(TagName=\"Weapon.ArtemisMissile.LRM.LRM10\")": "/Game/Objects/Mechs/Awesome/Model/Weapons/Weapon_Mech_AWS_Forearm_Left_MH1_Missile10.Weapon_Mech_AWS_Forearm_Left_MH1_Missile10_C",
				"(TagName=\"Weapon.Missile.SRM.SRM6\")": "/Game/Objects/Mechs/Awesome/Model/Weapons/Weapon_Mech_AWS_Forearm_Left_MH1_Missile6.Weapon_Mech_AWS_Forearm_Left_MH1_Missile6_C",
				"(TagName=\"Weapon.ArtemisMissile.SRM.SRM6\")": "/Game/Objects/Mechs/Awesome/Model/Weapons/Weapon_Mech_AWS_Forearm_Left_MH1_Missile6.Weapon_Mech_AWS_Forearm_Left_MH1_Missile6_C",
				"(TagName=\"Weapon.Missile.NARC\")": "/Game/Objects/Mechs/Awesome/Model/Weapons/Weapon_Mech_AWS_Forearm_Left_MH1_Narc.Weapon_Mech_AWS_Forearm_Left_MH1_Narc_C",
				"(TagName=\"Weapon.Missile.LRM.LRM5\")": "/Game/Objects/Mechs/Awesome/Model/Weapons/Weapon_Mech_AWS_Forearm_Left_MH1_Missile5.Weapon_Mech_AWS_Forearm_Left_MH1_Missile5_C",
				"(TagName=\"Weapon.ArtemisMissile.LRM.LRM5\")": "/Game/Objects/Mechs/Awesome/Model/Weapons/Weapon_Mech_AWS_Forearm_Left_MH1_Missile5.Weapon_Mech_AWS_Forearm_Left_MH1_Missile5_C",
				"(TagName=\"Weapon.Missile.SRM.SRM4\")": "/Game/Objects/Mechs/Awesome/Model/Weapons/Weapon_Mech_AWS_Forearm_Left_MH1_Missile4.Weapon_Mech_AWS_Forearm_Left_MH1_Missile4_C",
				"(TagName=\"Weapon.ArtemisMissile.SRM.SRM4\")": "/Game/Objects/Mechs/Awesome/Model/Weapons/Weapon_Mech_AWS_Forearm_Left_MH1_Missile4.Weapon_Mech_AWS_Forearm_Left_MH1_Missile4_C",
				"(TagName=\"Weapon.Missile.SRM.SRM2\")": "/Game/Objects/Mechs/Awesome/Model/Weapons/Weapon_Mech_AWS_Forearm_Left_MH1_Missile2.Weapon_Mech_AWS_Forearm_Left_MH1_Missile2_C",
				"(TagName=\"Weapon.ArtemisMissile.SRM.SRM2\")": "/Game/Objects/Mechs/Awesome/Model/Weapons/Weapon_Mech_AWS_Forearm_Left_MH1_Missile2.Weapon_Mech_AWS_Forearm_Left_MH1_Missile2_C",
				"(TagName=\"Weapon\")": "/Game/Objects/Mechs/Awesome/Model/Weapons/Weapon_Mech_AWS_Forearm_Left_MH1_Missile2.Weapon_Mech_AWS_Forearm_Left_MH1_Missile2_C",
				"()": "None"
			}
		},
		{
			"hardpointSlotId": "Head_EH1_Laser_mediumlaser",
			"mechSkeletonSocketId": "Torso_Weapon",
			"mechPart": "Head",
			"bHideOnPartDestruction": false,
			"slotTypeAssetId":
			{
				"id": "MWSlotTypeDataAsset:MediumLaser_SlotType"
			},
			"hardpointVisuals":
			{
				"(TagName=\"Weapon.Energy.Laser.Standard.Medium\")": "/Game/Objects/Mechs/Awesome/Model/Weapons/Weapon_Mech_AWS_Head_EH1_Laser.Weapon_Mech_AWS_Head_EH1_Laser_C",
				"(TagName=\"Weapon.Energy.Laser.Standard.Large\")": "/Game/Objects/Mechs/Awesome/Model/Weapons/Weapon_Mech_AWS_Head_EH1_Laser.Weapon_Mech_AWS_Head_EH1_Laser_C",
				"(TagName=\"Weapon.Energy.Laser.ER.Large\")": "/Game/Objects/Mechs/Awesome/Model/Weapons/Weapon_Mech_AWS_Head_EH1_Laser.Weapon_Mech_AWS_Head_EH1_Laser_C",
				"(TagName=\"Weapon.Energy.Laser.ER.Large.Clan\")": "/Game/Objects/Mechs/Awesome/Model/Weapons/Weapon_Mech_AWS_Head_EH1_Laser.Weapon_Mech_AWS_Head_EH1_Laser_C",
				"(TagName=\"Weapon.Energy.Laser.Pulse.Large\")": "/Game/Objects/Mechs/Awesome/Model/Weapons/Weapon_Mech_AWS_Head_EH1_Laser.Weapon_Mech_AWS_Head_EH1_Laser_C",
				"(TagName=\"Weapon.Energy.Laser.ER.Medium.Clan\")": "/Game/Objects/Mechs/Awesome/Model/Weapons/Weapon_Mech_AWS_Head_EH1_Laser.Weapon_Mech_AWS_Head_EH1_Laser_C",
				"(TagName=\"Weapon.Energy.Laser.Pulse.Medium\")": "/Game/Objects/Mechs/Awesome/Model/Weapons/Weapon_Mech_AWS_Head_EH1_Laser.Weapon_Mech_AWS_Head_EH1_Laser_C",
				"(TagName=\"Weapon.Energy.Laser.Pulse.Medium.Clan\")": "/Game/Objects/Mechs/Awesome/Model/Weapons/Weapon_Mech_AWS_Head_EH1_Laser.Weapon_Mech_AWS_Head_EH1_Laser_C",
				"(TagName=\"Weapon.Energy.Laser.Standard.Small\")": "/Game/Objects/Mechs/Awesome/Model/Weapons/Weapon_Mech_AWS_Head_EH1_Laser.Weapon_Mech_AWS_Head_EH1_Laser_C",
				"(TagName=\"Weapon.Energy.Laser.Pulse.Small\")": "/Game/Objects/Mechs/Awesome/Model/Weapons/Weapon_Mech_AWS_Head_EH1_Laser.Weapon_Mech_AWS_Head_EH1_Laser_C",
				"(TagName=\"Weapon.Energy.TAG\")": "/Game/Objects/Mechs/Awesome/Model/Weapons/Weapon_Mech_AWS_Head_EH1_Laser.Weapon_Mech_AWS_Head_EH1_Laser_C",
				"(TagName=\"Weapon.Energy.Flamer\")": "/Game/Objects/Mechs/Awesome/Model/Weapons/Weapon_Mech_AWS_Head_EH1_Flamer.Weapon_Mech_AWS_Head_EH1_Flamer_C",
				"(TagName=\"Weapon\")": "/Game/Objects/Mechs/Awesome/Model/Weapons/Weapon_Mech_AWS_Head_EH1_Laser.Weapon_Mech_AWS_Head_EH1_Laser_C",
				"()": "None"
			}
		},
		{
			"hardpointSlotId": "Forearm_Left_MH1_srm4",
			"mechSkeletonSocketId": "Forearm_Left_Weapon",
			"mechPart": "LeftArm",
			"bHideOnPartDestruction": true,
			"slotTypeAssetId":
			{
				"id": "MWSlotTypeDataAsset:SRM4_SlotType"
			},
			"hardpointVisuals":
			{
				"(TagName=\"Weapon.Missile.SRM.SRM4\")": "/Game/Objects/Mechs/Awesome/Model/Weapons/Weapon_Mech_AWS_Forearm_Left_MH1_Missile4.Weapon_Mech_AWS_Forearm_Left_MH1_Missile4_C",
				"(TagName=\"Weapon.Missile.LRM.LRM20\")": "/Game/Objects/Mechs/Awesome/Model/Weapons/Weapon_Mech_AWS_Forearm_Left_MH1_Missile20.Weapon_Mech_AWS_Forearm_Left_MH1_Missile20_C",
				"(TagName=\"Weapon.ArtemisMissile.LRM.LRM20\")": "/Game/Objects/Mechs/Awesome/Model/Weapons/Weapon_Mech_AWS_Forearm_Left_MH1_Missile20.Weapon_Mech_AWS_Forearm_Left_MH1_Missile20_C",
				"(TagName=\"Weapon.Missile.LRM.LRM20.Clan\")": "/Game/Objects/Mechs/Awesome/Model/Weapons/Weapon_Mech_AWS_Forearm_Left_MH1_Missile20.Weapon_Mech_AWS_Forearm_Left_MH1_Missile20_C",
				"(TagName=\"Weapon.Missile.LRM.LRM15\")": "/Game/Objects/Mechs/Awesome/Model/Weapons/Weapon_Mech_AWS_Forearm_Left_MH1_Missile15.Weapon_Mech_AWS_Forearm_Left_MH1_Missile15_C",
				"(TagName=\"Weapon.ArtemisMissile.LRM.LRM15\")": "/Game/Objects/Mechs/Awesome/Model/Weapons/Weapon_Mech_AWS_Forearm_Left_MH1_Missile15.Weapon_Mech_AWS_Forearm_Left_MH1_Missile15_C",
				"(TagName=\"Weapon.Missile.LRM.LRM10\")": "/Game/Objects/Mechs/Awesome/Model/Weapons/Weapon_Mech_AWS_Forearm_Left_MH1_Missile10.Weapon_Mech_AWS_Forearm_Left_MH1_Missile10_C",
				"(TagName=\"Weapon.ArtemisMissile.LRM.LRM10\")": "/Game/Objects/Mechs/Awesome/Model/Weapons/Weapon_Mech_AWS_Forearm_Left_MH1_Missile10.Weapon_Mech_AWS_Forearm_Left_MH1_Missile10_C",
				"(TagName=\"Weapon.Missile.SRM.SRM6\")": "/Game/Objects/Mechs/Awesome/Model/Weapons/Weapon_Mech_AWS_Forearm_Left_MH1_Missile6.Weapon_Mech_AWS_Forearm_Left_MH1_Missile6_C",
				"(TagName=\"Weapon.ArtemisMissile.SRM.SRM6\")": "/Game/Objects/Mechs/Awesome/Model/Weapons/Weapon_Mech_AWS_Forearm_Left_MH1_Missile6.Weapon_Mech_AWS_Forearm_Left_MH1_Missile6_C",
				"(TagName=\"Weapon.Missile.NARC\")": "/Game/Objects/Mechs/Awesome/Model/Weapons/Weapon_Mech_AWS_Forearm_Left_MH1_Narc.Weapon_Mech_AWS_Forearm_Left_MH1_Narc_C",
				"(TagName=\"Weapon.Missile.LRM.LRM5\")": "/Game/Objects/Mechs/Awesome/Model/Weapons/Weapon_Mech_AWS_Forearm_Left_MH1_Missile5.Weapon_Mech_AWS_Forearm_Left_MH1_Missile5_C",
				"(TagName=\"Weapon.ArtemisMissile.LRM.LRM5\")": "/Game/Objects/Mechs/Awesome/Model/Weapons/Weapon_Mech_AWS_Forearm_Left_MH1_Missile5.Weapon_Mech_AWS_Forearm_Left_MH1_Missile5_C",
				"(TagName=\"Weapon.ArtemisMissile.SRM.SRM4\")": "/Game/Objects/Mechs/Awesome/Model/Weapons/Weapon_Mech_AWS_Forearm_Left_MH1_Missile4.Weapon_Mech_AWS_Forearm_Left_MH1_Missile4_C",
				"(TagName=\"Weapon.Missile.SRM.SRM2\")": "/Game/Objects/Mechs/Awesome/Model/Weapons/Weapon_Mech_AWS_Forearm_Left_MH1_Missile2.Weapon_Mech_AWS_Forearm_Left_MH1_Missile2_C",
				"(TagName=\"Weapon.Missile.SRM.Streak.SRM2\")": "/Game/Objects/Mechs/Awesome/Model/Weapons/Weapon_Mech_AWS_Forearm_Left_MH1_Missile2.Weapon_Mech_AWS_Forearm_Left_MH1_Missile2_C",
				"(TagName=\"Weapon.ArtemisMissile.SRM.SRM2\")": "/Game/Objects/Mechs/Awesome/Model/Weapons/Weapon_Mech_AWS_Forearm_Left_MH1_Missile2.Weapon_Mech_AWS_Forearm_Left_MH1_Missile2_C",
				"(TagName=\"Weapon\")": "/Game/Objects/Mechs/Awesome/Model/Weapons/Weapon_Mech_AWS_Forearm_Left_MH1_Missile4.Weapon_Mech_AWS_Forearm_Left_MH1_Missile4_C",
				"()": "None"
			}
		},
		{
			"hardpointSlotId": "Torso_Right_AH1_AMS_antimissilesystem",
			"mechSkeletonSocketId": "Torso_Weapon",
			"mechPart": "RightTorso",
			"bHideOnPartDestruction": true,
			"slotTypeAssetId":
			{
				"id": "MWSlotTypeDataAsset:AMS_SlotType"
			},
			"hardpointVisuals":
			{
				"(TagName=\"Weapon.AMS\")": "/Game/Objects/Mechs/Awesome/Model/Weapons/Weapon_Mech_AWS_Torso_Right_AH1_AMS.Weapon_Mech_AWS_Torso_Right_AH1_AMS_C",
				"(TagName=\"Weapon.Energy.LAMS\")": "/Game/Objects/Mechs/Awesome/Model/Weapons/Weapon_Mech_AWS_Torso_Right_AH1_LAMS.Weapon_Mech_AWS_Torso_Right_AH1_LAMS_C",
				"(TagName=\"Weapon\")": "/Game/Objects/Mechs/Awesome/Model/Weapons/Weapon_Mech_AWS_Torso_Right_AH1_AMS.Weapon_Mech_AWS_Torso_Right_AH1_AMS_C",
				"()": "None"
			}
		}
	]
}