{
	"mechModel": "MWMechModelDataAsset'/Game/Objects/Mechs/Cyclops/Model/Cyclops_MDL.Cyclops_MDL'",
	"mechStats":
	{
		"keyName": "CP-11-A-DC",
		"table": "DataTable'/Game/Objects/Mechs/_common/Config/MechStats.MechStats'"
	},
	"healthStats":
	{
		"keyName": "CP-11-A",
		"table": "DataTable'/Game/Objects/Mechs/_common/Config/MechHealthStats.MechHealthStats'"
	},
	"mechType":
	{
		"tagName": "Mech.Assault.Cyclops.CP-11-A"
	},
	"chassisFullName": "Cyclops",
	"variantName": "CP-11-A-DC",
	"defaultMech":
	{
		"id": "MWMechLoadoutAsset:CP-11-A-DC_Loadout"
	},
	"mechTexture": "/Game/UI/Textures/Battlemechs/Cyclops_Icon_UIX.Cyclops_Icon_UIX",
	"targetComponent": "/Game/Objects/Mechs/Cyclops/Target/Cyclops_Target.Cyclops_Target_C",
	"description": "The Star League Defense Force requested an assault platform able to perform in swift, mobile offensives assisting the commanders of its regular army units. Engineers eventually debuted the Cyclops in 2710 and designed it to be part of a command unit. Unfortunately, the Cyclops suffers from the mindset that the BattleMech would have ample supplies and supporting units at its disposal. No one anticipated the carnage of the Succession Wars, and the extent to which it would strip the military’s capabilities to support its BattleMech regiments.",
	"selectedWeaponHardPoints": [
		"LeftTorso_AH1_AMS_antimissilesystem",
		"RightTorso_AH1_AMS_antimissilesystem",
		"Torso_Left_MH1_lrm10",
		"Torso_Left_MH2_lrm10",
		"Torso_Center_MH1_srm4",
		"Torso_Right_BH1_gaussrifle",
		"Forearm_Right_EH1_mediumlaser",
		"Forearm_Left_EH1_mediumlaser",
		"Torso_Right_BH2_autocannon5"
	],
	"blankWeaponHardPoints": [],
	"bRecalculateFreeSlotsOnSave": true,
	"equipmentAllocation":
	{
		"armorDataAssetId":
		{
			"id": "MWArmorDataAsset:StandardArmor"
		},
		"structureDataAssetId":
		{
			"id": "MWStructureDataAsset:StandardStructure"
		},
		"allowedHeatSinkType":
		{
			"tagName": "Equipment.HeatSinks.Single"
		},
		"allowedJumpJetType":
		{
			"tagName": "None"
		},
		"slotData": [
			{
				"slotTypeDataAssetId":
				{
					"id": "MWSlotTypeDataAsset:General_SlotType"
				},
				"slotCounts":
				{
					"Head": 1,
					"CenterTorso": 1,
					"LeftTorso": 7,
					"LeftArm": 7,
					"LeftLeg": 2,
					"RightTorso": 0,
					"RightArm": 7,
					"RightLeg": 2
				}
			},
			{
				"slotTypeDataAssetId":
				{
					"id": "MWSlotTypeDataAsset:EngineHeatsink_SlotType"
				},
				"slotCounts":
				{
					"CenterTorso": 4
				}
			}
		],
		"internalEquipment": [
			"LifeSupport",
			"Sensors",
			"Cockpit",
			"Gyro",
			"LeftArm_Shoulder",
			"LeftArm_UpperActuator",
			"LeftArm_LowerActuator",
			"LeftArm_HandActuator",
			"RightArm_Shoulder",
			"RightArm_UpperActuator",
			"RightArm_LowerActuator",
			"RightArm_HandActuator",
			"LeftLeg_Hip",
			"LeftLeg_UpperActuator",
			"LeftLeg_LowerActuator",
			"LeftLeg_FootActuator",
			"RightLeg_Hip",
			"RightLeg_UpperActuator",
			"RightLeg_LowerActuator",
			"RightLeg_FootActuator"
		]
	},
	"refitCosts":
	{
		"id": "MWMechRefitCostsDataAsset:MechRefitCostsDefault"
	},
	"engineRating": 360,
	"bXLEngine": false,
	"baseChassisCost": 7809760,
	"salvageShareCost": 10,
	"bIsHeroMech": false
}