{
	"mechModel": "MWMechModelDataAsset'/Game/Objects/Mechs/Annihilator/Model/Annihilator_MDL.Annihilator_MDL'",
	"mechStats":
	{
		"keyName": "ANH-2A",
		"table": "DataTable'/Game/Objects/Mechs/_common/Config/MechStats.MechStats'"
	},
	"healthStats":
	{
		"keyName": "ANH-2A",
		"table": "DataTable'/Game/Objects/Mechs/_common/Config/MechHealthStats.MechHealthStats'"
	},
	"mechType":
	{
		"tagName": "Mech.Assault.Annihilator.ANH-2A"
	},
	"chassisFullName": "Annihilator",
	"variantName": "ANH-2A",
	"defaultMech":
	{
		"id": "MWMechLoadoutAsset:ANH-2A_Loadout"
	},
	"mechTexture": "/Game/UI/Textures/Battlemechs/Annihilator_Icon_UIX.Annihilator_Icon_UIX",
	"targetComponent": "/Game/Objects/Mechs/Annihilator/Target/Annihilator_Target.Annihilator_Target_C",
	"description": "While ancient Star League records date the original Annihilator schematics to the final year of the Amaris Civil War in 2780, the chassis was never known to have actually entered production until it was seen among the ranks of the mysterious Wolf's Dragoons mercenary company in 3009. With a top speed of 32.4 km/h - making it one of the slowest ‘Mechs ever designed - the Annihilator relies on massive amounts of armor to shrug off any fire directed its way. Together with its immense amount of firepower, the Annihilator more than lives up to its name.",
	"selectedWeaponHardPoints": [
		"Torso_Left_BH1_lbxautocannon10",
		"Torso_Center_EH1_mediumpulselaser",
		"Torso_Center_EH2_mediumpulselaser",
		"Torso_Right_BH1_lbxautocannon10",
		"Forearm_Right_BH1_lbxautocannon10",
		"Forearm_Right_EH1_mediumpulselaser",
		"Forearm_Left_BH1_lbxautocannon10",
		"Forearm_Left_EH1_mediumpulselaser",
		"Torso_Left_BH2_autocannon10",
		"Torso_Right_BH2_autocannon10",
		"Torso_Right_AH1_AMS_antimissilesystem"
	],
	"blankWeaponHardPoints": [
		"Torso_Left_GB1_blank",
		"Torso_Right_GB1_blank"
	],
	"bRecalculateFreeSlotsOnSave": true,
	"equipmentAllocation":
	{
		"armorDataAssetId":
		{
			"id": "MWArmorDataAsset:StandardArmor"
		},
		"structureDataAssetId":
		{
			"id": "MWStructureDataAsset:StandardStructure"
		},
		"allowedHeatSinkType":
		{
			"tagName": "Equipment.HeatSinks.Single"
		},
		"allowedJumpJetType":
		{
			"tagName": "None"
		},
		"slotData": [
			{
				"slotTypeDataAssetId":
				{
					"id": "MWSlotTypeDataAsset:General_SlotType"
				},
				"slotCounts":
				{
					"Head": 1,
					"CenterTorso": 0,
					"LeftTorso": 4,
					"LeftArm": 4,
					"LeftLeg": 2,
					"RightTorso": 3,
					"RightArm": 4,
					"RightLeg": 2
				}
			}
		],
		"internalEquipment": [
			"LifeSupport",
			"Sensors",
			"Cockpit",
			"Gyro",
			"LeftArm_Shoulder",
			"LeftArm_UpperActuator",
			"LeftArm_LowerActuator",
			"RightArm_Shoulder",
			"RightArm_UpperActuator",
			"RightArm_LowerActuator",
			"LeftLeg_Hip",
			"LeftLeg_UpperActuator",
			"LeftLeg_LowerActuator",
			"LeftLeg_FootActuator",
			"RightLeg_Hip",
			"RightLeg_UpperActuator",
			"RightLeg_LowerActuator",
			"RightLeg_FootActuator"
		]
	},
	"refitCosts":
	{
		"id": "MWMechRefitCostsDataAsset:MechRefitCostsDefault"
	},
	"engineRating": 200,
	"bXLEngine": false,
	"baseChassisCost": 5446666,
	"salvageShareCost": 26,
	"bIsHeroMech": false
}