{
	"mechModel": "MWMechModelDataAsset'/Game/Objects/Mechs/Marauder/Model/Marauder_MDL.Marauder_MDL'",
	"mechStats":
	{
		"keyName": "MAD-5D",
		"table": "DataTable'/Game/Objects/Mechs/_common/Config/MechStats.MechStats'"
	},
	"healthStats":
	{
		"keyName": "MAD-5D",
		"table": "DataTable'/Game/Objects/Mechs/_common/Config/MechHealthStats.MechHealthStats'"
	},
	"mechType":
	{
		"tagName": "Mech.Heavy.Marauder.MAD-5D"
	},
	"chassisFullName": "Marauder",
	"variantName": "MAD-5M",
	"defaultMech":
	{
		"id": "MWMechLoadoutAsset:MAD-5M_Loadout"
	},
	"mechTexture": "/Game/UI/Textures/Battlemechs/Marauder_Icon_UIX.Marauder_Icon_UIX",
	"targetComponent": "/Game/Objects/Mechs/Marauder/Target/Marauder_Target.Marauder_Target_C",
	"description": "Hailed as a pinnacle of BattleMech design when it was unveiled in 2819, the Marauder was one of the first ’Mechs to step away from the purely humanoid body type and embrace a more menacing appearance. The ’Mech quickly became popular as a command vehicle, and throughout the Succession Wars many battalion and regimental commanders made their Marauders second homes on the battlefield. Often deployed in heavy shock units with Warhammers and Thunderbolts, the Marauder is known for laying down an impressive long-range barrage before its opponents can close the distance.",
	"selectedWeaponHardPoints": [
		"LeftTorso_AH1_AMS_antimissilesystem",
		"Torso_Right_BH1_autocannon5",
		"Torso_Right_BH2_autocannon5",
		"Forearm_Left_EH1_ppc",
		"Forearm_Left_EH2_mediumlaser",
		"Forearm_Left_EH3_mediumlaser",
		"Forearm_Right_EH1_erppc",
		"Forearm_Right_EH2_mediumpulselaser"
	],
	"blankWeaponHardPoints": [],
	"bRecalculateFreeSlotsOnSave": true,
	"equipmentAllocation":
	{
		"armorDataAssetId":
		{
			"id": "MWArmorDataAsset:StandardArmor"
		},
		"structureDataAssetId":
		{
			"id": "MWStructureDataAsset:StandardStructure"
		},
		"allowedHeatSinkType":
		{
			"tagName": "Equipment.HeatSinks.Double"
		},
		"allowedJumpJetType":
		{
			"tagName": "Equipment.JumpJets.Class3"
		},
		"slotData": [
			{
				"slotTypeDataAssetId":
				{
					"id": "MWSlotTypeDataAsset:General_SlotType"
				},
				"slotCounts":
				{
					"Head": 1,
					"CenterTorso": 2,
					"LeftTorso": 8,
					"LeftArm": 5,
					"LeftLeg": 0,
					"RightTorso": 1,
					"RightArm": 6,
					"RightLeg": 0
				}
			},
			{
				"slotTypeDataAssetId":
				{
					"id": "MWSlotTypeDataAsset:JumpJetClass3_SlotType"
				},
				"slotCounts":
				{
					"Head": 0,
					"CenterTorso": 0,
					"LeftTorso": 0,
					"RightTorso": 0,
					"LeftArm": 0,
					"RightArm": 0,
					"LeftLeg": 2,
					"RightLeg": 2
				}
			},
			{
				"slotTypeDataAssetId":
				{
					"id": "MWSlotTypeDataAsset:EngineHeatsink_SlotType"
				},
				"slotCounts":
				{
					"CenterTorso": 2
				}
			}
		],
		"internalEquipment": [
			"LifeSupport",
			"Sensors",
			"Cockpit",
			"Gyro",
			"LeftArm_Shoulder",
			"LeftArm_UpperActuator",
			"LeftArm_LowerActuator",
			"RightArm_Shoulder",
			"RightArm_UpperActuator",
			"RightArm_LowerActuator",
			"LeftLeg_Hip",
			"LeftLeg_UpperActuator",
			"LeftLeg_LowerActuator",
			"LeftLeg_FootActuator",
			"RightLeg_Hip",
			"RightLeg_UpperActuator",
			"RightLeg_LowerActuator",
			"RightLeg_FootActuator"
		]
	},
	"refitCosts":
	{
		"id": "MWMechRefitCostsDataAsset:MechRefitCostsDefault"
	},
	"engineRating": 300,
	"bXLEngine": true,
	"baseChassisCost": 13326250,
	"salvageShareCost": 26,
	"bIsHeroMech": false
}