{
	"weaponSlots": [
		{
			"hardpointSlotId": "Torso_Left_EH1_largelaser",
			"mechSkeletonSocketId": "Torso_Weapon",
			"mechPart": "LeftTorso",
			"bHideOnPartDestruction": false,
			"slotTypeAssetId":
			{
				"id": "MWSlotTypeDataAsset:LargeLaser_SlotType"
			},
			"hardpointVisuals":
			{
				"(TagName=\"Weapon.Energy.Laser.Standard.Medium\")": "/Game/Objects/Mechs/Thunderbolt/Model/Weapons/Weapon_Mech_TDR_Torso_Left_EH1_Laser.Weapon_Mech_TDR_Torso_Left_EH1_Laser_C",
				"(TagName=\"Weapon.Energy.ParticleCannon.HPPC\")": "/Game/Objects/Mechs/Thunderbolt/Model/Weapons/Weapon_Mech_TDR_Torso_Left_EH1_HPPC.Weapon_Mech_TDR_Torso_Left_EH1_HPPC_C",
				"(TagName=\"Weapon.Energy.ParticleCannon.PPC\")": "/Game/Objects/Mechs/Thunderbolt/Model/Weapons/Weapon_Mech_TDR_Torso_Left_EH1_PPC.Weapon_Mech_TDR_Torso_Left_EH1_PPC_C",
				"(TagName=\"Weapon.Energy.ParticleCannon.ERPPC\")": "/Game/Objects/Mechs/Thunderbolt/Model/Weapons/Weapon_Mech_TDR_Torso_Left_EH1_PPC.Weapon_Mech_TDR_Torso_Left_EH1_PPC_C",
				"(TagName=\"Weapon.Energy.ParticleCannon.SNPPC\")": "/Game/Objects/Mechs/Thunderbolt/Model/Weapons/Weapon_Mech_TDR_Torso_Left_EH1_SNPPC.Weapon_Mech_TDR_Torso_Left_EH1_SNPPC_C",
				"(TagName=\"Weapon.Energy.ParticleCannon.LPPC\")": "/Game/Objects/Mechs/Thunderbolt/Model/Weapons/Weapon_Mech_TDR_Torso_Left_EH1_LPPC.Weapon_Mech_TDR_Torso_Left_EH1_LPPC_C",
				"(TagName=\"Weapon.Energy.Laser.Standard.Large\")": "/Game/Objects/Mechs/Thunderbolt/Model/Weapons/Weapon_Mech_TDR_Torso_Left_EH1_Laser.Weapon_Mech_TDR_Torso_Left_EH1_Laser_C",
				"(TagName=\"Weapon.Energy.Laser.ER.Large\")": "/Game/Objects/Mechs/Thunderbolt/Model/Weapons/Weapon_Mech_TDR_Torso_Left_EH1_Laser.Weapon_Mech_TDR_Torso_Left_EH1_Laser_C",
				"(TagName=\"Weapon.Energy.Laser.ER.Large.Clan\")": "/Game/Objects/Mechs/Thunderbolt/Model/Weapons/Weapon_Mech_TDR_Torso_Left_EH1_Laser.Weapon_Mech_TDR_Torso_Left_EH1_Laser_C",
				"(TagName=\"Weapon.Energy.Laser.Pulse.Large\")": "/Game/Objects/Mechs/Thunderbolt/Model/Weapons/Weapon_Mech_TDR_Torso_Left_EH1_Laser.Weapon_Mech_TDR_Torso_Left_EH1_Laser_C",
				"(TagName=\"Weapon.Energy.Laser.ER.Medium.Clan\")": "/Game/Objects/Mechs/Thunderbolt/Model/Weapons/Weapon_Mech_TDR_Torso_Left_EH1_Laser.Weapon_Mech_TDR_Torso_Left_EH1_Laser_C",
				"(TagName=\"Weapon.Energy.Laser.Pulse.Medium\")": "/Game/Objects/Mechs/Thunderbolt/Model/Weapons/Weapon_Mech_TDR_Torso_Left_EH1_Laser.Weapon_Mech_TDR_Torso_Left_EH1_Laser_C",
				"(TagName=\"Weapon.Energy.Laser.Pulse.Medium.Clan\")": "/Game/Objects/Mechs/Thunderbolt/Model/Weapons/Weapon_Mech_TDR_Torso_Left_EH1_Laser.Weapon_Mech_TDR_Torso_Left_EH1_Laser_C",
				"(TagName=\"Weapon.Energy.Laser.Standard.Small\")": "/Game/Objects/Mechs/Thunderbolt/Model/Weapons/Weapon_Mech_TDR_Torso_Left_EH1_Laser.Weapon_Mech_TDR_Torso_Left_EH1_Laser_C",
				"(TagName=\"Weapon.Energy.Laser.Pulse.Small\")": "/Game/Objects/Mechs/Thunderbolt/Model/Weapons/Weapon_Mech_TDR_Torso_Left_EH1_Laser.Weapon_Mech_TDR_Torso_Left_EH1_Laser_C",
				"(TagName=\"Weapon.Energy.TAG\")": "/Game/Objects/Mechs/Thunderbolt/Model/Weapons/Weapon_Mech_TDR_Torso_Left_EH1_Laser.Weapon_Mech_TDR_Torso_Left_EH1_Laser_C",
				"(TagName=\"Weapon.Energy.Flamer\")": "/Game/Objects/Mechs/Thunderbolt/Model/Weapons/Weapon_Mech_TDR_Torso_Left_EH1_Flamer.Weapon_Mech_TDR_Torso_Left_EH1_Flamer_C",
				"(TagName=\"Weapon.Energy.ParticleCannon\")": "/Game/Objects/Mechs/Thunderbolt/Model/Weapons/Weapon_Mech_TDR_Torso_Left_EH1_SNPPC.Weapon_Mech_TDR_Torso_Left_EH1_SNPPC_C",
				"(TagName=\"Weapon\")": "/Game/Objects/Mechs/Thunderbolt/Model/Weapons/Weapon_Mech_TDR_Torso_Left_EH1_Laser.Weapon_Mech_TDR_Torso_Left_EH1_Laser_C",
				"()": "/Game/Objects/Mechs/Thunderbolt/Model/Weapons/Weapon_Mech_TDR_Torso_Left_EB1_Blank.Weapon_Mech_TDR_Torso_Left_EB1_Blank_C"
			}
		},
		{
			"hardpointSlotId": "Torso_Left_EH1_mediumlaser",
			"mechSkeletonSocketId": "Torso_Weapon",
			"mechPart": "LeftTorso",
			"bHideOnPartDestruction": false,
			"slotTypeAssetId":
			{
				"id": "MWSlotTypeDataAsset:MediumLaser_SlotType"
			},
			"hardpointVisuals":
			{
				"(TagName=\"Weapon.Energy.Laser.Standard.Medium\")": "/Game/Objects/Mechs/Thunderbolt/Model/Weapons/Weapon_Mech_TDR_Torso_Left_EH1_Laser.Weapon_Mech_TDR_Torso_Left_EH1_Laser_C",
				"(TagName=\"Weapon.Energy.ParticleCannon.HPPC\")": "/Game/Objects/Mechs/Thunderbolt/Model/Weapons/Weapon_Mech_TDR_Torso_Left_EH1_HPPC.Weapon_Mech_TDR_Torso_Left_EH1_HPPC_C",
				"(TagName=\"Weapon.Energy.ParticleCannon.PPC\")": "/Game/Objects/Mechs/Thunderbolt/Model/Weapons/Weapon_Mech_TDR_Torso_Left_EH1_PPC.Weapon_Mech_TDR_Torso_Left_EH1_PPC_C",
				"(TagName=\"Weapon.Energy.ParticleCannon.ERPPC\")": "/Game/Objects/Mechs/Thunderbolt/Model/Weapons/Weapon_Mech_TDR_Torso_Left_EH1_PPC.Weapon_Mech_TDR_Torso_Left_EH1_PPC_C",
				"(TagName=\"Weapon.Energy.ParticleCannon.SNPPC\")": "/Game/Objects/Mechs/Thunderbolt/Model/Weapons/Weapon_Mech_TDR_Torso_Left_EH1_SNPPC.Weapon_Mech_TDR_Torso_Left_EH1_SNPPC_C",
				"(TagName=\"Weapon.Energy.ParticleCannon.LPPC\")": "/Game/Objects/Mechs/Thunderbolt/Model/Weapons/Weapon_Mech_TDR_Torso_Left_EH1_LPPC.Weapon_Mech_TDR_Torso_Left_EH1_LPPC_C",
				"(TagName=\"Weapon.Energy.Laser.Standard.Large\")": "/Game/Objects/Mechs/Thunderbolt/Model/Weapons/Weapon_Mech_TDR_Torso_Left_EH1_Laser.Weapon_Mech_TDR_Torso_Left_EH1_Laser_C",
				"(TagName=\"Weapon.Energy.Laser.ER.Large\")": "/Game/Objects/Mechs/Thunderbolt/Model/Weapons/Weapon_Mech_TDR_Torso_Left_EH1_Laser.Weapon_Mech_TDR_Torso_Left_EH1_Laser_C",
				"(TagName=\"Weapon.Energy.Laser.ER.Large.Clan\")": "/Game/Objects/Mechs/Thunderbolt/Model/Weapons/Weapon_Mech_TDR_Torso_Left_EH1_Laser.Weapon_Mech_TDR_Torso_Left_EH1_Laser_C",
				"(TagName=\"Weapon.Energy.Laser.Pulse.Large\")": "/Game/Objects/Mechs/Thunderbolt/Model/Weapons/Weapon_Mech_TDR_Torso_Left_EH1_Laser.Weapon_Mech_TDR_Torso_Left_EH1_Laser_C",
				"(TagName=\"Weapon.Energy.Laser.ER.Medium.Clan\")": "/Game/Objects/Mechs/Thunderbolt/Model/Weapons/Weapon_Mech_TDR_Torso_Left_EH1_Laser.Weapon_Mech_TDR_Torso_Left_EH1_Laser_C",
				"(TagName=\"Weapon.Energy.Laser.Pulse.Medium\")": "/Game/Objects/Mechs/Thunderbolt/Model/Weapons/Weapon_Mech_TDR_Torso_Left_EH1_Laser.Weapon_Mech_TDR_Torso_Left_EH1_Laser_C",
				"(TagName=\"Weapon.Energy.Laser.Pulse.Medium.Clan\")": "/Game/Objects/Mechs/Thunderbolt/Model/Weapons/Weapon_Mech_TDR_Torso_Left_EH1_Laser.Weapon_Mech_TDR_Torso_Left_EH1_Laser_C",
				"(TagName=\"Weapon.Energy.Laser.Standard.Small\")": "/Game/Objects/Mechs/Thunderbolt/Model/Weapons/Weapon_Mech_TDR_Torso_Left_EH1_Laser.Weapon_Mech_TDR_Torso_Left_EH1_Laser_C",
				"(TagName=\"Weapon.Energy.Laser.Pulse.Small\")": "/Game/Objects/Mechs/Thunderbolt/Model/Weapons/Weapon_Mech_TDR_Torso_Left_EH1_Laser.Weapon_Mech_TDR_Torso_Left_EH1_Laser_C",
				"(TagName=\"Weapon.Energy.TAG\")": "/Game/Objects/Mechs/Thunderbolt/Model/Weapons/Weapon_Mech_TDR_Torso_Left_EH1_Laser.Weapon_Mech_TDR_Torso_Left_EH1_Laser_C",
				"(TagName=\"Weapon.Energy.Flamer\")": "/Game/Objects/Mechs/Thunderbolt/Model/Weapons/Weapon_Mech_TDR_Torso_Left_EH1_Flamer.Weapon_Mech_TDR_Torso_Left_EH1_Flamer_C",
				"(TagName=\"Weapon.Energy.ParticleCannon\")": "/Game/Objects/Mechs/Thunderbolt/Model/Weapons/Weapon_Mech_TDR_Torso_Left_EH1_SNPPC.Weapon_Mech_TDR_Torso_Left_EH1_SNPPC_C",
				"(TagName=\"Weapon\")": "/Game/Objects/Mechs/Thunderbolt/Model/Weapons/Weapon_Mech_TDR_Torso_Left_EH1_Laser.Weapon_Mech_TDR_Torso_Left_EH1_Laser_C",
				"()": "/Game/Objects/Mechs/Thunderbolt/Model/Weapons/Weapon_Mech_TDR_Torso_Left_EB1_Blank.Weapon_Mech_TDR_Torso_Left_EB1_Blank_C"
			}
		},
		{
			"hardpointSlotId": "Torso_Left_EH2_mediumlaser",
			"mechSkeletonSocketId": "Torso_Weapon",
			"mechPart": "LeftTorso",
			"bHideOnPartDestruction": false,
			"slotTypeAssetId":
			{
				"id": "MWSlotTypeDataAsset:MediumLaser_SlotType"
			},
			"hardpointVisuals":
			{
				"(TagName=\"Weapon.Energy.Laser.Standard.Medium\")": "/Game/Objects/Mechs/Thunderbolt/Model/Weapons/Weapon_Mech_TDR_Torso_Left_EH2_Laser.Weapon_Mech_TDR_Torso_Left_EH2_Laser_C",
				"(TagName=\"Weapon.Energy.ParticleCannon.HPPC\")": "/Game/Objects/Mechs/Thunderbolt/Model/Weapons/Weapon_Mech_TDR_Torso_Left_EH2_HPPC.Weapon_Mech_TDR_Torso_Left_EH2_HPPC_C",
				"(TagName=\"Weapon.Energy.ParticleCannon.PPC\")": "/Game/Objects/Mechs/Thunderbolt/Model/Weapons/Weapon_Mech_TDR_Torso_Left_EH2_PPC.Weapon_Mech_TDR_Torso_Left_EH2_PPC_C",
				"(TagName=\"Weapon.Energy.ParticleCannon.ERPPC\")": "/Game/Objects/Mechs/Thunderbolt/Model/Weapons/Weapon_Mech_TDR_Torso_Left_EH2_PPC.Weapon_Mech_TDR_Torso_Left_EH2_PPC_C",
				"(TagName=\"Weapon.Energy.ParticleCannon.SNPPC\")": "/Game/Objects/Mechs/Thunderbolt/Model/Weapons/Weapon_Mech_TDR_Torso_Left_EH2_SNPPC.Weapon_Mech_TDR_Torso_Left_EH2_SNPPC_C",
				"(TagName=\"Weapon.Energy.ParticleCannon.LPPC\")": "/Game/Objects/Mechs/Thunderbolt/Model/Weapons/Weapon_Mech_TDR_Torso_Left_EH2_LPPC.Weapon_Mech_TDR_Torso_Left_EH2_LPPC_C",
				"(TagName=\"Weapon.Energy.Laser.Standard.Large\")": "/Game/Objects/Mechs/Thunderbolt/Model/Weapons/Weapon_Mech_TDR_Torso_Left_EH2_Laser.Weapon_Mech_TDR_Torso_Left_EH2_Laser_C",
				"(TagName=\"Weapon.Energy.Laser.ER.Large\")": "/Game/Objects/Mechs/Thunderbolt/Model/Weapons/Weapon_Mech_TDR_Torso_Left_EH2_Laser.Weapon_Mech_TDR_Torso_Left_EH2_Laser_C",
				"(TagName=\"Weapon.Energy.Laser.ER.Large.Clan\")": "/Game/Objects/Mechs/Thunderbolt/Model/Weapons/Weapon_Mech_TDR_Torso_Left_EH2_Laser.Weapon_Mech_TDR_Torso_Left_EH2_Laser_C",
				"(TagName=\"Weapon.Energy.Laser.Pulse.Large\")": "/Game/Objects/Mechs/Thunderbolt/Model/Weapons/Weapon_Mech_TDR_Torso_Left_EH2_Laser.Weapon_Mech_TDR_Torso_Left_EH2_Laser_C",
				"(TagName=\"Weapon.Energy.Laser.ER.Medium.Clan\")": "/Game/Objects/Mechs/Thunderbolt/Model/Weapons/Weapon_Mech_TDR_Torso_Left_EH2_Laser.Weapon_Mech_TDR_Torso_Left_EH2_Laser_C",
				"(TagName=\"Weapon.Energy.Laser.Pulse.Medium\")": "/Game/Objects/Mechs/Thunderbolt/Model/Weapons/Weapon_Mech_TDR_Torso_Left_EH2_Laser.Weapon_Mech_TDR_Torso_Left_EH2_Laser_C",
				"(TagName=\"Weapon.Energy.Laser.Pulse.Medium.Clan\")": "/Game/Objects/Mechs/Thunderbolt/Model/Weapons/Weapon_Mech_TDR_Torso_Left_EH2_Laser.Weapon_Mech_TDR_Torso_Left_EH2_Laser_C",
				"(TagName=\"Weapon.Energy.Laser.Standard.Small\")": "/Game/Objects/Mechs/Thunderbolt/Model/Weapons/Weapon_Mech_TDR_Torso_Left_EH2_Laser.Weapon_Mech_TDR_Torso_Left_EH2_Laser_C",
				"(TagName=\"Weapon.Energy.Laser.Pulse.Small\")": "/Game/Objects/Mechs/Thunderbolt/Model/Weapons/Weapon_Mech_TDR_Torso_Left_EH2_Laser.Weapon_Mech_TDR_Torso_Left_EH2_Laser_C",
				"(TagName=\"Weapon.Energy.TAG\")": "/Game/Objects/Mechs/Thunderbolt/Model/Weapons/Weapon_Mech_TDR_Torso_Left_EH2_Laser.Weapon_Mech_TDR_Torso_Left_EH2_Laser_C",
				"(TagName=\"Weapon.Energy.Flamer\")": "/Game/Objects/Mechs/Thunderbolt/Model/Weapons/Weapon_Mech_TDR_Torso_Left_EH2_Flamer.Weapon_Mech_TDR_Torso_Left_EH2_Flamer_C",
				"(TagName=\"Weapon.Energy.ParticleCannon\")": "/Game/Objects/Mechs/Thunderbolt/Model/Weapons/Weapon_Mech_TDR_Torso_Left_EH2_SNPPC.Weapon_Mech_TDR_Torso_Left_EH2_SNPPC_C",
				"(TagName=\"Weapon\")": "/Game/Objects/Mechs/Thunderbolt/Model/Weapons/Weapon_Mech_TDR_Torso_Left_EH2_Laser.Weapon_Mech_TDR_Torso_Left_EH2_Laser_C",
				"()": "/Game/Objects/Mechs/Thunderbolt/Model/Weapons/Weapon_Mech_TDR_Torso_Left_EB2_Blank.Weapon_Mech_TDR_Torso_Left_EB2_Blank_C"
			}
		},
		{
			"hardpointSlotId": "Torso_Left_EH3_mediumlaser",
			"mechSkeletonSocketId": "Torso_Weapon",
			"mechPart": "LeftTorso",
			"bHideOnPartDestruction": false,
			"slotTypeAssetId":
			{
				"id": "MWSlotTypeDataAsset:MediumLaser_SlotType"
			},
			"hardpointVisuals":
			{
				"(TagName=\"Weapon.Energy.Laser.Standard.Medium\")": "/Game/Objects/Mechs/Thunderbolt/Model/Weapons/Weapon_Mech_TDR_Torso_Left_EH3_Laser.Weapon_Mech_TDR_Torso_Left_EH3_Laser_C",
				"(TagName=\"Weapon.Energy.ParticleCannon.HPPC\")": "/Game/Objects/Mechs/Thunderbolt/Model/Weapons/Weapon_Mech_TDR_Torso_Left_EH3_HPPC.Weapon_Mech_TDR_Torso_Left_EH3_HPPC_C",
				"(TagName=\"Weapon.Energy.ParticleCannon.PPC\")": "/Game/Objects/Mechs/Thunderbolt/Model/Weapons/Weapon_Mech_TDR_Torso_Left_EH3_PPC.Weapon_Mech_TDR_Torso_Left_EH3_PPC_C",
				"(TagName=\"Weapon.Energy.ParticleCannon.ERPPC\")": "/Game/Objects/Mechs/Thunderbolt/Model/Weapons/Weapon_Mech_TDR_Torso_Left_EH3_PPC.Weapon_Mech_TDR_Torso_Left_EH3_PPC_C",
				"(TagName=\"Weapon.Energy.ParticleCannon.SNPPC\")": "/Game/Objects/Mechs/Thunderbolt/Model/Weapons/Weapon_Mech_TDR_Torso_Left_EH3_SNPPC.Weapon_Mech_TDR_Torso_Left_EH3_SNPPC_C",
				"(TagName=\"Weapon.Energy.ParticleCannon.LPPC\")": "/Game/Objects/Mechs/Thunderbolt/Model/Weapons/Weapon_Mech_TDR_Torso_Left_EH3_LPPC.Weapon_Mech_TDR_Torso_Left_EH3_LPPC_C",
				"(TagName=\"Weapon.Energy.Laser.Standard.Large\")": "/Game/Objects/Mechs/Thunderbolt/Model/Weapons/Weapon_Mech_TDR_Torso_Left_EH3_Laser.Weapon_Mech_TDR_Torso_Left_EH3_Laser_C",
				"(TagName=\"Weapon.Energy.Laser.ER.Large\")": "/Game/Objects/Mechs/Thunderbolt/Model/Weapons/Weapon_Mech_TDR_Torso_Left_EH3_Laser.Weapon_Mech_TDR_Torso_Left_EH3_Laser_C",
				"(TagName=\"Weapon.Energy.Laser.ER.Large.Clan\")": "/Game/Objects/Mechs/Thunderbolt/Model/Weapons/Weapon_Mech_TDR_Torso_Left_EH3_Laser.Weapon_Mech_TDR_Torso_Left_EH3_Laser_C",
				"(TagName=\"Weapon.Energy.Laser.Pulse.Large\")": "/Game/Objects/Mechs/Thunderbolt/Model/Weapons/Weapon_Mech_TDR_Torso_Left_EH3_Laser.Weapon_Mech_TDR_Torso_Left_EH3_Laser_C",
				"(TagName=\"Weapon.Energy.Laser.ER.Medium.Clan\")": "/Game/Objects/Mechs/Thunderbolt/Model/Weapons/Weapon_Mech_TDR_Torso_Left_EH3_Laser.Weapon_Mech_TDR_Torso_Left_EH3_Laser_C",
				"(TagName=\"Weapon.Energy.Laser.Pulse.Medium\")": "/Game/Objects/Mechs/Thunderbolt/Model/Weapons/Weapon_Mech_TDR_Torso_Left_EH3_Laser.Weapon_Mech_TDR_Torso_Left_EH3_Laser_C",
				"(TagName=\"Weapon.Energy.Laser.Pulse.Medium.Clan\")": "/Game/Objects/Mechs/Thunderbolt/Model/Weapons/Weapon_Mech_TDR_Torso_Left_EH3_Laser.Weapon_Mech_TDR_Torso_Left_EH3_Laser_C",
				"(TagName=\"Weapon.Energy.Laser.Standard.Small\")": "/Game/Objects/Mechs/Thunderbolt/Model/Weapons/Weapon_Mech_TDR_Torso_Left_EH3_Laser.Weapon_Mech_TDR_Torso_Left_EH3_Laser_C",
				"(TagName=\"Weapon.Energy.Laser.Pulse.Small\")": "/Game/Objects/Mechs/Thunderbolt/Model/Weapons/Weapon_Mech_TDR_Torso_Left_EH3_Laser.Weapon_Mech_TDR_Torso_Left_EH3_Laser_C",
				"(TagName=\"Weapon.Energy.TAG\")": "/Game/Objects/Mechs/Thunderbolt/Model/Weapons/Weapon_Mech_TDR_Torso_Left_EH3_Laser.Weapon_Mech_TDR_Torso_Left_EH3_Laser_C",
				"(TagName=\"Weapon.Energy.Flamer\")": "/Game/Objects/Mechs/Thunderbolt/Model/Weapons/Weapon_Mech_TDR_Torso_Left_EH3_Flamer.Weapon_Mech_TDR_Torso_Left_EH3_Flamer_C",
				"(TagName=\"Weapon.Energy.ParticleCannon\")": "/Game/Objects/Mechs/Thunderbolt/Model/Weapons/Weapon_Mech_TDR_Torso_Left_EH3_SNPPC.Weapon_Mech_TDR_Torso_Left_EH3_SNPPC_C",
				"(TagName=\"Weapon\")": "/Game/Objects/Mechs/Thunderbolt/Model/Weapons/Weapon_Mech_TDR_Torso_Left_EH3_Laser.Weapon_Mech_TDR_Torso_Left_EH3_Laser_C",
				"()": "/Game/Objects/Mechs/Thunderbolt/Model/Weapons/Weapon_Mech_TDR_Torso_Left_EB3_Blank.Weapon_Mech_TDR_Torso_Left_EB3_Blank_C"
			}
		},
		{
			"hardpointSlotId": "Torso_Left_EH4_mediumlaser",
			"mechSkeletonSocketId": "Torso_Weapon",
			"mechPart": "LeftTorso",
			"bHideOnPartDestruction": false,
			"slotTypeAssetId":
			{
				"id": "MWSlotTypeDataAsset:MediumLaser_SlotType"
			},
			"hardpointVisuals":
			{
				"(TagName=\"Weapon.Energy.Laser.Standard.Medium\")": "/Game/Objects/Mechs/Thunderbolt/Model/Weapons/Weapon_Mech_TDR_Torso_Left_EH4_Laser.Weapon_Mech_TDR_Torso_Left_EH4_Laser_C",
				"(TagName=\"Weapon.Energy.ParticleCannon.PPC\")": "/Game/Objects/Mechs/Thunderbolt/Model/Weapons/Weapon_Mech_TDR_Torso_Left_EH4_PPC.Weapon_Mech_TDR_Torso_Left_EH4_PPC_C",
				"(TagName=\"Weapon.Energy.ParticleCannon.ERPPC\")": "/Game/Objects/Mechs/Thunderbolt/Model/Weapons/Weapon_Mech_TDR_Torso_Left_EH4_PPC.Weapon_Mech_TDR_Torso_Left_EH4_PPC_C",
				"(TagName=\"Weapon.Energy.ParticleCannon.SNPPC\")": "/Game/Objects/Mechs/Thunderbolt/Model/Weapons/Weapon_Mech_TDR_Torso_Left_EH4_SNPPC.Weapon_Mech_TDR_Torso_Left_EH4_SNPPC_C",
				"(TagName=\"Weapon.Energy.ParticleCannon.LPPC\")": "/Game/Objects/Mechs/Thunderbolt/Model/Weapons/Weapon_Mech_TDR_Torso_Left_EH4_LPPC.Weapon_Mech_TDR_Torso_Left_EH4_LPPC_C",
				"(TagName=\"Weapon.Energy.Laser.Standard.Large\")": "/Game/Objects/Mechs/Thunderbolt/Model/Weapons/Weapon_Mech_TDR_Torso_Left_EH4_Laser.Weapon_Mech_TDR_Torso_Left_EH4_Laser_C",
				"(TagName=\"Weapon.Energy.Laser.ER.Large\")": "/Game/Objects/Mechs/Thunderbolt/Model/Weapons/Weapon_Mech_TDR_Torso_Left_EH4_Laser.Weapon_Mech_TDR_Torso_Left_EH4_Laser_C",
				"(TagName=\"Weapon.Energy.Laser.ER.Large.Clan\")": "/Game/Objects/Mechs/Thunderbolt/Model/Weapons/Weapon_Mech_TDR_Torso_Left_EH4_Laser.Weapon_Mech_TDR_Torso_Left_EH4_Laser_C",
				"(TagName=\"Weapon.Energy.Laser.Pulse.Large\")": "/Game/Objects/Mechs/Thunderbolt/Model/Weapons/Weapon_Mech_TDR_Torso_Left_EH4_Laser.Weapon_Mech_TDR_Torso_Left_EH4_Laser_C",
				"(TagName=\"Weapon.Energy.Laser.ER.Medium.Clan\")": "/Game/Objects/Mechs/Thunderbolt/Model/Weapons/Weapon_Mech_TDR_Torso_Left_EH4_Laser.Weapon_Mech_TDR_Torso_Left_EH4_Laser_C",
				"(TagName=\"Weapon.Energy.Laser.Pulse.Medium\")": "/Game/Objects/Mechs/Thunderbolt/Model/Weapons/Weapon_Mech_TDR_Torso_Left_EH4_Laser.Weapon_Mech_TDR_Torso_Left_EH4_Laser_C",
				"(TagName=\"Weapon.Energy.Laser.Pulse.Medium.Clan\")": "/Game/Objects/Mechs/Thunderbolt/Model/Weapons/Weapon_Mech_TDR_Torso_Left_EH4_Laser.Weapon_Mech_TDR_Torso_Left_EH4_Laser_C",
				"(TagName=\"Weapon.Energy.Laser.Standard.Small\")": "/Game/Objects/Mechs/Thunderbolt/Model/Weapons/Weapon_Mech_TDR_Torso_Left_EH4_Laser.Weapon_Mech_TDR_Torso_Left_EH4_Laser_C",
				"(TagName=\"Weapon.Energy.Laser.Pulse.Small\")": "/Game/Objects/Mechs/Thunderbolt/Model/Weapons/Weapon_Mech_TDR_Torso_Left_EH4_Laser.Weapon_Mech_TDR_Torso_Left_EH4_Laser_C",
				"(TagName=\"Weapon.Energy.TAG\")": "/Game/Objects/Mechs/Thunderbolt/Model/Weapons/Weapon_Mech_TDR_Torso_Left_EH4_Laser.Weapon_Mech_TDR_Torso_Left_EH4_Laser_C",
				"(TagName=\"Weapon.Energy.Flamer\")": "/Game/Objects/Mechs/Thunderbolt/Model/Weapons/Weapon_Mech_TDR_Torso_Left_EH4_Flamer.Weapon_Mech_TDR_Torso_Left_EH4_Flamer_C",
				"(TagName=\"Weapon.Energy.ParticleCannon\")": "/Game/Objects/Mechs/Thunderbolt/Model/Weapons/Weapon_Mech_TDR_Torso_Left_EH4_SNPPC.Weapon_Mech_TDR_Torso_Left_EH4_SNPPC_C",
				"(TagName=\"Weapon\")": "/Game/Objects/Mechs/Thunderbolt/Model/Weapons/Weapon_Mech_TDR_Torso_Left_EH4_Laser.Weapon_Mech_TDR_Torso_Left_EH4_Laser_C",
				"()": "None"
			}
		},
		{
			"hardpointSlotId": "Torso_Right_EH1_largelaser",
			"mechSkeletonSocketId": "Torso_Weapon",
			"mechPart": "RightTorso",
			"bHideOnPartDestruction": false,
			"slotTypeAssetId":
			{
				"id": "MWSlotTypeDataAsset:LargeLaser_SlotType"
			},
			"hardpointVisuals":
			{
				"(TagName=\"Weapon.Energy.Laser.Standard.Medium\")": "/Game/Objects/Mechs/Thunderbolt/Model/Weapons/Weapon_Mech_TDR_Torso_Right_EH1_Laser.Weapon_Mech_TDR_Torso_Right_EH1_Laser_C",
				"(TagName=\"Weapon.Energy.ParticleCannon.HPPC\")": "/Game/Objects/Mechs/Thunderbolt/Model/Weapons/Weapon_Mech_TDR_Torso_Right_EH1_HPPC.Weapon_Mech_TDR_Torso_Right_EH1_HPPC_C",
				"(TagName=\"Weapon.Energy.ParticleCannon.PPC\")": "/Game/Objects/Mechs/Thunderbolt/Model/Weapons/Weapon_Mech_TDR_Torso_Right_EH1_PPC.Weapon_Mech_TDR_Torso_Right_EH1_PPC_C",
				"(TagName=\"Weapon.Energy.ParticleCannon.ERPPC\")": "/Game/Objects/Mechs/Thunderbolt/Model/Weapons/Weapon_Mech_TDR_Torso_Right_EH1_PPC.Weapon_Mech_TDR_Torso_Right_EH1_PPC_C",
				"(TagName=\"Weapon.Energy.ParticleCannon.SNPPC\")": "/Game/Objects/Mechs/Thunderbolt/Model/Weapons/Weapon_Mech_TDR_Torso_Right_EH1_SNPPC.Weapon_Mech_TDR_Torso_Right_EH1_SNPPC_C",
				"(TagName=\"Weapon.Energy.ParticleCannon.LPPC\")": "/Game/Objects/Mechs/Thunderbolt/Model/Weapons/Weapon_Mech_TDR_Torso_Right_EH1_LPPC.Weapon_Mech_TDR_Torso_Right_EH1_LPPC_C",
				"(TagName=\"Weapon.Energy.Laser.Standard.Large\")": "/Game/Objects/Mechs/Thunderbolt/Model/Weapons/Weapon_Mech_TDR_Torso_Right_EH1_Laser.Weapon_Mech_TDR_Torso_Right_EH1_Laser_C",
				"(TagName=\"Weapon.Energy.Laser.ER.Large\")": "/Game/Objects/Mechs/Thunderbolt/Model/Weapons/Weapon_Mech_TDR_Torso_Right_EH1_Laser.Weapon_Mech_TDR_Torso_Right_EH1_Laser_C",
				"(TagName=\"Weapon.Energy.Laser.ER.Large.Clan\")": "/Game/Objects/Mechs/Thunderbolt/Model/Weapons/Weapon_Mech_TDR_Torso_Right_EH1_Laser.Weapon_Mech_TDR_Torso_Right_EH1_Laser_C",
				"(TagName=\"Weapon.Energy.Laser.Pulse.Large\")": "/Game/Objects/Mechs/Thunderbolt/Model/Weapons/Weapon_Mech_TDR_Torso_Right_EH1_Laser.Weapon_Mech_TDR_Torso_Right_EH1_Laser_C",
				"(TagName=\"Weapon.Energy.Laser.ER.Medium.Clan\")": "/Game/Objects/Mechs/Thunderbolt/Model/Weapons/Weapon_Mech_TDR_Torso_Right_EH1_Laser.Weapon_Mech_TDR_Torso_Right_EH1_Laser_C",
				"(TagName=\"Weapon.Energy.Laser.Pulse.Medium\")": "/Game/Objects/Mechs/Thunderbolt/Model/Weapons/Weapon_Mech_TDR_Torso_Right_EH1_Laser.Weapon_Mech_TDR_Torso_Right_EH1_Laser_C",
				"(TagName=\"Weapon.Energy.Laser.Pulse.Medium.Clan\")": "/Game/Objects/Mechs/Thunderbolt/Model/Weapons/Weapon_Mech_TDR_Torso_Right_EH1_Laser.Weapon_Mech_TDR_Torso_Right_EH1_Laser_C",
				"(TagName=\"Weapon.Energy.Laser.Standard.Small\")": "/Game/Objects/Mechs/Thunderbolt/Model/Weapons/Weapon_Mech_TDR_Torso_Right_EH1_Laser.Weapon_Mech_TDR_Torso_Right_EH1_Laser_C",
				"(TagName=\"Weapon.Energy.Laser.Pulse.Small\")": "/Game/Objects/Mechs/Thunderbolt/Model/Weapons/Weapon_Mech_TDR_Torso_Right_EH1_Laser.Weapon_Mech_TDR_Torso_Right_EH1_Laser_C",
				"(TagName=\"Weapon.Energy.TAG\")": "/Game/Objects/Mechs/Thunderbolt/Model/Weapons/Weapon_Mech_TDR_Torso_Right_EH1_Laser.Weapon_Mech_TDR_Torso_Right_EH1_Laser_C",
				"(TagName=\"Weapon.Energy.Flamer\")": "/Game/Objects/Mechs/Thunderbolt/Model/Weapons/Weapon_Mech_TDR_Torso_Right_EH1_Flamer.Weapon_Mech_TDR_Torso_Right_EH1_Flamer_C",
				"(TagName=\"Weapon.Energy.ParticleCannon\")": "/Game/Objects/Mechs/Thunderbolt/Model/Weapons/Weapon_Mech_TDR_Torso_Right_EH1_SNPPC.Weapon_Mech_TDR_Torso_Right_EH1_SNPPC_C",
				"(TagName=\"Weapon\")": "/Game/Objects/Mechs/Thunderbolt/Model/Weapons/Weapon_Mech_TDR_Torso_Right_EH1_Laser.Weapon_Mech_TDR_Torso_Right_EH1_Laser_C",
				"()": "None"
			}
		},
		{
			"hardpointSlotId": "Torso_Right_EH1_mediumlaser",
			"mechSkeletonSocketId": "Torso_Weapon",
			"mechPart": "RightTorso",
			"bHideOnPartDestruction": false,
			"slotTypeAssetId":
			{
				"id": "MWSlotTypeDataAsset:MediumLaser_SlotType"
			},
			"hardpointVisuals":
			{
				"(TagName=\"Weapon.Energy.Laser.Standard.Medium\")": "/Game/Objects/Mechs/Thunderbolt/Model/Weapons/Weapon_Mech_TDR_Torso_Right_EH1_Laser.Weapon_Mech_TDR_Torso_Right_EH1_Laser_C",
				"(TagName=\"Weapon.Energy.ParticleCannon.HPPC\")": "/Game/Objects/Mechs/Thunderbolt/Model/Weapons/Weapon_Mech_TDR_Torso_Right_EH1_HPPC.Weapon_Mech_TDR_Torso_Right_EH1_HPPC_C",
				"(TagName=\"Weapon.Energy.ParticleCannon.PPC\")": "/Game/Objects/Mechs/Thunderbolt/Model/Weapons/Weapon_Mech_TDR_Torso_Right_EH1_PPC.Weapon_Mech_TDR_Torso_Right_EH1_PPC_C",
				"(TagName=\"Weapon.Energy.ParticleCannon.ERPPC\")": "/Game/Objects/Mechs/Thunderbolt/Model/Weapons/Weapon_Mech_TDR_Torso_Right_EH1_PPC.Weapon_Mech_TDR_Torso_Right_EH1_PPC_C",
				"(TagName=\"Weapon.Energy.ParticleCannon.SNPPC\")": "/Game/Objects/Mechs/Thunderbolt/Model/Weapons/Weapon_Mech_TDR_Torso_Right_EH1_SNPPC.Weapon_Mech_TDR_Torso_Right_EH1_SNPPC_C",
				"(TagName=\"Weapon.Energy.ParticleCannon.LPPC\")": "/Game/Objects/Mechs/Thunderbolt/Model/Weapons/Weapon_Mech_TDR_Torso_Right_EH1_LPPC.Weapon_Mech_TDR_Torso_Right_EH1_LPPC_C",
				"(TagName=\"Weapon.Energy.Laser.Standard.Large\")": "/Game/Objects/Mechs/Thunderbolt/Model/Weapons/Weapon_Mech_TDR_Torso_Right_EH1_Laser.Weapon_Mech_TDR_Torso_Right_EH1_Laser_C",
				"(TagName=\"Weapon.Energy.Laser.ER.Large\")": "/Game/Objects/Mechs/Thunderbolt/Model/Weapons/Weapon_Mech_TDR_Torso_Right_EH1_Laser.Weapon_Mech_TDR_Torso_Right_EH1_Laser_C",
				"(TagName=\"Weapon.Energy.Laser.ER.Large.Clan\")": "/Game/Objects/Mechs/Thunderbolt/Model/Weapons/Weapon_Mech_TDR_Torso_Right_EH1_Laser.Weapon_Mech_TDR_Torso_Right_EH1_Laser_C",
				"(TagName=\"Weapon.Energy.Laser.Pulse.Large\")": "/Game/Objects/Mechs/Thunderbolt/Model/Weapons/Weapon_Mech_TDR_Torso_Right_EH1_Laser.Weapon_Mech_TDR_Torso_Right_EH1_Laser_C",
				"(TagName=\"Weapon.Energy.Laser.ER.Medium.Clan\")": "/Game/Objects/Mechs/Thunderbolt/Model/Weapons/Weapon_Mech_TDR_Torso_Right_EH1_Laser.Weapon_Mech_TDR_Torso_Right_EH1_Laser_C",
				"(TagName=\"Weapon.Energy.Laser.Pulse.Medium\")": "/Game/Objects/Mechs/Thunderbolt/Model/Weapons/Weapon_Mech_TDR_Torso_Right_EH1_Laser.Weapon_Mech_TDR_Torso_Right_EH1_Laser_C",
				"(TagName=\"Weapon.Energy.Laser.Pulse.Medium.Clan\")": "/Game/Objects/Mechs/Thunderbolt/Model/Weapons/Weapon_Mech_TDR_Torso_Right_EH1_Laser.Weapon_Mech_TDR_Torso_Right_EH1_Laser_C",
				"(TagName=\"Weapon.Energy.Laser.Standard.Small\")": "/Game/Objects/Mechs/Thunderbolt/Model/Weapons/Weapon_Mech_TDR_Torso_Right_EH1_Laser.Weapon_Mech_TDR_Torso_Right_EH1_Laser_C",
				"(TagName=\"Weapon.Energy.Laser.Pulse.Small\")": "/Game/Objects/Mechs/Thunderbolt/Model/Weapons/Weapon_Mech_TDR_Torso_Right_EH1_Laser.Weapon_Mech_TDR_Torso_Right_EH1_Laser_C",
				"(TagName=\"Weapon.Energy.TAG\")": "/Game/Objects/Mechs/Thunderbolt/Model/Weapons/Weapon_Mech_TDR_Torso_Right_EH1_Laser.Weapon_Mech_TDR_Torso_Right_EH1_Laser_C",
				"(TagName=\"Weapon.Energy.Flamer\")": "/Game/Objects/Mechs/Thunderbolt/Model/Weapons/Weapon_Mech_TDR_Torso_Right_EH1_Flamer.Weapon_Mech_TDR_Torso_Right_EH1_Flamer_C",
				"(TagName=\"Weapon.Energy.ParticleCannon\")": "/Game/Objects/Mechs/Thunderbolt/Model/Weapons/Weapon_Mech_TDR_Torso_Right_EH1_SNPPC.Weapon_Mech_TDR_Torso_Right_EH1_SNPPC_C",
				"(TagName=\"Weapon\")": "/Game/Objects/Mechs/Thunderbolt/Model/Weapons/Weapon_Mech_TDR_Torso_Right_EH1_Laser.Weapon_Mech_TDR_Torso_Right_EH1_Laser_C",
				"()": "None"
			}
		},
		{
			"hardpointSlotId": "Torso_Right_EH2_mediumlaser",
			"mechSkeletonSocketId": "Torso_Weapon",
			"mechPart": "RightTorso",
			"bHideOnPartDestruction": false,
			"slotTypeAssetId":
			{
				"id": "MWSlotTypeDataAsset:MediumLaser_SlotType"
			},
			"hardpointVisuals":
			{
				"(TagName=\"Weapon.Energy.Laser.Standard.Medium\")": "/Game/Objects/Mechs/Thunderbolt/Model/Weapons/Weapon_Mech_TDR_Torso_Right_EH2_Laser.Weapon_Mech_TDR_Torso_Right_EH2_Laser_C",
				"(TagName=\"Weapon.Energy.ParticleCannon.HPPC\")": "/Game/Objects/Mechs/Thunderbolt/Model/Weapons/Weapon_Mech_TDR_Torso_Right_EH2_HPPC.Weapon_Mech_TDR_Torso_Right_EH2_HPPC_C",
				"(TagName=\"Weapon.Energy.ParticleCannon.PPC\")": "/Game/Objects/Mechs/Thunderbolt/Model/Weapons/Weapon_Mech_TDR_Torso_Right_EH2_PPC.Weapon_Mech_TDR_Torso_Right_EH2_PPC_C",
				"(TagName=\"Weapon.Energy.ParticleCannon.ERPPC\")": "/Game/Objects/Mechs/Thunderbolt/Model/Weapons/Weapon_Mech_TDR_Torso_Right_EH2_PPC.Weapon_Mech_TDR_Torso_Right_EH2_PPC_C",
				"(TagName=\"Weapon.Energy.ParticleCannon.SNPPC\")": "/Game/Objects/Mechs/Thunderbolt/Model/Weapons/Weapon_Mech_TDR_Torso_Right_EH2_SNPPC.Weapon_Mech_TDR_Torso_Right_EH2_SNPPC_C",
				"(TagName=\"Weapon.Energy.ParticleCannon.LPPC\")": "/Game/Objects/Mechs/Thunderbolt/Model/Weapons/Weapon_Mech_TDR_Torso_Right_EH2_LPPC.Weapon_Mech_TDR_Torso_Right_EH2_LPPC_C",
				"(TagName=\"Weapon.Energy.Laser.Standard.Large\")": "/Game/Objects/Mechs/Thunderbolt/Model/Weapons/Weapon_Mech_TDR_Torso_Right_EH2_Laser.Weapon_Mech_TDR_Torso_Right_EH2_Laser_C",
				"(TagName=\"Weapon.Energy.Laser.ER.Large\")": "/Game/Objects/Mechs/Thunderbolt/Model/Weapons/Weapon_Mech_TDR_Torso_Right_EH2_Laser.Weapon_Mech_TDR_Torso_Right_EH2_Laser_C",
				"(TagName=\"Weapon.Energy.Laser.ER.Large.Clan\")": "/Game/Objects/Mechs/Thunderbolt/Model/Weapons/Weapon_Mech_TDR_Torso_Right_EH2_Laser.Weapon_Mech_TDR_Torso_Right_EH2_Laser_C",
				"(TagName=\"Weapon.Energy.Laser.Pulse.Large\")": "/Game/Objects/Mechs/Thunderbolt/Model/Weapons/Weapon_Mech_TDR_Torso_Right_EH2_Laser.Weapon_Mech_TDR_Torso_Right_EH2_Laser_C",
				"(TagName=\"Weapon.Energy.Laser.ER.Medium.Clan\")": "/Game/Objects/Mechs/Thunderbolt/Model/Weapons/Weapon_Mech_TDR_Torso_Right_EH2_Laser.Weapon_Mech_TDR_Torso_Right_EH2_Laser_C",
				"(TagName=\"Weapon.Energy.Laser.Pulse.Medium\")": "/Game/Objects/Mechs/Thunderbolt/Model/Weapons/Weapon_Mech_TDR_Torso_Right_EH2_Laser.Weapon_Mech_TDR_Torso_Right_EH2_Laser_C",
				"(TagName=\"Weapon.Energy.Laser.Pulse.Medium.Clan\")": "/Game/Objects/Mechs/Thunderbolt/Model/Weapons/Weapon_Mech_TDR_Torso_Right_EH2_Laser.Weapon_Mech_TDR_Torso_Right_EH2_Laser_C",
				"(TagName=\"Weapon.Energy.Laser.Standard.Small\")": "/Game/Objects/Mechs/Thunderbolt/Model/Weapons/Weapon_Mech_TDR_Torso_Right_EH2_Laser.Weapon_Mech_TDR_Torso_Right_EH2_Laser_C",
				"(TagName=\"Weapon.Energy.Laser.Pulse.Small\")": "/Game/Objects/Mechs/Thunderbolt/Model/Weapons/Weapon_Mech_TDR_Torso_Right_EH2_Laser.Weapon_Mech_TDR_Torso_Right_EH2_Laser_C",
				"(TagName=\"Weapon.Energy.TAG\")": "/Game/Objects/Mechs/Thunderbolt/Model/Weapons/Weapon_Mech_TDR_Torso_Right_EH2_Laser.Weapon_Mech_TDR_Torso_Right_EH2_Laser_C",
				"(TagName=\"Weapon.Energy.Flamer\")": "/Game/Objects/Mechs/Thunderbolt/Model/Weapons/Weapon_Mech_TDR_Torso_Right_EH2_Flamer.Weapon_Mech_TDR_Torso_Right_EH2_Flamer_C",
				"(TagName=\"Weapon.Energy.ParticleCannon\")": "/Game/Objects/Mechs/Thunderbolt/Model/Weapons/Weapon_Mech_TDR_Torso_Right_EH2_SNPPC.Weapon_Mech_TDR_Torso_Right_EH2_SNPPC_C",
				"(TagName=\"Weapon\")": "/Game/Objects/Mechs/Thunderbolt/Model/Weapons/Weapon_Mech_TDR_Torso_Right_EH2_Laser.Weapon_Mech_TDR_Torso_Right_EH2_Laser_C",
				"()": "None"
			}
		},
		{
			"hardpointSlotId": "Torso_Right_EH3_mediumlaser",
			"mechSkeletonSocketId": "Torso_Weapon",
			"mechPart": "RightTorso",
			"bHideOnPartDestruction": false,
			"slotTypeAssetId":
			{
				"id": "MWSlotTypeDataAsset:MediumLaser_SlotType"
			},
			"hardpointVisuals":
			{
				"(TagName=\"Weapon.Energy.Laser.Standard.Medium\")": "/Game/Objects/Mechs/Thunderbolt/Model/Weapons/Weapon_Mech_TDR_Torso_Right_EH3_Laser.Weapon_Mech_TDR_Torso_Right_EH3_Laser_C",
				"(TagName=\"Weapon.Energy.ParticleCannon.HPPC\")": "/Game/Objects/Mechs/Thunderbolt/Model/Weapons/Weapon_Mech_TDR_Torso_Right_EH3_HPPC.Weapon_Mech_TDR_Torso_Right_EH3_HPPC_C",
				"(TagName=\"Weapon.Energy.ParticleCannon.PPC\")": "/Game/Objects/Mechs/Thunderbolt/Model/Weapons/Weapon_Mech_TDR_Torso_Right_EH3_PPC.Weapon_Mech_TDR_Torso_Right_EH3_PPC_C",
				"(TagName=\"Weapon.Energy.ParticleCannon.ERPPC\")": "/Game/Objects/Mechs/Thunderbolt/Model/Weapons/Weapon_Mech_TDR_Torso_Right_EH3_PPC.Weapon_Mech_TDR_Torso_Right_EH3_PPC_C",
				"(TagName=\"Weapon.Energy.ParticleCannon.SNPPC\")": "/Game/Objects/Mechs/Thunderbolt/Model/Weapons/Weapon_Mech_TDR_Torso_Right_EH3_SNPPC.Weapon_Mech_TDR_Torso_Right_EH3_SNPPC_C",
				"(TagName=\"Weapon.Energy.ParticleCannon.LPPC\")": "/Game/Objects/Mechs/Thunderbolt/Model/Weapons/Weapon_Mech_TDR_Torso_Right_EH3_LPPC.Weapon_Mech_TDR_Torso_Right_EH3_LPPC_C",
				"(TagName=\"Weapon.Energy.Laser.Standard.Large\")": "/Game/Objects/Mechs/Thunderbolt/Model/Weapons/Weapon_Mech_TDR_Torso_Right_EH3_Laser.Weapon_Mech_TDR_Torso_Right_EH3_Laser_C",
				"(TagName=\"Weapon.Energy.Laser.ER.Large\")": "/Game/Objects/Mechs/Thunderbolt/Model/Weapons/Weapon_Mech_TDR_Torso_Right_EH3_Laser.Weapon_Mech_TDR_Torso_Right_EH3_Laser_C",
				"(TagName=\"Weapon.Energy.Laser.ER.Large.Clan\")": "/Game/Objects/Mechs/Thunderbolt/Model/Weapons/Weapon_Mech_TDR_Torso_Right_EH3_Laser.Weapon_Mech_TDR_Torso_Right_EH3_Laser_C",
				"(TagName=\"Weapon.Energy.Laser.Pulse.Large\")": "/Game/Objects/Mechs/Thunderbolt/Model/Weapons/Weapon_Mech_TDR_Torso_Right_EH3_Laser.Weapon_Mech_TDR_Torso_Right_EH3_Laser_C",
				"(TagName=\"Weapon.Energy.Laser.ER.Medium.Clan\")": "/Game/Objects/Mechs/Thunderbolt/Model/Weapons/Weapon_Mech_TDR_Torso_Right_EH3_Laser.Weapon_Mech_TDR_Torso_Right_EH3_Laser_C",
				"(TagName=\"Weapon.Energy.Laser.Pulse.Medium\")": "/Game/Objects/Mechs/Thunderbolt/Model/Weapons/Weapon_Mech_TDR_Torso_Right_EH3_Laser.Weapon_Mech_TDR_Torso_Right_EH3_Laser_C",
				"(TagName=\"Weapon.Energy.Laser.Pulse.Medium.Clan\")": "/Game/Objects/Mechs/Thunderbolt/Model/Weapons/Weapon_Mech_TDR_Torso_Right_EH3_Laser.Weapon_Mech_TDR_Torso_Right_EH3_Laser_C",
				"(TagName=\"Weapon.Energy.Laser.Standard.Small\")": "/Game/Objects/Mechs/Thunderbolt/Model/Weapons/Weapon_Mech_TDR_Torso_Right_EH3_Laser.Weapon_Mech_TDR_Torso_Right_EH3_Laser_C",
				"(TagName=\"Weapon.Energy.Laser.Pulse.Small\")": "/Game/Objects/Mechs/Thunderbolt/Model/Weapons/Weapon_Mech_TDR_Torso_Right_EH3_Laser.Weapon_Mech_TDR_Torso_Right_EH3_Laser_C",
				"(TagName=\"Weapon.Energy.TAG\")": "/Game/Objects/Mechs/Thunderbolt/Model/Weapons/Weapon_Mech_TDR_Torso_Right_EH3_Laser.Weapon_Mech_TDR_Torso_Right_EH3_Laser_C",
				"(TagName=\"Weapon.Energy.Flamer\")": "/Game/Objects/Mechs/Thunderbolt/Model/Weapons/Weapon_Mech_TDR_Torso_Right_EH3_Flamer.Weapon_Mech_TDR_Torso_Right_EH3_Flamer_C",
				"(TagName=\"Weapon.Energy.ParticleCannon\")": "/Game/Objects/Mechs/Thunderbolt/Model/Weapons/Weapon_Mech_TDR_Torso_Right_EH3_SNPPC.Weapon_Mech_TDR_Torso_Right_EH3_SNPPC_C",
				"(TagName=\"Weapon\")": "/Game/Objects/Mechs/Thunderbolt/Model/Weapons/Weapon_Mech_TDR_Torso_Right_EH3_Laser.Weapon_Mech_TDR_Torso_Right_EH3_Laser_C",
				"()": "None"
			}
		},
		{
			"hardpointSlotId": "Torso_Right_EH4_mediumlaser",
			"mechSkeletonSocketId": "Torso_Weapon",
			"mechPart": "RightTorso",
			"bHideOnPartDestruction": false,
			"slotTypeAssetId":
			{
				"id": "MWSlotTypeDataAsset:MediumLaser_SlotType"
			},
			"hardpointVisuals":
			{
				"(TagName=\"Weapon.Energy.Laser.Standard.Medium\")": "/Game/Objects/Mechs/Thunderbolt/Model/Weapons/Weapon_Mech_TDR_Torso_Right_EH4_Laser.Weapon_Mech_TDR_Torso_Right_EH4_Laser_C",
				"(TagName=\"Weapon.Energy.ParticleCannon.PPC\")": "/Game/Objects/Mechs/Thunderbolt/Model/Weapons/Weapon_Mech_TDR_Torso_Right_EH4_PPC.Weapon_Mech_TDR_Torso_Right_EH4_PPC_C",
				"(TagName=\"Weapon.Energy.ParticleCannon.ERPPC\")": "/Game/Objects/Mechs/Thunderbolt/Model/Weapons/Weapon_Mech_TDR_Torso_Right_EH4_PPC.Weapon_Mech_TDR_Torso_Right_EH4_PPC_C",
				"(TagName=\"Weapon.Energy.ParticleCannon.SNPPC\")": "/Game/Objects/Mechs/Thunderbolt/Model/Weapons/Weapon_Mech_TDR_Torso_Right_EH4_SNPPC.Weapon_Mech_TDR_Torso_Right_EH4_SNPPC_C",
				"(TagName=\"Weapon.Energy.ParticleCannon.LPPC\")": "/Game/Objects/Mechs/Thunderbolt/Model/Weapons/Weapon_Mech_TDR_Torso_Right_EH4_LPPC.Weapon_Mech_TDR_Torso_Right_EH4_LPPC_C",
				"(TagName=\"Weapon.Energy.Laser.Standard.Large\")": "/Game/Objects/Mechs/Thunderbolt/Model/Weapons/Weapon_Mech_TDR_Torso_Right_EH4_Laser.Weapon_Mech_TDR_Torso_Right_EH4_Laser_C",
				"(TagName=\"Weapon.Energy.Laser.ER.Large\")": "/Game/Objects/Mechs/Thunderbolt/Model/Weapons/Weapon_Mech_TDR_Torso_Right_EH4_Laser.Weapon_Mech_TDR_Torso_Right_EH4_Laser_C",
				"(TagName=\"Weapon.Energy.Laser.ER.Large.Clan\")": "/Game/Objects/Mechs/Thunderbolt/Model/Weapons/Weapon_Mech_TDR_Torso_Right_EH4_Laser.Weapon_Mech_TDR_Torso_Right_EH4_Laser_C",
				"(TagName=\"Weapon.Energy.Laser.Pulse.Large\")": "/Game/Objects/Mechs/Thunderbolt/Model/Weapons/Weapon_Mech_TDR_Torso_Right_EH4_Laser.Weapon_Mech_TDR_Torso_Right_EH4_Laser_C",
				"(TagName=\"Weapon.Energy.Laser.ER.Medium.Clan\")": "/Game/Objects/Mechs/Thunderbolt/Model/Weapons/Weapon_Mech_TDR_Torso_Right_EH4_Laser.Weapon_Mech_TDR_Torso_Right_EH4_Laser_C",
				"(TagName=\"Weapon.Energy.Laser.Pulse.Medium\")": "/Game/Objects/Mechs/Thunderbolt/Model/Weapons/Weapon_Mech_TDR_Torso_Right_EH4_Laser.Weapon_Mech_TDR_Torso_Right_EH4_Laser_C",
				"(TagName=\"Weapon.Energy.Laser.Pulse.Medium.Clan\")": "/Game/Objects/Mechs/Thunderbolt/Model/Weapons/Weapon_Mech_TDR_Torso_Right_EH4_Laser.Weapon_Mech_TDR_Torso_Right_EH4_Laser_C",
				"(TagName=\"Weapon.Energy.Laser.Standard.Small\")": "/Game/Objects/Mechs/Thunderbolt/Model/Weapons/Weapon_Mech_TDR_Torso_Right_EH4_Laser.Weapon_Mech_TDR_Torso_Right_EH4_Laser_C",
				"(TagName=\"Weapon.Energy.Laser.Pulse.Small\")": "/Game/Objects/Mechs/Thunderbolt/Model/Weapons/Weapon_Mech_TDR_Torso_Right_EH4_Laser.Weapon_Mech_TDR_Torso_Right_EH4_Laser_C",
				"(TagName=\"Weapon.Energy.TAG\")": "/Game/Objects/Mechs/Thunderbolt/Model/Weapons/Weapon_Mech_TDR_Torso_Right_EH4_Laser.Weapon_Mech_TDR_Torso_Right_EH4_Laser_C",
				"(TagName=\"Weapon.Energy.Flamer\")": "/Game/Objects/Mechs/Thunderbolt/Model/Weapons/Weapon_Mech_TDR_Torso_Right_EH4_Flamer.Weapon_Mech_TDR_Torso_Right_EH4_Flamer_C",
				"(TagName=\"Weapon.Energy.ParticleCannon\")": "/Game/Objects/Mechs/Thunderbolt/Model/Weapons/Weapon_Mech_TDR_Torso_Right_EH4_SNPPC.Weapon_Mech_TDR_Torso_Right_EH4_SNPPC_C",
				"(TagName=\"Weapon\")": "/Game/Objects/Mechs/Thunderbolt/Model/Weapons/Weapon_Mech_TDR_Torso_Right_EH4_Laser.Weapon_Mech_TDR_Torso_Right_EH4_Laser_C",
				"()": "None"
			}
		},
		{
			"hardpointSlotId": "Forearm_Right_EH1_largelaser",
			"mechSkeletonSocketId": "Forearm_Right_Weapon",
			"mechPart": "RightArm",
			"bHideOnPartDestruction": true,
			"slotTypeAssetId":
			{
				"id": "MWSlotTypeDataAsset:LargeLaser_SlotType"
			},
			"hardpointVisuals":
			{
				"(TagName=\"Weapon.Energy.Laser.Standard.Large\")": "/Game/Objects/Mechs/Thunderbolt/Model/Weapons/Weapon_Mech_TDR_Forearm_Right_EH1_Laser.Weapon_Mech_TDR_Forearm_Right_EH1_Laser_C",
				"(TagName=\"Weapon.Energy.ParticleCannon.HPPC\")": "/Game/Objects/Mechs/Thunderbolt/Model/Weapons/Weapon_Mech_TDR_Forearm_Right_EH1_HPPC.Weapon_Mech_TDR_Forearm_Right_EH1_HPPC_C",
				"(TagName=\"Weapon.Energy.ParticleCannon.PPC\")": "/Game/Objects/Mechs/Thunderbolt/Model/Weapons/Weapon_Mech_TDR_Forearm_Right_EH1_PPC.Weapon_Mech_TDR_Forearm_Right_EH1_PPC_C",
				"(TagName=\"Weapon.Energy.ParticleCannon.ERPPC\")": "/Game/Objects/Mechs/Thunderbolt/Model/Weapons/Weapon_Mech_TDR_Forearm_Right_EH1_PPC.Weapon_Mech_TDR_Forearm_Right_EH1_PPC_C",
				"(TagName=\"Weapon.Energy.ParticleCannon.SNPPC\")": "/Game/Objects/Mechs/Thunderbolt/Model/Weapons/Weapon_Mech_TDR_Forearm_Right_EH1_SNPPC.Weapon_Mech_TDR_Forearm_Right_EH1_SNPPC_C",
				"(TagName=\"Weapon.Energy.ParticleCannon.LPPC\")": "/Game/Objects/Mechs/Thunderbolt/Model/Weapons/Weapon_Mech_TDR_Forearm_Right_EH1_LPPC.Weapon_Mech_TDR_Forearm_Right_EH1_LPPC_C",
				"(TagName=\"Weapon.Energy.Laser.ER.Large\")": "/Game/Objects/Mechs/Thunderbolt/Model/Weapons/Weapon_Mech_TDR_Forearm_Right_EH1_Laser.Weapon_Mech_TDR_Forearm_Right_EH1_Laser_C",
				"(TagName=\"Weapon.Energy.Laser.ER.Large.Clan\")": "/Game/Objects/Mechs/Thunderbolt/Model/Weapons/Weapon_Mech_TDR_Forearm_Right_EH1_Laser.Weapon_Mech_TDR_Forearm_Right_EH1_Laser_C",
				"(TagName=\"Weapon.Energy.Laser.Pulse.Large\")": "/Game/Objects/Mechs/Thunderbolt/Model/Weapons/Weapon_Mech_TDR_Forearm_Right_EH1_Laser.Weapon_Mech_TDR_Forearm_Right_EH1_Laser_C",
				"(TagName=\"Weapon.Energy.Laser.Standard.Medium\")": "/Game/Objects/Mechs/Thunderbolt/Model/Weapons/Weapon_Mech_TDR_Forearm_Right_EH1_Laser.Weapon_Mech_TDR_Forearm_Right_EH1_Laser_C",
				"(TagName=\"Weapon.Energy.Laser.ER.Medium.Clan\")": "/Game/Objects/Mechs/Thunderbolt/Model/Weapons/Weapon_Mech_TDR_Forearm_Right_EH1_Laser.Weapon_Mech_TDR_Forearm_Right_EH1_Laser_C",
				"(TagName=\"Weapon.Energy.Laser.Pulse.Medium\")": "/Game/Objects/Mechs/Thunderbolt/Model/Weapons/Weapon_Mech_TDR_Forearm_Right_EH1_Laser.Weapon_Mech_TDR_Forearm_Right_EH1_Laser_C",
				"(TagName=\"Weapon.Energy.Laser.Pulse.Medium.Clan\")": "/Game/Objects/Mechs/Thunderbolt/Model/Weapons/Weapon_Mech_TDR_Forearm_Right_EH1_Laser.Weapon_Mech_TDR_Forearm_Right_EH1_Laser_C",
				"(TagName=\"Weapon.Energy.Laser.Standard.Small\")": "/Game/Objects/Mechs/Thunderbolt/Model/Weapons/Weapon_Mech_TDR_Forearm_Right_EH1_Laser.Weapon_Mech_TDR_Forearm_Right_EH1_Laser_C",
				"(TagName=\"Weapon.Energy.Laser.Pulse.Small\")": "/Game/Objects/Mechs/Thunderbolt/Model/Weapons/Weapon_Mech_TDR_Forearm_Right_EH1_Laser.Weapon_Mech_TDR_Forearm_Right_EH1_Laser_C",
				"(TagName=\"Weapon.Energy.TAG\")": "/Game/Objects/Mechs/Thunderbolt/Model/Weapons/Weapon_Mech_TDR_Forearm_Right_EH1_Laser.Weapon_Mech_TDR_Forearm_Right_EH1_Laser_C",
				"(TagName=\"Weapon.Energy.Flamer\")": "/Game/Objects/Mechs/Thunderbolt/Model/Weapons/Weapon_Mech_TDR_Forearm_Right_EH1_Flamer.Weapon_Mech_TDR_Forearm_Right_EH1_Flamer_C",
				"(TagName=\"Weapon.Energy.ParticleCannon\")": "/Game/Objects/Mechs/Thunderbolt/Model/Weapons/Weapon_Mech_TDR_Forearm_Right_EH1_SNPPC.Weapon_Mech_TDR_Forearm_Right_EH1_SNPPC_C",
				"(TagName=\"Weapon\")": "/Game/Objects/Mechs/Thunderbolt/Model/Weapons/Weapon_Mech_TDR_Forearm_Right_EH1_Laser.Weapon_Mech_TDR_Forearm_Right_EH1_Laser_C",
				"()": "None"
			}
		},
		{
			"hardpointSlotId": "Missile_Right_MB1_blank",
			"mechSkeletonSocketId": "Torso_Weapon",
			"mechPart": "RightTorso",
			"bHideOnPartDestruction": false,
			"slotTypeAssetId":
			{
				"id": ""
			},
			"hardpointVisuals":
			{
				"(TagName=\"None\")": "/Game/Objects/Mechs/Thunderbolt/Model/Weapons/Weapon_Mech_TDR_Missile_Right_MB1_Blank.Weapon_Mech_TDR_Missile_Right_MB1_Blank_C",
				"(TagName=\"Weapon\")": "/Game/Objects/Mechs/Thunderbolt/Model/Weapons/Weapon_Mech_TDR_Missile_Right_MB1_Blank.Weapon_Mech_TDR_Missile_Right_MB1_Blank_C",
				"()": "/Game/Objects/Mechs/Thunderbolt/Model/Weapons/Weapon_Mech_TDR_Missile_Right_MB1_Blank.Weapon_Mech_TDR_Missile_Right_MB1_Blank_C"
			}
		},
		{
			"hardpointSlotId": "Torso_Right_MH1_lrm15",
			"mechSkeletonSocketId": "Torso_Weapon",
			"mechPart": "RightTorso",
			"bHideOnPartDestruction": false,
			"slotTypeAssetId":
			{
				"id": "MWSlotTypeDataAsset:LRM15_SlotType"
			},
			"hardpointVisuals":
			{
				"(TagName=\"Weapon.Missile.LRM.LRM15\")": "/Game/Objects/Mechs/Thunderbolt/Model/Weapons/Weapon_Mech_TDR_Torso_Right_MH1_Missile15.Weapon_Mech_TDR_Torso_Right_MH1_Missile15_C",
				"(TagName=\"Weapon.Missile.LRM.LRM20\")": "/Game/Objects/Mechs/Thunderbolt/Model/Weapons/Weapon_Mech_TDR_Torso_Right_MH1_Missile20.Weapon_Mech_TDR_Torso_Right_MH1_Missile20_C",
				"(TagName=\"Weapon.ArtemisMissile.LRM.LRM20\")": "/Game/Objects/Mechs/Thunderbolt/Model/Weapons/Weapon_Mech_TDR_Torso_Right_MH1_Missile20.Weapon_Mech_TDR_Torso_Right_MH1_Missile20_C",
				"(TagName=\"Weapon.Missile.LRM.LRM20.Clan\")": "/Game/Objects/Mechs/Thunderbolt/Model/Weapons/Weapon_Mech_TDR_Torso_Right_MH1_Missile20.Weapon_Mech_TDR_Torso_Right_MH1_Missile20_C",
				"(TagName=\"Weapon.ArtemisMissile.LRM.LRM15\")": "/Game/Objects/Mechs/Thunderbolt/Model/Weapons/Weapon_Mech_TDR_Torso_Right_MH1_Missile15.Weapon_Mech_TDR_Torso_Right_MH1_Missile15_C",
				"(TagName=\"Weapon.Missile.LRM.LRM10\")": "/Game/Objects/Mechs/Thunderbolt/Model/Weapons/Weapon_Mech_TDR_Torso_Right_MH1_Missile10.Weapon_Mech_TDR_Torso_Right_MH1_Missile10_C",
				"(TagName=\"Weapon.ArtemisMissile.LRM.LRM10\")": "/Game/Objects/Mechs/Thunderbolt/Model/Weapons/Weapon_Mech_TDR_Torso_Right_MH1_Missile10.Weapon_Mech_TDR_Torso_Right_MH1_Missile10_C",
				"(TagName=\"Weapon.Missile.SRM.SRM6\")": "/Game/Objects/Mechs/Thunderbolt/Model/Weapons/Weapon_Mech_TDR_Torso_Right_MH1_Missile6.Weapon_Mech_TDR_Torso_Right_MH1_Missile6_C",
				"(TagName=\"Weapon.ArtemisMissile.SRM.SRM6\")": "/Game/Objects/Mechs/Thunderbolt/Model/Weapons/Weapon_Mech_TDR_Torso_Right_MH1_Missile6.Weapon_Mech_TDR_Torso_Right_MH1_Missile6_C",
				"(TagName=\"Weapon.Missile.NARC\")": "/Game/Objects/Mechs/Thunderbolt/Model/Weapons/Weapon_Mech_TDR_Torso_Right_MH1_Narc.Weapon_Mech_TDR_Torso_Right_MH1_Narc_C",
				"(TagName=\"Weapon.Missile.LRM.LRM5\")": "/Game/Objects/Mechs/Thunderbolt/Model/Weapons/Weapon_Mech_TDR_Torso_Right_MH1_Missile5.Weapon_Mech_TDR_Torso_Right_MH1_Missile5_C",
				"(TagName=\"Weapon.ArtemisMissile.LRM.LRM5\")": "/Game/Objects/Mechs/Thunderbolt/Model/Weapons/Weapon_Mech_TDR_Torso_Right_MH1_Missile5.Weapon_Mech_TDR_Torso_Right_MH1_Missile5_C",
				"(TagName=\"Weapon.Missile.SRM.SRM4\")": "/Game/Objects/Mechs/Thunderbolt/Model/Weapons/Weapon_Mech_TDR_Torso_Right_MH1_Missile4.Weapon_Mech_TDR_Torso_Right_MH1_Missile4_C",
				"(TagName=\"Weapon.ArtemisMissile.SRM.SRM4\")": "/Game/Objects/Mechs/Thunderbolt/Model/Weapons/Weapon_Mech_TDR_Torso_Right_MH1_Missile4.Weapon_Mech_TDR_Torso_Right_MH1_Missile4_C",
				"(TagName=\"Weapon.Missile.SRM.SRM2\")": "/Game/Objects/Mechs/Thunderbolt/Model/Weapons/Weapon_Mech_TDR_Torso_Right_MH1_Missile2.Weapon_Mech_TDR_Torso_Right_MH1_Missile2_C",
				"(TagName=\"Weapon.Missile.SRM.Streak.SRM2\")": "/Game/Objects/Mechs/Thunderbolt/Model/Weapons/Weapon_Mech_TDR_Torso_Right_MH1_Missile2.Weapon_Mech_TDR_Torso_Right_MH1_Missile2_C",
				"(TagName=\"Weapon.ArtemisMissile.SRM.SRM2\")": "/Game/Objects/Mechs/Thunderbolt/Model/Weapons/Weapon_Mech_TDR_Torso_Right_MH1_Missile2.Weapon_Mech_TDR_Torso_Right_MH1_Missile2_C",
				"(TagName=\"Weapon\")": "/Game/Objects/Mechs/Thunderbolt/Model/Weapons/Weapon_Mech_TDR_Torso_Right_MH1_Missile15.Weapon_Mech_TDR_Torso_Right_MH1_Missile15_C",
				"()": "/Game/Objects/Mechs/Thunderbolt/Model/Weapons/Weapon_Mech_TDR_Missile_Right_MB1_Blank.Weapon_Mech_TDR_Missile_Right_MB1_Blank_C"
			}
		},
		{
			"hardpointSlotId": "Torso_Right_MH2_srm2",
			"mechSkeletonSocketId": "Torso_Weapon",
			"mechPart": "RightTorso",
			"bHideOnPartDestruction": false,
			"slotTypeAssetId":
			{
				"id": "MWSlotTypeDataAsset:SRM2_SlotType"
			},
			"hardpointVisuals":
			{
				"(TagName=\"Weapon.Missile.SRM.SRM2\")": "/Game/Objects/Mechs/Thunderbolt/Model/Weapons/Weapon_Mech_TDR_Torso_Right_MH2_Missile2.Weapon_Mech_TDR_Torso_Right_MH2_Missile2_C",
				"(TagName=\"Weapon.Missile.LRM.LRM20\")": "/Game/Objects/Mechs/Thunderbolt/Model/Weapons/Weapon_Mech_TDR_Torso_Right_MH2_Missile10.Weapon_Mech_TDR_Torso_Right_MH2_Missile10_C",
				"(TagName=\"Weapon.ArtemisMissile.LRM.LRM20\")": "/Game/Objects/Mechs/Thunderbolt/Model/Weapons/Weapon_Mech_TDR_Torso_Right_MH2_Missile10.Weapon_Mech_TDR_Torso_Right_MH2_Missile10_C",
				"(TagName=\"Weapon.Missile.LRM.LRM20.Clan\")": "/Game/Objects/Mechs/Thunderbolt/Model/Weapons/Weapon_Mech_TDR_Torso_Right_MH2_Missile10.Weapon_Mech_TDR_Torso_Right_MH2_Missile10_C",
				"(TagName=\"Weapon.Missile.LRM.LRM15\")": "/Game/Objects/Mechs/Thunderbolt/Model/Weapons/Weapon_Mech_TDR_Torso_Right_MH2_Missile10.Weapon_Mech_TDR_Torso_Right_MH2_Missile10_C",
				"(TagName=\"Weapon.ArtemisMissile.LRM.LRM15\")": "/Game/Objects/Mechs/Thunderbolt/Model/Weapons/Weapon_Mech_TDR_Torso_Right_MH2_Missile10.Weapon_Mech_TDR_Torso_Right_MH2_Missile10_C",
				"(TagName=\"Weapon.Missile.LRM.LRM10\")": "/Game/Objects/Mechs/Thunderbolt/Model/Weapons/Weapon_Mech_TDR_Torso_Right_MH2_Missile10.Weapon_Mech_TDR_Torso_Right_MH2_Missile10_C",
				"(TagName=\"Weapon.ArtemisMissile.LRM.LRM10\")": "/Game/Objects/Mechs/Thunderbolt/Model/Weapons/Weapon_Mech_TDR_Torso_Right_MH2_Missile10.Weapon_Mech_TDR_Torso_Right_MH2_Missile10_C",
				"(TagName=\"Weapon.Missile.SRM.SRM6\")": "/Game/Objects/Mechs/Thunderbolt/Model/Weapons/Weapon_Mech_TDR_Torso_Right_MH2_Missile6.Weapon_Mech_TDR_Torso_Right_MH2_Missile6_C",
				"(TagName=\"Weapon.ArtemisMissile.SRM.SRM6\")": "/Game/Objects/Mechs/Thunderbolt/Model/Weapons/Weapon_Mech_TDR_Torso_Right_MH2_Missile6.Weapon_Mech_TDR_Torso_Right_MH2_Missile6_C",
				"(TagName=\"Weapon.Missile.NARC\")": "/Game/Objects/Mechs/Thunderbolt/Model/Weapons/Weapon_Mech_TDR_Torso_Right_MH2_Narc.Weapon_Mech_TDR_Torso_Right_MH2_Narc_C",
				"(TagName=\"Weapon.Missile.LRM.LRM5\")": "/Game/Objects/Mechs/Thunderbolt/Model/Weapons/Weapon_Mech_TDR_Torso_Right_MH2_Missile5.Weapon_Mech_TDR_Torso_Right_MH2_Missile5_C",
				"(TagName=\"Weapon.ArtemisMissile.LRM.LRM5\")": "/Game/Objects/Mechs/Thunderbolt/Model/Weapons/Weapon_Mech_TDR_Torso_Right_MH2_Missile5.Weapon_Mech_TDR_Torso_Right_MH2_Missile5_C",
				"(TagName=\"Weapon.Missile.SRM.SRM4\")": "/Game/Objects/Mechs/Thunderbolt/Model/Weapons/Weapon_Mech_TDR_Torso_Right_MH2_Missile4.Weapon_Mech_TDR_Torso_Right_MH2_Missile4_C",
				"(TagName=\"Weapon.ArtemisMissile.SRM.SRM4\")": "/Game/Objects/Mechs/Thunderbolt/Model/Weapons/Weapon_Mech_TDR_Torso_Right_MH2_Missile4.Weapon_Mech_TDR_Torso_Right_MH2_Missile4_C",
				"(TagName=\"Weapon.Missile.SRM.Streak.SRM2\")": "/Game/Objects/Mechs/Thunderbolt/Model/Weapons/Weapon_Mech_TDR_Torso_Right_MH2_Missile2.Weapon_Mech_TDR_Torso_Right_MH2_Missile2_C",
				"(TagName=\"Weapon.ArtemisMissile.SRM.SRM2\")": "/Game/Objects/Mechs/Thunderbolt/Model/Weapons/Weapon_Mech_TDR_Torso_Right_MH2_Missile2.Weapon_Mech_TDR_Torso_Right_MH2_Missile2_C",
				"(TagName=\"Weapon\")": "/Game/Objects/Mechs/Thunderbolt/Model/Weapons/Weapon_Mech_TDR_Torso_Right_MH2_Missile2.Weapon_Mech_TDR_Torso_Right_MH2_Missile2_C",
				"()": "None"
			}
		},
		{
			"hardpointSlotId": "Torso_Right_MH2_srm6",
			"mechSkeletonSocketId": "Torso_Weapon",
			"mechPart": "RightTorso",
			"bHideOnPartDestruction": false,
			"slotTypeAssetId":
			{
				"id": "MWSlotTypeDataAsset:SRM6_SlotType"
			},
			"hardpointVisuals":
			{
				"(TagName=\"Weapon.Missile.SRM.SRM2\")": "/Game/Objects/Mechs/Thunderbolt/Model/Weapons/Weapon_Mech_TDR_Torso_Right_MH2_Missile2.Weapon_Mech_TDR_Torso_Right_MH2_Missile2_C",
				"(TagName=\"Weapon.Missile.LRM.LRM20\")": "/Game/Objects/Mechs/Thunderbolt/Model/Weapons/Weapon_Mech_TDR_Torso_Right_MH2_Missile10.Weapon_Mech_TDR_Torso_Right_MH2_Missile10_C",
				"(TagName=\"Weapon.ArtemisMissile.LRM.LRM20\")": "/Game/Objects/Mechs/Thunderbolt/Model/Weapons/Weapon_Mech_TDR_Torso_Right_MH2_Missile10.Weapon_Mech_TDR_Torso_Right_MH2_Missile10_C",
				"(TagName=\"Weapon.Missile.LRM.LRM20.Clan\")": "/Game/Objects/Mechs/Thunderbolt/Model/Weapons/Weapon_Mech_TDR_Torso_Right_MH2_Missile10.Weapon_Mech_TDR_Torso_Right_MH2_Missile10_C",
				"(TagName=\"Weapon.Missile.LRM.LRM15\")": "/Game/Objects/Mechs/Thunderbolt/Model/Weapons/Weapon_Mech_TDR_Torso_Right_MH2_Missile10.Weapon_Mech_TDR_Torso_Right_MH2_Missile10_C",
				"(TagName=\"Weapon.ArtemisMissile.LRM.LRM15\")": "/Game/Objects/Mechs/Thunderbolt/Model/Weapons/Weapon_Mech_TDR_Torso_Right_MH2_Missile10.Weapon_Mech_TDR_Torso_Right_MH2_Missile10_C",
				"(TagName=\"Weapon.Missile.LRM.LRM10\")": "/Game/Objects/Mechs/Thunderbolt/Model/Weapons/Weapon_Mech_TDR_Torso_Right_MH2_Missile10.Weapon_Mech_TDR_Torso_Right_MH2_Missile10_C",
				"(TagName=\"Weapon.ArtemisMissile.LRM.LRM10\")": "/Game/Objects/Mechs/Thunderbolt/Model/Weapons/Weapon_Mech_TDR_Torso_Right_MH2_Missile10.Weapon_Mech_TDR_Torso_Right_MH2_Missile10_C",
				"(TagName=\"Weapon.Missile.SRM.SRM6\")": "/Game/Objects/Mechs/Thunderbolt/Model/Weapons/Weapon_Mech_TDR_Torso_Right_MH2_Missile6.Weapon_Mech_TDR_Torso_Right_MH2_Missile6_C",
				"(TagName=\"Weapon.ArtemisMissile.SRM.SRM6\")": "/Game/Objects/Mechs/Thunderbolt/Model/Weapons/Weapon_Mech_TDR_Torso_Right_MH2_Missile6.Weapon_Mech_TDR_Torso_Right_MH2_Missile6_C",
				"(TagName=\"Weapon.Missile.NARC\")": "/Game/Objects/Mechs/Thunderbolt/Model/Weapons/Weapon_Mech_TDR_Torso_Right_MH2_Narc.Weapon_Mech_TDR_Torso_Right_MH2_Narc_C",
				"(TagName=\"Weapon.Missile.LRM.LRM5\")": "/Game/Objects/Mechs/Thunderbolt/Model/Weapons/Weapon_Mech_TDR_Torso_Right_MH2_Missile5.Weapon_Mech_TDR_Torso_Right_MH2_Missile5_C",
				"(TagName=\"Weapon.ArtemisMissile.LRM.LRM5\")": "/Game/Objects/Mechs/Thunderbolt/Model/Weapons/Weapon_Mech_TDR_Torso_Right_MH2_Missile5.Weapon_Mech_TDR_Torso_Right_MH2_Missile5_C",
				"(TagName=\"Weapon.Missile.SRM.SRM4\")": "/Game/Objects/Mechs/Thunderbolt/Model/Weapons/Weapon_Mech_TDR_Torso_Right_MH2_Missile4.Weapon_Mech_TDR_Torso_Right_MH2_Missile4_C",
				"(TagName=\"Weapon.ArtemisMissile.SRM.SRM4\")": "/Game/Objects/Mechs/Thunderbolt/Model/Weapons/Weapon_Mech_TDR_Torso_Right_MH2_Missile4.Weapon_Mech_TDR_Torso_Right_MH2_Missile4_C",
				"(TagName=\"Weapon.Missile.SRM.Streak.SRM2\")": "/Game/Objects/Mechs/Thunderbolt/Model/Weapons/Weapon_Mech_TDR_Torso_Right_MH2_Missile2.Weapon_Mech_TDR_Torso_Right_MH2_Missile2_C",
				"(TagName=\"Weapon.ArtemisMissile.SRM.SRM2\")": "/Game/Objects/Mechs/Thunderbolt/Model/Weapons/Weapon_Mech_TDR_Torso_Right_MH2_Missile2.Weapon_Mech_TDR_Torso_Right_MH2_Missile2_C",
				"(TagName=\"Weapon\")": "/Game/Objects/Mechs/Thunderbolt/Model/Weapons/Weapon_Mech_TDR_Torso_Right_MH2_Missile2.Weapon_Mech_TDR_Torso_Right_MH2_Missile2_C",
				"()": "None"
			}
		},
		{
			"hardpointSlotId": "Forearm_Left_BH1_mediumballistic",
			"mechSkeletonSocketId": "Forearm_Left_Weapon",
			"mechPart": "LeftArm",
			"bHideOnPartDestruction": true,
			"slotTypeAssetId":
			{
				"id": "MWSlotTypeDataAsset:AC5_SlotType"
			},
			"hardpointVisuals":
			{
				"(TagName=\"Weapon.Ballistic.MG.MachineGun\")": "/Game/Objects/Mechs/Thunderbolt/Model/Weapons/Weapon_Mech_TDR_Forearm_Left_BH1_MG.Weapon_Mech_TDR_Forearm_Left_BH1_MG_C",
				"(TagName=\"Weapon.Ballistic.GaussRifle.Gauss\")": "/Game/Objects/Mechs/Thunderbolt/Model/Weapons/Weapon_Mech_TDR_Forearm_Left_BH1_Gauss.Weapon_Mech_TDR_Forearm_Left_BH1_Gauss_C",
				"(TagName=\"Weapon.Ballistic.AutoCannon.Ultra.AC10\")": "/Game/Objects/Mechs/Thunderbolt/Model/Weapons/Weapon_Mech_TDR_Forearm_Left_BH1_UAC10.Weapon_Mech_TDR_Forearm_Left_BH1_UAC10_C",
				"(TagName=\"Weapon.Ballistic.AutoCannon.Standard.AC10\")": "/Game/Objects/Mechs/Thunderbolt/Model/Weapons/Weapon_Mech_TDR_Forearm_Left_BH1_AC10.Weapon_Mech_TDR_Forearm_Left_BH1_AC10_C",
				"(TagName=\"Weapon.Ballistic.AutoCannon.LBX.LBX10\")": "/Game/Objects/Mechs/Thunderbolt/Model/Weapons/Weapon_Mech_TDR_Forearm_Left_BH1_LBX10.Weapon_Mech_TDR_Forearm_Left_BH1_LBX10_C",
				"(TagName=\"Weapon.Ballistic.AutoCannon.Rotary.RAC5\")": "/Game/Objects/Mechs/Thunderbolt/Model/Weapons/Weapon_Mech_TDR_Forearm_Left_BH1_RAC5.Weapon_Mech_TDR_Forearm_Left_BH1_RAC5_C",
				"(TagName=\"Weapon.Ballistic.GaussRifle.LightGauss\")": "/Game/Objects/Mechs/Thunderbolt/Model/Weapons/Weapon_Mech_TDR_Forearm_Left_BH1_Lgauss.Weapon_Mech_TDR_Forearm_Left_BH1_Lgauss_C",
				"(TagName=\"Weapon.Ballistic.AutoCannon.Ultra.AC5\")": "/Game/Objects/Mechs/Thunderbolt/Model/Weapons/Weapon_Mech_TDR_Forearm_Left_BH1_UAC5.Weapon_Mech_TDR_Forearm_Left_BH1_UAC5_C",
				"(TagName=\"Weapon.Ballistic.AutoCannon.LBX.LBX5\")": "/Game/Objects/Mechs/Thunderbolt/Model/Weapons/Weapon_Mech_TDR_Forearm_Left_BH1_LBX5.Weapon_Mech_TDR_Forearm_Left_BH1_LBX5_C",
				"(TagName=\"Weapon.Ballistic.AutoCannon.Standard.AC5\")": "/Game/Objects/Mechs/Thunderbolt/Model/Weapons/Weapon_Mech_TDR_Forearm_Left_BH1_AC5.Weapon_Mech_TDR_Forearm_Left_BH1_AC5_C",
				"(TagName=\"Weapon.Ballistic.AutoCannon.LBX.LBX2\")": "/Game/Objects/Mechs/Thunderbolt/Model/Weapons/Weapon_Mech_TDR_Forearm_Left_BH1_LBX2.Weapon_Mech_TDR_Forearm_Left_BH1_LBX2_C",
				"(TagName=\"Weapon.Ballistic.AutoCannon.Rotary.RAC2\")": "/Game/Objects/Mechs/Thunderbolt/Model/Weapons/Weapon_Mech_TDR_Forearm_Left_BH1_RAC2.Weapon_Mech_TDR_Forearm_Left_BH1_RAC2_C",
				"(TagName=\"Weapon.Ballistic.AutoCannon.Ultra.AC2\")": "/Game/Objects/Mechs/Thunderbolt/Model/Weapons/Weapon_Mech_TDR_Forearm_Left_BH1_UAC2.Weapon_Mech_TDR_Forearm_Left_BH1_UAC2_C",
				"(TagName=\"Weapon.Ballistic.AutoCannon.Standard.AC2\")": "/Game/Objects/Mechs/Thunderbolt/Model/Weapons/Weapon_Mech_TDR_Forearm_Left_BH1_AC2.Weapon_Mech_TDR_Forearm_Left_BH1_AC2_C",
				"(TagName=\"Weapon.Ballistic.MG.HeavyMachineGun\")": "/Game/Objects/Mechs/Thunderbolt/Model/Weapons/Weapon_Mech_TDR_Forearm_Left_BH1_HMG.Weapon_Mech_TDR_Forearm_Left_BH1_HMG_C",
				"(TagName=\"Weapon.Ballistic.MG.LightMachineGun\")": "/Game/Objects/Mechs/Thunderbolt/Model/Weapons/Weapon_Mech_TDR_Forearm_Left_BH1_LMG.Weapon_Mech_TDR_Forearm_Left_BH1_LMG_C",
				"(TagName=\"Weapon\")": "/Game/Objects/Mechs/Thunderbolt/Model/Weapons/Weapon_Mech_TDR_Forearm_Left_BH1_MG.Weapon_Mech_TDR_Forearm_Left_BH1_MG_C",
				"()": "None"
			}
		},
		{
			"hardpointSlotId": "Forearm_Left_BH1_machinegun",
			"mechSkeletonSocketId": "Forearm_Left_Weapon",
			"mechPart": "LeftArm",
			"bHideOnPartDestruction": true,
			"slotTypeAssetId":
			{
				"id": "MWSlotTypeDataAsset:MachineGun_SlotType"
			},
			"hardpointVisuals":
			{
				"(TagName=\"Weapon.Ballistic.MG.MachineGun\")": "/Game/Objects/Mechs/Thunderbolt/Model/Weapons/Weapon_Mech_TDR_Forearm_Left_BH1_MG.Weapon_Mech_TDR_Forearm_Left_BH1_MG_C",
				"(TagName=\"Weapon.Ballistic.GaussRifle.Gauss\")": "/Game/Objects/Mechs/Thunderbolt/Model/Weapons/Weapon_Mech_TDR_Forearm_Left_BH1_Gauss.Weapon_Mech_TDR_Forearm_Left_BH1_Gauss_C",
				"(TagName=\"Weapon.Ballistic.AutoCannon.Ultra.AC10\")": "/Game/Objects/Mechs/Thunderbolt/Model/Weapons/Weapon_Mech_TDR_Forearm_Left_BH1_UAC10.Weapon_Mech_TDR_Forearm_Left_BH1_UAC10_C",
				"(TagName=\"Weapon.Ballistic.AutoCannon.Standard.AC10\")": "/Game/Objects/Mechs/Thunderbolt/Model/Weapons/Weapon_Mech_TDR_Forearm_Left_BH1_AC10.Weapon_Mech_TDR_Forearm_Left_BH1_AC10_C",
				"(TagName=\"Weapon.Ballistic.AutoCannon.LBX.LBX10\")": "/Game/Objects/Mechs/Thunderbolt/Model/Weapons/Weapon_Mech_TDR_Forearm_Left_BH1_LBX10.Weapon_Mech_TDR_Forearm_Left_BH1_LBX10_C",
				"(TagName=\"Weapon.Ballistic.AutoCannon.Rotary.RAC5\")": "/Game/Objects/Mechs/Thunderbolt/Model/Weapons/Weapon_Mech_TDR_Forearm_Left_BH1_RAC5.Weapon_Mech_TDR_Forearm_Left_BH1_RAC5_C",
				"(TagName=\"Weapon.Ballistic.GaussRifle.LightGauss\")": "/Game/Objects/Mechs/Thunderbolt/Model/Weapons/Weapon_Mech_TDR_Forearm_Left_BH1_Lgauss.Weapon_Mech_TDR_Forearm_Left_BH1_Lgauss_C",
				"(TagName=\"Weapon.Ballistic.AutoCannon.Ultra.AC5\")": "/Game/Objects/Mechs/Thunderbolt/Model/Weapons/Weapon_Mech_TDR_Forearm_Left_BH1_UAC5.Weapon_Mech_TDR_Forearm_Left_BH1_UAC5_C",
				"(TagName=\"Weapon.Ballistic.AutoCannon.LBX.LBX5\")": "/Game/Objects/Mechs/Thunderbolt/Model/Weapons/Weapon_Mech_TDR_Forearm_Left_BH1_LBX5.Weapon_Mech_TDR_Forearm_Left_BH1_LBX5_C",
				"(TagName=\"Weapon.Ballistic.AutoCannon.Standard.AC5\")": "/Game/Objects/Mechs/Thunderbolt/Model/Weapons/Weapon_Mech_TDR_Forearm_Left_BH1_AC5.Weapon_Mech_TDR_Forearm_Left_BH1_AC5_C",
				"(TagName=\"Weapon.Ballistic.AutoCannon.LBX.LBX2\")": "/Game/Objects/Mechs/Thunderbolt/Model/Weapons/Weapon_Mech_TDR_Forearm_Left_BH1_LBX2.Weapon_Mech_TDR_Forearm_Left_BH1_LBX2_C",
				"(TagName=\"Weapon.Ballistic.AutoCannon.Rotary.RAC2\")": "/Game/Objects/Mechs/Thunderbolt/Model/Weapons/Weapon_Mech_TDR_Forearm_Left_BH1_RAC2.Weapon_Mech_TDR_Forearm_Left_BH1_RAC2_C",
				"(TagName=\"Weapon.Ballistic.AutoCannon.Ultra.AC2\")": "/Game/Objects/Mechs/Thunderbolt/Model/Weapons/Weapon_Mech_TDR_Forearm_Left_BH1_UAC2.Weapon_Mech_TDR_Forearm_Left_BH1_UAC2_C",
				"(TagName=\"Weapon.Ballistic.AutoCannon.Standard.AC2\")": "/Game/Objects/Mechs/Thunderbolt/Model/Weapons/Weapon_Mech_TDR_Forearm_Left_BH1_AC2.Weapon_Mech_TDR_Forearm_Left_BH1_AC2_C",
				"(TagName=\"Weapon.Ballistic.MG.HeavyMachineGun\")": "/Game/Objects/Mechs/Thunderbolt/Model/Weapons/Weapon_Mech_TDR_Forearm_Left_BH1_HMG.Weapon_Mech_TDR_Forearm_Left_BH1_HMG_C",
				"(TagName=\"Weapon.Ballistic.MG.LightMachineGun\")": "/Game/Objects/Mechs/Thunderbolt/Model/Weapons/Weapon_Mech_TDR_Forearm_Left_BH1_LMG.Weapon_Mech_TDR_Forearm_Left_BH1_LMG_C",
				"(TagName=\"Weapon\")": "/Game/Objects/Mechs/Thunderbolt/Model/Weapons/Weapon_Mech_TDR_Forearm_Left_BH1_MG.Weapon_Mech_TDR_Forearm_Left_BH1_MG_C",
				"()": "None"
			}
		},
		{
			"hardpointSlotId": "Forearm_Left_BH2_machinegun",
			"mechSkeletonSocketId": "Forearm_Left_Weapon",
			"mechPart": "LeftArm",
			"bHideOnPartDestruction": true,
			"slotTypeAssetId":
			{
				"id": "MWSlotTypeDataAsset:MachineGun_SlotType"
			},
			"hardpointVisuals":
			{
				"(TagName=\"Weapon.Ballistic.MG.MachineGun\")": "/Game/Objects/Mechs/Thunderbolt/Model/Weapons/Weapon_Mech_TDR_Forearm_Left_BH2_MG.Weapon_Mech_TDR_Forearm_Left_BH2_MG_C",
				"(TagName=\"Weapon.Ballistic.AutoCannon.Standard.AC5\")": "/Game/Objects/Mechs/Thunderbolt/Model/Weapons/Weapon_Mech_TDR_Forearm_Left_BH2_AC5.Weapon_Mech_TDR_Forearm_Left_BH2_AC5_C",
				"(TagName=\"Weapon.Ballistic.AutoCannon.LBX.LBX2\")": "/Game/Objects/Mechs/Thunderbolt/Model/Weapons/Weapon_Mech_TDR_Forearm_Left_BH2_LBX2.Weapon_Mech_TDR_Forearm_Left_BH2_LBX2_C",
				"(TagName=\"Weapon.Ballistic.AutoCannon.Rotary.RAC2\")": "/Game/Objects/Mechs/Thunderbolt/Model/Weapons/Weapon_Mech_TDR_Forearm_Left_BH2_RAC2.Weapon_Mech_TDR_Forearm_Left_BH2_RAC2_C",
				"(TagName=\"Weapon.Ballistic.AutoCannon.Ultra.AC2\")": "/Game/Objects/Mechs/Thunderbolt/Model/Weapons/Weapon_Mech_TDR_Forearm_Left_BH2_UAC2.Weapon_Mech_TDR_Forearm_Left_BH2_UAC2_C",
				"(TagName=\"Weapon.Ballistic.AutoCannon.Standard.AC2\")": "/Game/Objects/Mechs/Thunderbolt/Model/Weapons/Weapon_Mech_TDR_Forearm_Left_BH2_AC2.Weapon_Mech_TDR_Forearm_Left_BH2_AC2_C",
				"(TagName=\"Weapon.Ballistic.MG.HeavyMachineGun\")": "/Game/Objects/Mechs/Thunderbolt/Model/Weapons/Weapon_Mech_TDR_Forearm_Left_BH2_HMG.Weapon_Mech_TDR_Forearm_Left_BH2_HMG_C",
				"(TagName=\"Weapon.Ballistic.MG.LightMachineGun\")": "/Game/Objects/Mechs/Thunderbolt/Model/Weapons/Weapon_Mech_TDR_Forearm_Left_BH2_LMG.Weapon_Mech_TDR_Forearm_Left_BH2_LMG_C",
				"(TagName=\"Weapon\")": "/Game/Objects/Mechs/Thunderbolt/Model/Weapons/Weapon_Mech_TDR_Forearm_Left_BH2_MG.Weapon_Mech_TDR_Forearm_Left_BH2_MG_C",
				"()": "None"
			}
		},
		{
			"hardpointSlotId": "Torso_Left_MH1_srm6",
			"mechSkeletonSocketId": "Torso_Weapon",
			"mechPart": "LeftTorso",
			"bHideOnPartDestruction": false,
			"slotTypeAssetId":
			{
				"id": "MWSlotTypeDataAsset:SRM6_SlotType"
			},
			"hardpointVisuals":
			{
				"(TagName=\"Weapon.Missile.SRM.SRM6\")": "/Game/Objects/Mechs/Thunderbolt/Model/Weapons/Weapon_Mech_TDR_Torso_Left_MH1_Missile6.Weapon_Mech_TDR_Torso_Left_MH1_Missile6_C",
				"(TagName=\"Weapon.Missile.LRM.LRM20\")": "/Game/Objects/Mechs/Thunderbolt/Model/Weapons/Weapon_Mech_TDR_Torso_Left_MH1_Missile10.Weapon_Mech_TDR_Torso_Left_MH1_Missile10_C",
				"(TagName=\"Weapon.ArtemisMissile.LRM.LRM20\")": "/Game/Objects/Mechs/Thunderbolt/Model/Weapons/Weapon_Mech_TDR_Torso_Left_MH1_Missile10.Weapon_Mech_TDR_Torso_Left_MH1_Missile10_C",
				"(TagName=\"Weapon.Missile.LRM.LRM20.Clan\")": "/Game/Objects/Mechs/Thunderbolt/Model/Weapons/Weapon_Mech_TDR_Torso_Left_MH1_Missile10.Weapon_Mech_TDR_Torso_Left_MH1_Missile10_C",
				"(TagName=\"Weapon.Missile.LRM.LRM15\")": "/Game/Objects/Mechs/Thunderbolt/Model/Weapons/Weapon_Mech_TDR_Torso_Left_MH1_Missile10.Weapon_Mech_TDR_Torso_Left_MH1_Missile10_C",
				"(TagName=\"Weapon.ArtemisMissile.LRM.LRM15\")": "/Game/Objects/Mechs/Thunderbolt/Model/Weapons/Weapon_Mech_TDR_Torso_Left_MH1_Missile10.Weapon_Mech_TDR_Torso_Left_MH1_Missile10_C",
				"(TagName=\"Weapon.Missile.LRM.LRM10\")": "/Game/Objects/Mechs/Thunderbolt/Model/Weapons/Weapon_Mech_TDR_Torso_Left_MH1_Missile10.Weapon_Mech_TDR_Torso_Left_MH1_Missile10_C",
				"(TagName=\"Weapon.ArtemisMissile.LRM.LRM10\")": "/Game/Objects/Mechs/Thunderbolt/Model/Weapons/Weapon_Mech_TDR_Torso_Left_MH1_Missile10.Weapon_Mech_TDR_Torso_Left_MH1_Missile10_C",
				"(TagName=\"Weapon.ArtemisMissile.SRM.SRM6\")": "/Game/Objects/Mechs/Thunderbolt/Model/Weapons/Weapon_Mech_TDR_Torso_Left_MH1_Missile6.Weapon_Mech_TDR_Torso_Left_MH1_Missile6_C",
				"(TagName=\"Weapon.Missile.NARC\")": "/Game/Objects/Mechs/Thunderbolt/Model/Weapons/Weapon_Mech_TDR_Torso_Left_MH1_Narc.Weapon_Mech_TDR_Torso_Left_MH1_Narc_C",
				"(TagName=\"Weapon.Missile.LRM.LRM5\")": "/Game/Objects/Mechs/Thunderbolt/Model/Weapons/Weapon_Mech_TDR_Torso_Left_MH1_Missile5.Weapon_Mech_TDR_Torso_Left_MH1_Missile5_C",
				"(TagName=\"Weapon.ArtemisMissile.LRM.LRM5\")": "/Game/Objects/Mechs/Thunderbolt/Model/Weapons/Weapon_Mech_TDR_Torso_Left_MH1_Missile5.Weapon_Mech_TDR_Torso_Left_MH1_Missile5_C",
				"(TagName=\"Weapon.Missile.SRM.SRM4\")": "/Game/Objects/Mechs/Thunderbolt/Model/Weapons/Weapon_Mech_TDR_Torso_Left_MH1_Missile4.Weapon_Mech_TDR_Torso_Left_MH1_Missile4_C",
				"(TagName=\"Weapon.ArtemisMissile.SRM.SRM4\")": "/Game/Objects/Mechs/Thunderbolt/Model/Weapons/Weapon_Mech_TDR_Torso_Left_MH1_Missile4.Weapon_Mech_TDR_Torso_Left_MH1_Missile4_C",
				"(TagName=\"Weapon.Missile.SRM.SRM2\")": "/Game/Objects/Mechs/Thunderbolt/Model/Weapons/Weapon_Mech_TDR_Torso_Left_MH1_Missile2.Weapon_Mech_TDR_Torso_Left_MH1_Missile2_C",
				"(TagName=\"Weapon.Missile.SRM.Streak.SRM2\")": "/Game/Objects/Mechs/Thunderbolt/Model/Weapons/Weapon_Mech_TDR_Torso_Left_MH1_Missile2.Weapon_Mech_TDR_Torso_Left_MH1_Missile2_C",
				"(TagName=\"Weapon.ArtemisMissile.SRM.SRM2\")": "/Game/Objects/Mechs/Thunderbolt/Model/Weapons/Weapon_Mech_TDR_Torso_Left_MH1_Missile2.Weapon_Mech_TDR_Torso_Left_MH1_Missile2_C",
				"(TagName=\"Weapon\")": "/Game/Objects/Mechs/Thunderbolt/Model/Weapons/Weapon_Mech_TDR_Torso_Left_MH1_Missile6.Weapon_Mech_TDR_Torso_Left_MH1_Missile6_C",
				"()": "/Game/Objects/Mechs/Thunderbolt/Model/Weapons/Weapon_Mech_TDR_Missile_Left_MB1_Blank.Weapon_Mech_TDR_Missile_Left_MB1_Blank_C"
			}
		},
		{
			"hardpointSlotId": "Torso_Left_MH2_srm6",
			"mechSkeletonSocketId": "Torso_Weapon",
			"mechPart": "LeftTorso",
			"bHideOnPartDestruction": false,
			"slotTypeAssetId":
			{
				"id": "MWSlotTypeDataAsset:SRM6_SlotType"
			},
			"hardpointVisuals":
			{
				"(TagName=\"Weapon.Missile.SRM.SRM6\")": "/Game/Objects/Mechs/Thunderbolt/Model/Weapons/Weapon_Mech_TDR_Torso_Left_MH2_Missile6.Weapon_Mech_TDR_Torso_Left_MH2_Missile6_C",
				"(TagName=\"Weapon.Missile.LRM.LRM20\")": "/Game/Objects/Mechs/Thunderbolt/Model/Weapons/Weapon_Mech_TDR_Torso_Left_MH2_Missile10.Weapon_Mech_TDR_Torso_Left_MH2_Missile10_C",
				"(TagName=\"Weapon.ArtemisMissile.LRM.LRM20\")": "/Game/Objects/Mechs/Thunderbolt/Model/Weapons/Weapon_Mech_TDR_Torso_Left_MH2_Missile10.Weapon_Mech_TDR_Torso_Left_MH2_Missile10_C",
				"(TagName=\"Weapon.Missile.LRM.LRM20.Clan\")": "/Game/Objects/Mechs/Thunderbolt/Model/Weapons/Weapon_Mech_TDR_Torso_Left_MH2_Missile10.Weapon_Mech_TDR_Torso_Left_MH2_Missile10_C",
				"(TagName=\"Weapon.Missile.LRM.LRM15\")": "/Game/Objects/Mechs/Thunderbolt/Model/Weapons/Weapon_Mech_TDR_Torso_Left_MH2_Missile10.Weapon_Mech_TDR_Torso_Left_MH2_Missile10_C",
				"(TagName=\"Weapon.ArtemisMissile.LRM.LRM15\")": "/Game/Objects/Mechs/Thunderbolt/Model/Weapons/Weapon_Mech_TDR_Torso_Left_MH2_Missile10.Weapon_Mech_TDR_Torso_Left_MH2_Missile10_C",
				"(TagName=\"Weapon.Missile.LRM.LRM10\")": "/Game/Objects/Mechs/Thunderbolt/Model/Weapons/Weapon_Mech_TDR_Torso_Left_MH2_Missile10.Weapon_Mech_TDR_Torso_Left_MH2_Missile10_C",
				"(TagName=\"Weapon.ArtemisMissile.LRM.LRM10\")": "/Game/Objects/Mechs/Thunderbolt/Model/Weapons/Weapon_Mech_TDR_Torso_Left_MH2_Missile10.Weapon_Mech_TDR_Torso_Left_MH2_Missile10_C",
				"(TagName=\"Weapon.ArtemisMissile.SRM.SRM6\")": "/Game/Objects/Mechs/Thunderbolt/Model/Weapons/Weapon_Mech_TDR_Torso_Left_MH2_Missile6.Weapon_Mech_TDR_Torso_Left_MH2_Missile6_C",
				"(TagName=\"Weapon.Missile.NARC\")": "/Game/Objects/Mechs/Thunderbolt/Model/Weapons/Weapon_Mech_TDR_Torso_Left_MH2_Narc.Weapon_Mech_TDR_Torso_Left_MH2_Narc_C",
				"(TagName=\"Weapon.Missile.LRM.LRM5\")": "/Game/Objects/Mechs/Thunderbolt/Model/Weapons/Weapon_Mech_TDR_Torso_Left_MH2_Missile5.Weapon_Mech_TDR_Torso_Left_MH2_Missile5_C",
				"(TagName=\"Weapon.ArtemisMissile.LRM.LRM5\")": "/Game/Objects/Mechs/Thunderbolt/Model/Weapons/Weapon_Mech_TDR_Torso_Left_MH2_Missile5.Weapon_Mech_TDR_Torso_Left_MH2_Missile5_C",
				"(TagName=\"Weapon.Missile.SRM.SRM4\")": "/Game/Objects/Mechs/Thunderbolt/Model/Weapons/Weapon_Mech_TDR_Torso_Left_MH2_Missile4.Weapon_Mech_TDR_Torso_Left_MH2_Missile4_C",
				"(TagName=\"Weapon.ArtemisMissile.SRM.SRM4\")": "/Game/Objects/Mechs/Thunderbolt/Model/Weapons/Weapon_Mech_TDR_Torso_Left_MH2_Missile4.Weapon_Mech_TDR_Torso_Left_MH2_Missile4_C",
				"(TagName=\"Weapon.Missile.SRM.SRM2\")": "/Game/Objects/Mechs/Thunderbolt/Model/Weapons/Weapon_Mech_TDR_Torso_Left_MH2_Missile2.Weapon_Mech_TDR_Torso_Left_MH2_Missile2_C",
				"(TagName=\"Weapon.Missile.SRM.Streak.SRM2\")": "/Game/Objects/Mechs/Thunderbolt/Model/Weapons/Weapon_Mech_TDR_Torso_Left_MH2_Missile2.Weapon_Mech_TDR_Torso_Left_MH2_Missile2_C",
				"(TagName=\"Weapon.ArtemisMissile.SRM.SRM2\")": "/Game/Objects/Mechs/Thunderbolt/Model/Weapons/Weapon_Mech_TDR_Torso_Left_MH2_Missile2.Weapon_Mech_TDR_Torso_Left_MH2_Missile2_C",
				"(TagName=\"Weapon\")": "/Game/Objects/Mechs/Thunderbolt/Model/Weapons/Weapon_Mech_TDR_Torso_Left_MH2_Missile6.Weapon_Mech_TDR_Torso_Left_MH2_Missile6_C",
				"()": "/Game/Objects/Mechs/Thunderbolt/Model/Weapons/Weapon_Mech_TDR_Missile_Left_MB1_Blank.Weapon_Mech_TDR_Missile_Left_MB1_Blank_C"
			}
		},
		{
			"hardpointSlotId": "Torso_Right_EH1_flamer",
			"mechSkeletonSocketId": "Torso_Weapon",
			"mechPart": "RightTorso",
			"bHideOnPartDestruction": true,
			"slotTypeAssetId":
			{
				"id": "MWSlotTypeDataAsset:Flamer_SlotType"
			},
			"hardpointVisuals":
			{
				"(TagName=\"Weapon.Energy.Flamer\")": "/Game/Objects/Mechs/Thunderbolt/Model/Weapons/Weapon_Mech_TDR_Torso_Right_EH1_Flamer.Weapon_Mech_TDR_Torso_Right_EH1_Flamer_C",
				"(TagName=\"Weapon.Energy.ParticleCannon.HPPC\")": "/Game/Objects/Mechs/Thunderbolt/Model/Weapons/Weapon_Mech_TDR_Torso_Right_EH1_HPPC.Weapon_Mech_TDR_Torso_Right_EH1_HPPC_C",
				"(TagName=\"Weapon.Energy.ParticleCannon.PPC\")": "/Game/Objects/Mechs/Thunderbolt/Model/Weapons/Weapon_Mech_TDR_Torso_Right_EH1_PPC.Weapon_Mech_TDR_Torso_Right_EH1_PPC_C",
				"(TagName=\"Weapon.Energy.ParticleCannon.ERPPC\")": "/Game/Objects/Mechs/Thunderbolt/Model/Weapons/Weapon_Mech_TDR_Torso_Right_EH1_PPC.Weapon_Mech_TDR_Torso_Right_EH1_PPC_C",
				"(TagName=\"Weapon.Energy.ParticleCannon.SNPPC\")": "/Game/Objects/Mechs/Thunderbolt/Model/Weapons/Weapon_Mech_TDR_Torso_Right_EH1_SNPPC.Weapon_Mech_TDR_Torso_Right_EH1_SNPPC_C",
				"(TagName=\"Weapon.Energy.ParticleCannon.LPPC\")": "/Game/Objects/Mechs/Thunderbolt/Model/Weapons/Weapon_Mech_TDR_Torso_Right_EH1_LPPC.Weapon_Mech_TDR_Torso_Right_EH1_LPPC_C",
				"(TagName=\"Weapon.Energy.Laser.Standard.Large\")": "/Game/Objects/Mechs/Thunderbolt/Model/Weapons/Weapon_Mech_TDR_Torso_Right_EH1_Laser.Weapon_Mech_TDR_Torso_Right_EH1_Laser_C",
				"(TagName=\"Weapon.Energy.Laser.ER.Large\")": "/Game/Objects/Mechs/Thunderbolt/Model/Weapons/Weapon_Mech_TDR_Torso_Right_EH1_Laser.Weapon_Mech_TDR_Torso_Right_EH1_Laser_C",
				"(TagName=\"Weapon.Energy.Laser.ER.Large.Clan\")": "/Game/Objects/Mechs/Thunderbolt/Model/Weapons/Weapon_Mech_TDR_Torso_Right_EH1_Laser.Weapon_Mech_TDR_Torso_Right_EH1_Laser_C",
				"(TagName=\"Weapon.Energy.Laser.Pulse.Large\")": "/Game/Objects/Mechs/Thunderbolt/Model/Weapons/Weapon_Mech_TDR_Torso_Right_EH1_Laser.Weapon_Mech_TDR_Torso_Right_EH1_Laser_C",
				"(TagName=\"Weapon.Energy.Laser.Standard.Medium\")": "/Game/Objects/Mechs/Thunderbolt/Model/Weapons/Weapon_Mech_TDR_Torso_Right_EH1_Laser.Weapon_Mech_TDR_Torso_Right_EH1_Laser_C",
				"(TagName=\"Weapon.Energy.Laser.ER.Medium.Clan\")": "/Game/Objects/Mechs/Thunderbolt/Model/Weapons/Weapon_Mech_TDR_Torso_Right_EH1_Laser.Weapon_Mech_TDR_Torso_Right_EH1_Laser_C",
				"(TagName=\"Weapon.Energy.Laser.Pulse.Medium\")": "/Game/Objects/Mechs/Thunderbolt/Model/Weapons/Weapon_Mech_TDR_Torso_Right_EH1_Laser.Weapon_Mech_TDR_Torso_Right_EH1_Laser_C",
				"(TagName=\"Weapon.Energy.Laser.Pulse.Medium.Clan\")": "/Game/Objects/Mechs/Thunderbolt/Model/Weapons/Weapon_Mech_TDR_Torso_Right_EH1_Laser.Weapon_Mech_TDR_Torso_Right_EH1_Laser_C",
				"(TagName=\"Weapon.Energy.Laser.Standard.Small\")": "/Game/Objects/Mechs/Thunderbolt/Model/Weapons/Weapon_Mech_TDR_Torso_Right_EH1_Laser.Weapon_Mech_TDR_Torso_Right_EH1_Laser_C",
				"(TagName=\"Weapon.Energy.Laser.Pulse.Small\")": "/Game/Objects/Mechs/Thunderbolt/Model/Weapons/Weapon_Mech_TDR_Torso_Right_EH1_Laser.Weapon_Mech_TDR_Torso_Right_EH1_Laser_C",
				"(TagName=\"Weapon.Energy.TAG\")": "/Game/Objects/Mechs/Thunderbolt/Model/Weapons/Weapon_Mech_TDR_Torso_Right_EH1_Laser.Weapon_Mech_TDR_Torso_Right_EH1_Laser_C",
				"(TagName=\"Weapon.Energy.ParticleCannon\")": "/Game/Objects/Mechs/Thunderbolt/Model/Weapons/Weapon_Mech_TDR_Torso_Right_EH1_SNPPC.Weapon_Mech_TDR_Torso_Right_EH1_SNPPC_C",
				"(TagName=\"Weapon\")": "/Game/Objects/Mechs/Thunderbolt/Model/Weapons/Weapon_Mech_TDR_Torso_Right_EH1_Flamer.Weapon_Mech_TDR_Torso_Right_EH1_Flamer_C",
				"()": "None"
			}
		},
		{
			"hardpointSlotId": "Forearm_Right_EH1_ppc",
			"mechSkeletonSocketId": "Forearm_Right_Weapon",
			"mechPart": "RightArm",
			"bHideOnPartDestruction": true,
			"slotTypeAssetId":
			{
				"id": "MWSlotTypeDataAsset:PPC_SlotType"
			},
			"hardpointVisuals":
			{
				"(TagName=\"Weapon.Energy.ParticleCannon.PPC\")": "/Game/Objects/Mechs/Thunderbolt/Model/Weapons/Weapon_Mech_TDR_Forearm_Right_EH1_PPC.Weapon_Mech_TDR_Forearm_Right_EH1_PPC_C",
				"(TagName=\"Weapon.Energy.ParticleCannon.HPPC\")": "/Game/Objects/Mechs/Thunderbolt/Model/Weapons/Weapon_Mech_TDR_Forearm_Right_EH1_HPPC.Weapon_Mech_TDR_Forearm_Right_EH1_HPPC_C",
				"(TagName=\"Weapon.Energy.ParticleCannon.ERPPC\")": "/Game/Objects/Mechs/Thunderbolt/Model/Weapons/Weapon_Mech_TDR_Forearm_Right_EH1_PPC.Weapon_Mech_TDR_Forearm_Right_EH1_PPC_C",
				"(TagName=\"Weapon.Energy.ParticleCannon.SNPPC\")": "/Game/Objects/Mechs/Thunderbolt/Model/Weapons/Weapon_Mech_TDR_Forearm_Right_EH1_SNPPC.Weapon_Mech_TDR_Forearm_Right_EH1_SNPPC_C",
				"(TagName=\"Weapon.Energy.ParticleCannon.LPPC\")": "/Game/Objects/Mechs/Thunderbolt/Model/Weapons/Weapon_Mech_TDR_Forearm_Right_EH1_LPPC.Weapon_Mech_TDR_Forearm_Right_EH1_LPPC_C",
				"(TagName=\"Weapon.Energy.Laser.Standard.Large\")": "/Game/Objects/Mechs/Thunderbolt/Model/Weapons/Weapon_Mech_TDR_Forearm_Right_EH1_Laser.Weapon_Mech_TDR_Forearm_Right_EH1_Laser_C",
				"(TagName=\"Weapon.Energy.Laser.ER.Large\")": "/Game/Objects/Mechs/Thunderbolt/Model/Weapons/Weapon_Mech_TDR_Forearm_Right_EH1_Laser.Weapon_Mech_TDR_Forearm_Right_EH1_Laser_C",
				"(TagName=\"Weapon.Energy.Laser.ER.Large.Clan\")": "/Game/Objects/Mechs/Thunderbolt/Model/Weapons/Weapon_Mech_TDR_Forearm_Right_EH1_Laser.Weapon_Mech_TDR_Forearm_Right_EH1_Laser_C",
				"(TagName=\"Weapon.Energy.Laser.Pulse.Large\")": "/Game/Objects/Mechs/Thunderbolt/Model/Weapons/Weapon_Mech_TDR_Forearm_Right_EH1_Laser.Weapon_Mech_TDR_Forearm_Right_EH1_Laser_C",
				"(TagName=\"Weapon.Energy.Laser.Standard.Medium\")": "/Game/Objects/Mechs/Thunderbolt/Model/Weapons/Weapon_Mech_TDR_Forearm_Right_EH1_Laser.Weapon_Mech_TDR_Forearm_Right_EH1_Laser_C",
				"(TagName=\"Weapon.Energy.Laser.ER.Medium.Clan\")": "/Game/Objects/Mechs/Thunderbolt/Model/Weapons/Weapon_Mech_TDR_Forearm_Right_EH1_Laser.Weapon_Mech_TDR_Forearm_Right_EH1_Laser_C",
				"(TagName=\"Weapon.Energy.Laser.Pulse.Medium\")": "/Game/Objects/Mechs/Thunderbolt/Model/Weapons/Weapon_Mech_TDR_Forearm_Right_EH1_Laser.Weapon_Mech_TDR_Forearm_Right_EH1_Laser_C",
				"(TagName=\"Weapon.Energy.Laser.Pulse.Medium.Clan\")": "/Game/Objects/Mechs/Thunderbolt/Model/Weapons/Weapon_Mech_TDR_Forearm_Right_EH1_Laser.Weapon_Mech_TDR_Forearm_Right_EH1_Laser_C",
				"(TagName=\"Weapon.Energy.Laser.Standard.Small\")": "/Game/Objects/Mechs/Thunderbolt/Model/Weapons/Weapon_Mech_TDR_Forearm_Right_EH1_Laser.Weapon_Mech_TDR_Forearm_Right_EH1_Laser_C",
				"(TagName=\"Weapon.Energy.Laser.Pulse.Small\")": "/Game/Objects/Mechs/Thunderbolt/Model/Weapons/Weapon_Mech_TDR_Forearm_Right_EH1_Laser.Weapon_Mech_TDR_Forearm_Right_EH1_Laser_C",
				"(TagName=\"Weapon.Energy.TAG\")": "/Game/Objects/Mechs/Thunderbolt/Model/Weapons/Weapon_Mech_TDR_Forearm_Right_EH1_Laser.Weapon_Mech_TDR_Forearm_Right_EH1_Laser_C",
				"(TagName=\"Weapon.Energy.Flamer\")": "/Game/Objects/Mechs/Thunderbolt/Model/Weapons/Weapon_Mech_TDR_Forearm_Right_EH1_Flamer.Weapon_Mech_TDR_Forearm_Right_EH1_Flamer_C",
				"(TagName=\"Weapon.Energy.ParticleCannon\")": "/Game/Objects/Mechs/Thunderbolt/Model/Weapons/Weapon_Mech_TDR_Forearm_Right_EH1_SNPPC.Weapon_Mech_TDR_Forearm_Right_EH1_SNPPC_C",
				"(TagName=\"Weapon\")": "/Game/Objects/Mechs/Thunderbolt/Model/Weapons/Weapon_Mech_TDR_Forearm_Right_EH1_PPC.Weapon_Mech_TDR_Forearm_Right_EH1_PPC_C",
				"()": "None"
			}
		},
		{
			"hardpointSlotId": "Torso_Left_MH1_lrm10",
			"mechSkeletonSocketId": "Torso_Weapon",
			"mechPart": "LeftTorso",
			"bHideOnPartDestruction": false,
			"slotTypeAssetId":
			{
				"id": "MWSlotTypeDataAsset:LRM10_SlotType"
			},
			"hardpointVisuals":
			{
				"(TagName=\"Weapon.Missile.LRM.LRM10\")": "/Game/Objects/Mechs/Thunderbolt/Model/Weapons/Weapon_Mech_TDR_Torso_Left_MH1_Missile10.Weapon_Mech_TDR_Torso_Left_MH1_Missile10_C",
				"(TagName=\"Weapon.Missile.LRM.LRM20\")": "/Game/Objects/Mechs/Thunderbolt/Model/Weapons/Weapon_Mech_TDR_Torso_Left_MH1_Missile10.Weapon_Mech_TDR_Torso_Left_MH1_Missile10_C",
				"(TagName=\"Weapon.ArtemisMissile.LRM.LRM20\")": "/Game/Objects/Mechs/Thunderbolt/Model/Weapons/Weapon_Mech_TDR_Torso_Left_MH1_Missile10.Weapon_Mech_TDR_Torso_Left_MH1_Missile10_C",
				"(TagName=\"Weapon.Missile.LRM.LRM20.Clan\")": "/Game/Objects/Mechs/Thunderbolt/Model/Weapons/Weapon_Mech_TDR_Torso_Left_MH1_Missile10.Weapon_Mech_TDR_Torso_Left_MH1_Missile10_C",
				"(TagName=\"Weapon.Missile.LRM.LRM15\")": "/Game/Objects/Mechs/Thunderbolt/Model/Weapons/Weapon_Mech_TDR_Torso_Left_MH1_Missile10.Weapon_Mech_TDR_Torso_Left_MH1_Missile10_C",
				"(TagName=\"Weapon.ArtemisMissile.LRM.LRM15\")": "/Game/Objects/Mechs/Thunderbolt/Model/Weapons/Weapon_Mech_TDR_Torso_Left_MH1_Missile10.Weapon_Mech_TDR_Torso_Left_MH1_Missile10_C",
				"(TagName=\"Weapon.ArtemisMissile.LRM.LRM10\")": "/Game/Objects/Mechs/Thunderbolt/Model/Weapons/Weapon_Mech_TDR_Torso_Left_MH1_Missile10.Weapon_Mech_TDR_Torso_Left_MH1_Missile10_C",
				"(TagName=\"Weapon.Missile.SRM.SRM6\")": "/Game/Objects/Mechs/Thunderbolt/Model/Weapons/Weapon_Mech_TDR_Torso_Left_MH1_Missile6.Weapon_Mech_TDR_Torso_Left_MH1_Missile6_C",
				"(TagName=\"Weapon.ArtemisMissile.SRM.SRM6\")": "/Game/Objects/Mechs/Thunderbolt/Model/Weapons/Weapon_Mech_TDR_Torso_Left_MH1_Missile6.Weapon_Mech_TDR_Torso_Left_MH1_Missile6_C",
				"(TagName=\"Weapon.Missile.NARC\")": "/Game/Objects/Mechs/Thunderbolt/Model/Weapons/Weapon_Mech_TDR_Torso_Left_MH1_Narc.Weapon_Mech_TDR_Torso_Left_MH1_Narc_C",
				"(TagName=\"Weapon.Missile.LRM.LRM5\")": "/Game/Objects/Mechs/Thunderbolt/Model/Weapons/Weapon_Mech_TDR_Torso_Left_MH1_Missile5.Weapon_Mech_TDR_Torso_Left_MH1_Missile5_C",
				"(TagName=\"Weapon.ArtemisMissile.LRM.LRM5\")": "/Game/Objects/Mechs/Thunderbolt/Model/Weapons/Weapon_Mech_TDR_Torso_Left_MH1_Missile5.Weapon_Mech_TDR_Torso_Left_MH1_Missile5_C",
				"(TagName=\"Weapon.Missile.SRM.SRM4\")": "/Game/Objects/Mechs/Thunderbolt/Model/Weapons/Weapon_Mech_TDR_Torso_Left_MH1_Missile4.Weapon_Mech_TDR_Torso_Left_MH1_Missile4_C",
				"(TagName=\"Weapon.ArtemisMissile.SRM.SRM4\")": "/Game/Objects/Mechs/Thunderbolt/Model/Weapons/Weapon_Mech_TDR_Torso_Left_MH1_Missile4.Weapon_Mech_TDR_Torso_Left_MH1_Missile4_C",
				"(TagName=\"Weapon.Missile.SRM.SRM2\")": "/Game/Objects/Mechs/Thunderbolt/Model/Weapons/Weapon_Mech_TDR_Torso_Left_MH1_Missile2.Weapon_Mech_TDR_Torso_Left_MH1_Missile2_C",
				"(TagName=\"Weapon.Missile.SRM.Streak.SRM2\")": "/Game/Objects/Mechs/Thunderbolt/Model/Weapons/Weapon_Mech_TDR_Torso_Left_MH1_Missile2.Weapon_Mech_TDR_Torso_Left_MH1_Missile2_C",
				"(TagName=\"Weapon.ArtemisMissile.SRM.SRM2\")": "/Game/Objects/Mechs/Thunderbolt/Model/Weapons/Weapon_Mech_TDR_Torso_Left_MH1_Missile2.Weapon_Mech_TDR_Torso_Left_MH1_Missile2_C",
				"(TagName=\"Weapon\")": "/Game/Objects/Mechs/Thunderbolt/Model/Weapons/Weapon_Mech_TDR_Torso_Left_MH1_Missile10.Weapon_Mech_TDR_Torso_Left_MH1_Missile10_C",
				"()": "/Game/Objects/Mechs/Thunderbolt/Model/Weapons/Weapon_Mech_TDR_Missile_Left_MB1_Blank.Weapon_Mech_TDR_Missile_Left_MB1_Blank_C"
			}
		},
		{
			"hardpointSlotId": "Forearm_Right_EH1_largepulselaser",
			"mechSkeletonSocketId": "Forearm_Right_Weapon",
			"mechPart": "RightArm",
			"bHideOnPartDestruction": true,
			"slotTypeAssetId":
			{
				"id": "MWSlotTypeDataAsset:LargePulseLaser_SlotType"
			},
			"hardpointVisuals":
			{
				"(TagName=\"Weapon.Energy.Laser.Pulse.Large\")": "/Game/Objects/Mechs/Thunderbolt/Model/Weapons/Weapon_Mech_TDR_Forearm_Right_EH1_Laser.Weapon_Mech_TDR_Forearm_Right_EH1_Laser_C",
				"(TagName=\"Weapon.Energy.ParticleCannon.HPPC\")": "/Game/Objects/Mechs/Thunderbolt/Model/Weapons/Weapon_Mech_TDR_Forearm_Right_EH1_HPPC.Weapon_Mech_TDR_Forearm_Right_EH1_HPPC_C",
				"(TagName=\"Weapon.Energy.ParticleCannon.PPC\")": "/Game/Objects/Mechs/Thunderbolt/Model/Weapons/Weapon_Mech_TDR_Forearm_Right_EH1_PPC.Weapon_Mech_TDR_Forearm_Right_EH1_PPC_C",
				"(TagName=\"Weapon.Energy.ParticleCannon.ERPPC\")": "/Game/Objects/Mechs/Thunderbolt/Model/Weapons/Weapon_Mech_TDR_Forearm_Right_EH1_PPC.Weapon_Mech_TDR_Forearm_Right_EH1_PPC_C",
				"(TagName=\"Weapon.Energy.ParticleCannon.SNPPC\")": "/Game/Objects/Mechs/Thunderbolt/Model/Weapons/Weapon_Mech_TDR_Forearm_Right_EH1_SNPPC.Weapon_Mech_TDR_Forearm_Right_EH1_SNPPC_C",
				"(TagName=\"Weapon.Energy.ParticleCannon.LPPC\")": "/Game/Objects/Mechs/Thunderbolt/Model/Weapons/Weapon_Mech_TDR_Forearm_Right_EH1_LPPC.Weapon_Mech_TDR_Forearm_Right_EH1_LPPC_C",
				"(TagName=\"Weapon.Energy.Laser.Standard.Large\")": "/Game/Objects/Mechs/Thunderbolt/Model/Weapons/Weapon_Mech_TDR_Forearm_Right_EH1_Laser.Weapon_Mech_TDR_Forearm_Right_EH1_Laser_C",
				"(TagName=\"Weapon.Energy.Laser.ER.Large\")": "/Game/Objects/Mechs/Thunderbolt/Model/Weapons/Weapon_Mech_TDR_Forearm_Right_EH1_Laser.Weapon_Mech_TDR_Forearm_Right_EH1_Laser_C",
				"(TagName=\"Weapon.Energy.Laser.ER.Large.Clan\")": "/Game/Objects/Mechs/Thunderbolt/Model/Weapons/Weapon_Mech_TDR_Forearm_Right_EH1_Laser.Weapon_Mech_TDR_Forearm_Right_EH1_Laser_C",
				"(TagName=\"Weapon.Energy.Laser.Standard.Medium\")": "/Game/Objects/Mechs/Thunderbolt/Model/Weapons/Weapon_Mech_TDR_Forearm_Right_EH1_Laser.Weapon_Mech_TDR_Forearm_Right_EH1_Laser_C",
				"(TagName=\"Weapon.Energy.Laser.ER.Medium.Clan\")": "/Game/Objects/Mechs/Thunderbolt/Model/Weapons/Weapon_Mech_TDR_Forearm_Right_EH1_Laser.Weapon_Mech_TDR_Forearm_Right_EH1_Laser_C",
				"(TagName=\"Weapon.Energy.Laser.Pulse.Medium\")": "/Game/Objects/Mechs/Thunderbolt/Model/Weapons/Weapon_Mech_TDR_Forearm_Right_EH1_Laser.Weapon_Mech_TDR_Forearm_Right_EH1_Laser_C",
				"(TagName=\"Weapon.Energy.Laser.Pulse.Medium.Clan\")": "/Game/Objects/Mechs/Thunderbolt/Model/Weapons/Weapon_Mech_TDR_Forearm_Right_EH1_Laser.Weapon_Mech_TDR_Forearm_Right_EH1_Laser_C",
				"(TagName=\"Weapon.Energy.Laser.Standard.Small\")": "/Game/Objects/Mechs/Thunderbolt/Model/Weapons/Weapon_Mech_TDR_Forearm_Right_EH1_Laser.Weapon_Mech_TDR_Forearm_Right_EH1_Laser_C",
				"(TagName=\"Weapon.Energy.Laser.Pulse.Small\")": "/Game/Objects/Mechs/Thunderbolt/Model/Weapons/Weapon_Mech_TDR_Forearm_Right_EH1_Laser.Weapon_Mech_TDR_Forearm_Right_EH1_Laser_C",
				"(TagName=\"Weapon.Energy.TAG\")": "/Game/Objects/Mechs/Thunderbolt/Model/Weapons/Weapon_Mech_TDR_Forearm_Right_EH1_Laser.Weapon_Mech_TDR_Forearm_Right_EH1_Laser_C",
				"(TagName=\"Weapon.Energy.Flamer\")": "/Game/Objects/Mechs/Thunderbolt/Model/Weapons/Weapon_Mech_TDR_Forearm_Right_EH1_Flamer.Weapon_Mech_TDR_Forearm_Right_EH1_Flamer_C",
				"(TagName=\"Weapon.Energy.ParticleCannon\")": "/Game/Objects/Mechs/Thunderbolt/Model/Weapons/Weapon_Mech_TDR_Forearm_Right_EH1_SNPPC.Weapon_Mech_TDR_Forearm_Right_EH1_SNPPC_C",
				"(TagName=\"Weapon\")": "/Game/Objects/Mechs/Thunderbolt/Model/Weapons/Weapon_Mech_TDR_Forearm_Right_EH1_Laser.Weapon_Mech_TDR_Forearm_Right_EH1_Laser_C",
				"()": "None"
			}
		},
		{
			"hardpointSlotId": "Forearm_Right_EH2_mediumenergy",
			"mechSkeletonSocketId": "Forearm_Right_Weapon",
			"mechPart": "RightArm",
			"bHideOnPartDestruction": true,
			"slotTypeAssetId":
			{
				"id": "MWSlotTypeDataAsset:MediumLaser_SlotType"
			},
			"hardpointVisuals":
			{
				"(TagName=\"Weapon.Energy.Laser.Pulse.Large\")": "/Game/Objects/Mechs/Thunderbolt/Model/Weapons/Weapon_Mech_TDR_Forearm_Right_EH2_Laser.Weapon_Mech_TDR_Forearm_Right_EH2_Laser_C",
				"(TagName=\"Weapon.Energy.ParticleCannon.HPPC\")": "/Game/Objects/Mechs/Thunderbolt/Model/Weapons/Weapon_Mech_TDR_Forearm_Right_EH2_HPPC.Weapon_Mech_TDR_Forearm_Right_EH2_HPPC_C",
				"(TagName=\"Weapon.Energy.ParticleCannon.PPC\")": "/Game/Objects/Mechs/Thunderbolt/Model/Weapons/Weapon_Mech_TDR_Forearm_Right_EH2_PPC.Weapon_Mech_TDR_Forearm_Right_EH2_PPC_C",
				"(TagName=\"Weapon.Energy.ParticleCannon.ERPPC\")": "/Game/Objects/Mechs/Thunderbolt/Model/Weapons/Weapon_Mech_TDR_Forearm_Right_EH2_PPC.Weapon_Mech_TDR_Forearm_Right_EH2_PPC_C",
				"(TagName=\"Weapon.Energy.ParticleCannon.SNPPC\")": "/Game/Objects/Mechs/Thunderbolt/Model/Weapons/Weapon_Mech_TDR_Forearm_Right_EH2_SNPPC.Weapon_Mech_TDR_Forearm_Right_EH2_SNPPC_C",
				"(TagName=\"Weapon.Energy.ParticleCannon.LPPC\")": "/Game/Objects/Mechs/Thunderbolt/Model/Weapons/Weapon_Mech_TDR_Forearm_Right_EH2_LPPC.Weapon_Mech_TDR_Forearm_Right_EH2_LPPC_C",
				"(TagName=\"Weapon.Energy.Laser.Standard.Large\")": "/Game/Objects/Mechs/Thunderbolt/Model/Weapons/Weapon_Mech_TDR_Forearm_Right_EH2_Laser.Weapon_Mech_TDR_Forearm_Right_EH2_Laser_C",
				"(TagName=\"Weapon.Energy.Laser.ER.Large\")": "/Game/Objects/Mechs/Thunderbolt/Model/Weapons/Weapon_Mech_TDR_Forearm_Right_EH2_Laser.Weapon_Mech_TDR_Forearm_Right_EH2_Laser_C",
				"(TagName=\"Weapon.Energy.Laser.ER.Large.Clan\")": "/Game/Objects/Mechs/Thunderbolt/Model/Weapons/Weapon_Mech_TDR_Forearm_Right_EH2_Laser.Weapon_Mech_TDR_Forearm_Right_EH2_Laser_C",
				"(TagName=\"Weapon.Energy.Laser.Standard.Medium\")": "/Game/Objects/Mechs/Thunderbolt/Model/Weapons/Weapon_Mech_TDR_Forearm_Right_EH2_Laser.Weapon_Mech_TDR_Forearm_Right_EH2_Laser_C",
				"(TagName=\"Weapon.Energy.Laser.ER.Medium.Clan\")": "/Game/Objects/Mechs/Thunderbolt/Model/Weapons/Weapon_Mech_TDR_Forearm_Right_EH2_Laser.Weapon_Mech_TDR_Forearm_Right_EH2_Laser_C",
				"(TagName=\"Weapon.Energy.Laser.Pulse.Medium\")": "/Game/Objects/Mechs/Thunderbolt/Model/Weapons/Weapon_Mech_TDR_Forearm_Right_EH2_Laser.Weapon_Mech_TDR_Forearm_Right_EH2_Laser_C",
				"(TagName=\"Weapon.Energy.Laser.Pulse.Medium.Clan\")": "/Game/Objects/Mechs/Thunderbolt/Model/Weapons/Weapon_Mech_TDR_Forearm_Right_EH2_Laser.Weapon_Mech_TDR_Forearm_Right_EH2_Laser_C",
				"(TagName=\"Weapon.Energy.Laser.Standard.Small\")": "/Game/Objects/Mechs/Thunderbolt/Model/Weapons/Weapon_Mech_TDR_Forearm_Right_EH2_Laser.Weapon_Mech_TDR_Forearm_Right_EH2_Laser_C",
				"(TagName=\"Weapon.Energy.Laser.Pulse.Small\")": "/Game/Objects/Mechs/Thunderbolt/Model/Weapons/Weapon_Mech_TDR_Forearm_Right_EH2_Laser.Weapon_Mech_TDR_Forearm_Right_EH2_Laser_C",
				"(TagName=\"Weapon.Energy.TAG\")": "/Game/Objects/Mechs/Thunderbolt/Model/Weapons/Weapon_Mech_TDR_Forearm_Right_EH2_Laser.Weapon_Mech_TDR_Forearm_Right_EH2_Laser_C",
				"(TagName=\"Weapon.Energy.Flamer\")": "/Game/Objects/Mechs/Thunderbolt/Model/Weapons/Weapon_Mech_TDR_Forearm_Right_EH2_Flamer.Weapon_Mech_TDR_Forearm_Right_EH2_Flamer_C",
				"(TagName=\"Weapon.Energy.ParticleCannon\")": "/Game/Objects/Mechs/Thunderbolt/Model/Weapons/Weapon_Mech_TDR_Forearm_Right_EH2_SNPPC.Weapon_Mech_TDR_Forearm_Right_EH2_SNPPC_C",
				"(TagName=\"Weapon\")": "/Game/Objects/Mechs/Thunderbolt/Model/Weapons/Weapon_Mech_TDR_Forearm_Right_EH2_Laser.Weapon_Mech_TDR_Forearm_Right_EH2_Laser_C",
				"()": "None"
			}
		},
		{
			"hardpointSlotId": "Torso_Left_AH1_antimissilesystem",
			"mechSkeletonSocketId": "Torso_Weapon",
			"mechPart": "LeftTorso",
			"bHideOnPartDestruction": true,
			"slotTypeAssetId":
			{
				"id": "MWSlotTypeDataAsset:AMS_SlotType"
			},
			"hardpointVisuals":
			{
				"(TagName=\"Weapon.AMS\")": "/Game/Objects/Mechs/Thunderbolt/Model/Weapons/Weapon_Mech_TDR_Torso_Left_AH1_AMS.Weapon_Mech_TDR_Torso_Left_AH1_AMS_C",
				"(TagName=\"Weapon.Energy.LAMS\")": "/Game/Objects/Mechs/Thunderbolt/Model/Weapons/Weapon_Mech_TDR_Torso_Left_AH1_LAMS.Weapon_Mech_TDR_Torso_Left_AH1_LAMS_C",
				"(TagName=\"Weapon\")": "/Game/Objects/Mechs/Thunderbolt/Model/Weapons/Weapon_Mech_TDR_Torso_Left_AH1_AMS.Weapon_Mech_TDR_Torso_Left_AH1_AMS_C",
				"()": "None"
			}
		},
		{
			"hardpointSlotId": "Torso_Right_AH1_antimissilesystem",
			"mechSkeletonSocketId": "Torso_Weapon",
			"mechPart": "RightTorso",
			"bHideOnPartDestruction": true,
			"slotTypeAssetId":
			{
				"id": "MWSlotTypeDataAsset:AMS_SlotType"
			},
			"hardpointVisuals":
			{
				"(TagName=\"Weapon.AMS\")": "/Game/Objects/Mechs/Thunderbolt/Model/Weapons/Weapon_Mech_TDR_Torso_Right_AH1_AMS.Weapon_Mech_TDR_Torso_Right_AH1_AMS_C",
				"(TagName=\"Weapon.Energy.LAMS\")": "/Game/Objects/Mechs/Thunderbolt/Model/Weapons/Weapon_Mech_TDR_Torso_Right_AH1_LAMS.Weapon_Mech_TDR_Torso_Right_AH1_LAMS_C",
				"(TagName=\"Weapon\")": "/Game/Objects/Mechs/Thunderbolt/Model/Weapons/Weapon_Mech_TDR_Torso_Right_AH1_AMS.Weapon_Mech_TDR_Torso_Right_AH1_AMS_C",
				"()": "None"
			}
		}
	]
}