{
	"weaponSlots": [
		{
			"hardpointSlotId": "Head_MH1_Missile5_lrm5",
			"mechSkeletonSocketId": "Torso_Weapon",
			"mechPart": "Head",
			"bHideOnPartDestruction": false,
			"slotTypeAssetId":
			{
				"id": "MWSlotTypeDataAsset:LRM5_SlotType"
			},
			"hardpointVisuals":
			{
				"(TagName=\"Weapon.Missile.LRM.LRM5\")": "/Game/Objects/Mechs/Grasshopper/Model/Weapons/Weapon_Mech_GHR_Head_MH1_Missile5.Weapon_Mech_GHR_Head_MH1_Missile5_C",
				"(TagName=\"Weapon.ArtemisMissile.LRM.LRM5\")": "/Game/Objects/Mechs/Grasshopper/Model/Weapons/Weapon_Mech_GHR_Head_MH1_Missile5.Weapon_Mech_GHR_Head_MH1_Missile5_C",
				"(TagName=\"Weapon.Missile.SRM.SRM4\")": "/Game/Objects/Mechs/Grasshopper/Model/Weapons/Weapon_Mech_GHR_Head_MH1_Missile4.Weapon_Mech_GHR_Head_MH1_Missile4_C",
				"(TagName=\"Weapon.ArtemisMissile.SRM.SRM4\")": "/Game/Objects/Mechs/Grasshopper/Model/Weapons/Weapon_Mech_GHR_Head_MH1_Missile4.Weapon_Mech_GHR_Head_MH1_Missile4_C",
				"(TagName=\"Weapon.Missile.SRM.SRM2\")": "/Game/Objects/Mechs/Grasshopper/Model/Weapons/Weapon_Mech_GHR_Head_MH1_Missile2.Weapon_Mech_GHR_Head_MH1_Missile2_C",
				"(TagName=\"Weapon.Missile.SRM.Streak.SRM2\")": "/Game/Objects/Mechs/Grasshopper/Model/Weapons/Weapon_Mech_GHR_Head_MH1_Missile2.Weapon_Mech_GHR_Head_MH1_Missile2_C",
				"(TagName=\"Weapon.ArtemisMissile.SRM.SRM2\")": "/Game/Objects/Mechs/Grasshopper/Model/Weapons/Weapon_Mech_GHR_Head_MH1_Missile2.Weapon_Mech_GHR_Head_MH1_Missile2_C",
				"(TagName=\"Weapon.Missile.Rocket10\")": "/Game/Objects/Mechs/Grasshopper/Model/Weapons/Weapon_Mech_GHR_Head_MH1_Rl10.Weapon_Mech_GHR_Head_MH1_Rl10_C",
				"(TagName=\"Weapon\")": "/Game/Objects/Mechs/Grasshopper/Model/Weapons/Weapon_Mech_GHR_Head_MH1_Missile5.Weapon_Mech_GHR_Head_MH1_Missile5_C",
				"()": "/Game/Objects/Mechs/Grasshopper/Model/Weapons/Weapon_Mech_GHR_Head_GB1_Blank.Weapon_Mech_GHR_Head_GB1_Blank_C"
			}
		},
		{
			"hardpointSlotId": "Torso_Left_EH1_mediumlaser",
			"mechSkeletonSocketId": "Torso_Weapon",
			"mechPart": "LeftTorso",
			"bHideOnPartDestruction": false,
			"slotTypeAssetId":
			{
				"id": "MWSlotTypeDataAsset:MediumLaser_SlotType"
			},
			"hardpointVisuals":
			{
				"(TagName=\"Weapon.Energy.Laser.Standard.Medium\")": "/Game/Objects/Mechs/Grasshopper/Model/Weapons/Weapon_Mech_GHR_Torso_Left_EH1_Laser.Weapon_Mech_GHR_Torso_Left_EH1_Laser_C",
				"(TagName=\"Weapon.Energy.ParticleCannon.HPPC\")": "/Game/Objects/Mechs/Grasshopper/Model/Weapons/Weapon_Mech_GHR_Torso_Left_EH1_HPPC.Weapon_Mech_GHR_Torso_Left_EH1_HPPC_C",
				"(TagName=\"Weapon.Energy.ParticleCannon.PPC\")": "/Game/Objects/Mechs/Grasshopper/Model/Weapons/Weapon_Mech_GHR_Torso_Left_EH1_PPC.Weapon_Mech_GHR_Torso_Left_EH1_PPC_C",
				"(TagName=\"Weapon.Energy.ParticleCannon.ERPPC\")": "/Game/Objects/Mechs/Grasshopper/Model/Weapons/Weapon_Mech_GHR_Torso_Left_EH1_PPC.Weapon_Mech_GHR_Torso_Left_EH1_PPC_C",
				"(TagName=\"Weapon.Energy.ParticleCannon.SNPPC\")": "/Game/Objects/Mechs/Grasshopper/Model/Weapons/Weapon_Mech_GHR_Torso_Left_EH1_SNPPC.Weapon_Mech_GHR_Torso_Left_EH1_SNPPC_C",
				"(TagName=\"Weapon.Energy.ParticleCannon.LPPC\")": "/Game/Objects/Mechs/Grasshopper/Model/Weapons/Weapon_Mech_GHR_Torso_Left_EH1_LPPC.Weapon_Mech_GHR_Torso_Left_EH1_LPPC_C",
				"(TagName=\"Weapon.Energy.Laser.Standard.Large\")": "/Game/Objects/Mechs/Grasshopper/Model/Weapons/Weapon_Mech_GHR_Torso_Left_EH1_Laser.Weapon_Mech_GHR_Torso_Left_EH1_Laser_C",
				"(TagName=\"Weapon.Energy.Laser.ER.Large\")": "/Game/Objects/Mechs/Grasshopper/Model/Weapons/Weapon_Mech_GHR_Torso_Left_EH1_Laser.Weapon_Mech_GHR_Torso_Left_EH1_Laser_C",
				"(TagName=\"Weapon.Energy.Laser.ER.Large.Clan\")": "/Game/Objects/Mechs/Grasshopper/Model/Weapons/Weapon_Mech_GHR_Torso_Left_EH1_Laser.Weapon_Mech_GHR_Torso_Left_EH1_Laser_C",
				"(TagName=\"Weapon.Energy.Laser.Pulse.Large\")": "/Game/Objects/Mechs/Grasshopper/Model/Weapons/Weapon_Mech_GHR_Torso_Left_EH1_Laser.Weapon_Mech_GHR_Torso_Left_EH1_Laser_C",
				"(TagName=\"Weapon.Energy.Laser.ER.Medium.Clan\")": "/Game/Objects/Mechs/Grasshopper/Model/Weapons/Weapon_Mech_GHR_Torso_Left_EH1_Laser.Weapon_Mech_GHR_Torso_Left_EH1_Laser_C",
				"(TagName=\"Weapon.Energy.Laser.Pulse.Medium\")": "/Game/Objects/Mechs/Grasshopper/Model/Weapons/Weapon_Mech_GHR_Torso_Left_EH1_Laser.Weapon_Mech_GHR_Torso_Left_EH1_Laser_C",
				"(TagName=\"Weapon.Energy.Laser.Pulse.Medium.Clan\")": "/Game/Objects/Mechs/Grasshopper/Model/Weapons/Weapon_Mech_GHR_Torso_Left_EH1_Laser.Weapon_Mech_GHR_Torso_Left_EH1_Laser_C",
				"(TagName=\"Weapon.Energy.Laser.Standard.Small\")": "/Game/Objects/Mechs/Grasshopper/Model/Weapons/Weapon_Mech_GHR_Torso_Left_EH1_Laser.Weapon_Mech_GHR_Torso_Left_EH1_Laser_C",
				"(TagName=\"Weapon.Energy.Laser.Pulse.Small\")": "/Game/Objects/Mechs/Grasshopper/Model/Weapons/Weapon_Mech_GHR_Torso_Left_EH1_Laser.Weapon_Mech_GHR_Torso_Left_EH1_Laser_C",
				"(TagName=\"Weapon.Energy.TAG\")": "/Game/Objects/Mechs/Grasshopper/Model/Weapons/Weapon_Mech_GHR_Torso_Left_EH1_Laser.Weapon_Mech_GHR_Torso_Left_EH1_Laser_C",
				"(TagName=\"Weapon.Energy.Flamer\")": "/Game/Objects/Mechs/Grasshopper/Model/Weapons/Weapon_Mech_GHR_Torso_Left_EH1_Flamer.Weapon_Mech_GHR_Torso_Left_EH1_Flamer_C",
				"(TagName=\"Weapon.Energy.ParticleCannon\")": "/Game/Objects/Mechs/Grasshopper/Model/Weapons/Weapon_Mech_GHR_Torso_Left_EH1_SNPPC.Weapon_Mech_GHR_Torso_Left_EH1_SNPPC_C",
				"(TagName=\"Weapon\")": "/Game/Objects/Mechs/Grasshopper/Model/Weapons/Weapon_Mech_GHR_Torso_Left_EH1_Laser.Weapon_Mech_GHR_Torso_Left_EH1_Laser_C",
				"()": "/Game/Objects/Mechs/Grasshopper/Model/Weapons/Weapon_Mech_GHR_Torso_Left_EB2_Blank.Weapon_Mech_GHR_Torso_Left_EB2_Blank_C"
			}
		},
		{
			"hardpointSlotId": "Torso_Left_EH2_mediumlaser",
			"mechSkeletonSocketId": "Torso_Weapon",
			"mechPart": "LeftTorso",
			"bHideOnPartDestruction": false,
			"slotTypeAssetId":
			{
				"id": "MWSlotTypeDataAsset:MediumLaser_SlotType"
			},
			"hardpointVisuals":
			{
				"(TagName=\"Weapon.Energy.Laser.Standard.Medium\")": "/Game/Objects/Mechs/Grasshopper/Model/Weapons/Weapon_Mech_GHR_Torso_Left_EH2_Laser.Weapon_Mech_GHR_Torso_Left_EH2_Laser_C",
				"(TagName=\"Weapon.Energy.ParticleCannon.HPPC\")": "/Game/Objects/Mechs/Grasshopper/Model/Weapons/Weapon_Mech_GHR_Torso_Left_EH2_HPPC.Weapon_Mech_GHR_Torso_Left_EH2_HPPC_C",
				"(TagName=\"Weapon.Energy.ParticleCannon.PPC\")": "/Game/Objects/Mechs/Grasshopper/Model/Weapons/Weapon_Mech_GHR_Torso_Left_EH2_PPC.Weapon_Mech_GHR_Torso_Left_EH2_PPC_C",
				"(TagName=\"Weapon.Energy.ParticleCannon.ERPPC\")": "/Game/Objects/Mechs/Grasshopper/Model/Weapons/Weapon_Mech_GHR_Torso_Left_EH2_PPC.Weapon_Mech_GHR_Torso_Left_EH2_PPC_C",
				"(TagName=\"Weapon.Energy.ParticleCannon.SNPPC\")": "/Game/Objects/Mechs/Grasshopper/Model/Weapons/Weapon_Mech_GHR_Torso_Left_EH2_SNPPC.Weapon_Mech_GHR_Torso_Left_EH2_SNPPC_C",
				"(TagName=\"Weapon.Energy.ParticleCannon.LPPC\")": "/Game/Objects/Mechs/Grasshopper/Model/Weapons/Weapon_Mech_GHR_Torso_Left_EH2_LPPC.Weapon_Mech_GHR_Torso_Left_EH2_LPPC_C",
				"(TagName=\"Weapon.Energy.Laser.Standard.Large\")": "/Game/Objects/Mechs/Grasshopper/Model/Weapons/Weapon_Mech_GHR_Torso_Left_EH2_Laser.Weapon_Mech_GHR_Torso_Left_EH2_Laser_C",
				"(TagName=\"Weapon.Energy.Laser.ER.Large\")": "/Game/Objects/Mechs/Grasshopper/Model/Weapons/Weapon_Mech_GHR_Torso_Left_EH2_Laser.Weapon_Mech_GHR_Torso_Left_EH2_Laser_C",
				"(TagName=\"Weapon.Energy.Laser.ER.Large.Clan\")": "/Game/Objects/Mechs/Grasshopper/Model/Weapons/Weapon_Mech_GHR_Torso_Left_EH2_Laser.Weapon_Mech_GHR_Torso_Left_EH2_Laser_C",
				"(TagName=\"Weapon.Energy.Laser.Pulse.Large\")": "/Game/Objects/Mechs/Grasshopper/Model/Weapons/Weapon_Mech_GHR_Torso_Left_EH2_Laser.Weapon_Mech_GHR_Torso_Left_EH2_Laser_C",
				"(TagName=\"Weapon.Energy.Laser.ER.Medium.Clan\")": "/Game/Objects/Mechs/Grasshopper/Model/Weapons/Weapon_Mech_GHR_Torso_Left_EH2_Laser.Weapon_Mech_GHR_Torso_Left_EH2_Laser_C",
				"(TagName=\"Weapon.Energy.Laser.Pulse.Medium\")": "/Game/Objects/Mechs/Grasshopper/Model/Weapons/Weapon_Mech_GHR_Torso_Left_EH2_Laser.Weapon_Mech_GHR_Torso_Left_EH2_Laser_C",
				"(TagName=\"Weapon.Energy.Laser.Pulse.Medium.Clan\")": "/Game/Objects/Mechs/Grasshopper/Model/Weapons/Weapon_Mech_GHR_Torso_Left_EH2_Laser.Weapon_Mech_GHR_Torso_Left_EH2_Laser_C",
				"(TagName=\"Weapon.Energy.Laser.Standard.Small\")": "/Game/Objects/Mechs/Grasshopper/Model/Weapons/Weapon_Mech_GHR_Torso_Left_EH2_Laser.Weapon_Mech_GHR_Torso_Left_EH2_Laser_C",
				"(TagName=\"Weapon.Energy.Laser.Pulse.Small\")": "/Game/Objects/Mechs/Grasshopper/Model/Weapons/Weapon_Mech_GHR_Torso_Left_EH2_Laser.Weapon_Mech_GHR_Torso_Left_EH2_Laser_C",
				"(TagName=\"Weapon.Energy.TAG\")": "/Game/Objects/Mechs/Grasshopper/Model/Weapons/Weapon_Mech_GHR_Torso_Left_EH2_Laser.Weapon_Mech_GHR_Torso_Left_EH2_Laser_C",
				"(TagName=\"Weapon.Energy.Flamer\")": "/Game/Objects/Mechs/Grasshopper/Model/Weapons/Weapon_Mech_GHR_Torso_Left_EH2_Flamer.Weapon_Mech_GHR_Torso_Left_EH2_Flamer_C",
				"(TagName=\"Weapon.Energy.ParticleCannon\")": "/Game/Objects/Mechs/Grasshopper/Model/Weapons/Weapon_Mech_GHR_Torso_Left_EH2_SNPPC.Weapon_Mech_GHR_Torso_Left_EH2_SNPPC_C",
				"(TagName=\"Weapon\")": "/Game/Objects/Mechs/Grasshopper/Model/Weapons/Weapon_Mech_GHR_Torso_Left_EH2_Laser.Weapon_Mech_GHR_Torso_Left_EH2_Laser_C",
				"()": "None"
			}
		},
		{
			"hardpointSlotId": "Torso_Left_EH3_mediumlaser",
			"mechSkeletonSocketId": "Torso_Weapon",
			"mechPart": "LeftTorso",
			"bHideOnPartDestruction": false,
			"slotTypeAssetId":
			{
				"id": "MWSlotTypeDataAsset:MediumLaser_SlotType"
			},
			"hardpointVisuals":
			{
				"(TagName=\"Weapon.Energy.Laser.Standard.Medium\")": "/Game/Objects/Mechs/Grasshopper/Model/Weapons/Weapon_Mech_GHR_Torso_Left_EH3_Laser.Weapon_Mech_GHR_Torso_Left_EH3_Laser_C",
				"(TagName=\"Weapon.Energy.ParticleCannon.HPPC\")": "/Game/Objects/Mechs/Grasshopper/Model/Weapons/Weapon_Mech_GHR_Torso_Left_EH3_HPPC.Weapon_Mech_GHR_Torso_Left_EH3_HPPC_C",
				"(TagName=\"Weapon.Energy.ParticleCannon.PPC\")": "/Game/Objects/Mechs/Grasshopper/Model/Weapons/Weapon_Mech_GHR_Torso_Left_EH3_PPC.Weapon_Mech_GHR_Torso_Left_EH3_PPC_C",
				"(TagName=\"Weapon.Energy.ParticleCannon.ERPPC\")": "/Game/Objects/Mechs/Grasshopper/Model/Weapons/Weapon_Mech_GHR_Torso_Left_EH3_PPC.Weapon_Mech_GHR_Torso_Left_EH3_PPC_C",
				"(TagName=\"Weapon.Energy.ParticleCannon.SNPPC\")": "/Game/Objects/Mechs/Grasshopper/Model/Weapons/Weapon_Mech_GHR_Torso_Left_EH3_SNPPC.Weapon_Mech_GHR_Torso_Left_EH3_SNPPC_C",
				"(TagName=\"Weapon.Energy.ParticleCannon.LPPC\")": "/Game/Objects/Mechs/Grasshopper/Model/Weapons/Weapon_Mech_GHR_Torso_Left_EH3_LPPC.Weapon_Mech_GHR_Torso_Left_EH3_LPPC_C",
				"(TagName=\"Weapon.Energy.Laser.Standard.Large\")": "/Game/Objects/Mechs/Grasshopper/Model/Weapons/Weapon_Mech_GHR_Torso_Left_EH3_Laser.Weapon_Mech_GHR_Torso_Left_EH3_Laser_C",
				"(TagName=\"Weapon.Energy.Laser.ER.Large\")": "/Game/Objects/Mechs/Grasshopper/Model/Weapons/Weapon_Mech_GHR_Torso_Left_EH3_Laser.Weapon_Mech_GHR_Torso_Left_EH3_Laser_C",
				"(TagName=\"Weapon.Energy.Laser.ER.Large.Clan\")": "/Game/Objects/Mechs/Grasshopper/Model/Weapons/Weapon_Mech_GHR_Torso_Left_EH3_Laser.Weapon_Mech_GHR_Torso_Left_EH3_Laser_C",
				"(TagName=\"Weapon.Energy.Laser.Pulse.Large\")": "/Game/Objects/Mechs/Grasshopper/Model/Weapons/Weapon_Mech_GHR_Torso_Left_EH3_Laser.Weapon_Mech_GHR_Torso_Left_EH3_Laser_C",
				"(TagName=\"Weapon.Energy.Laser.ER.Medium.Clan\")": "/Game/Objects/Mechs/Grasshopper/Model/Weapons/Weapon_Mech_GHR_Torso_Left_EH3_Laser.Weapon_Mech_GHR_Torso_Left_EH3_Laser_C",
				"(TagName=\"Weapon.Energy.Laser.Pulse.Medium\")": "/Game/Objects/Mechs/Grasshopper/Model/Weapons/Weapon_Mech_GHR_Torso_Left_EH3_Laser.Weapon_Mech_GHR_Torso_Left_EH3_Laser_C",
				"(TagName=\"Weapon.Energy.Laser.Pulse.Medium.Clan\")": "/Game/Objects/Mechs/Grasshopper/Model/Weapons/Weapon_Mech_GHR_Torso_Left_EH3_Laser.Weapon_Mech_GHR_Torso_Left_EH3_Laser_C",
				"(TagName=\"Weapon.Energy.Laser.Standard.Small\")": "/Game/Objects/Mechs/Grasshopper/Model/Weapons/Weapon_Mech_GHR_Torso_Left_EH3_Laser.Weapon_Mech_GHR_Torso_Left_EH3_Laser_C",
				"(TagName=\"Weapon.Energy.Laser.Pulse.Small\")": "/Game/Objects/Mechs/Grasshopper/Model/Weapons/Weapon_Mech_GHR_Torso_Left_EH3_Laser.Weapon_Mech_GHR_Torso_Left_EH3_Laser_C",
				"(TagName=\"Weapon.Energy.TAG\")": "/Game/Objects/Mechs/Grasshopper/Model/Weapons/Weapon_Mech_GHR_Torso_Left_EH3_Laser.Weapon_Mech_GHR_Torso_Left_EH3_Laser_C",
				"(TagName=\"Weapon.Energy.Flamer\")": "/Game/Objects/Mechs/Grasshopper/Model/Weapons/Weapon_Mech_GHR_Torso_Left_EH3_Flamer.Weapon_Mech_GHR_Torso_Left_EH3_Flamer_C",
				"(TagName=\"Weapon.Energy.ParticleCannon\")": "/Game/Objects/Mechs/Grasshopper/Model/Weapons/Weapon_Mech_GHR_Torso_Left_EH3_SNPPC.Weapon_Mech_GHR_Torso_Left_EH3_SNPPC_C",
				"(TagName=\"Weapon\")": "/Game/Objects/Mechs/Grasshopper/Model/Weapons/Weapon_Mech_GHR_Torso_Left_EH3_Laser.Weapon_Mech_GHR_Torso_Left_EH3_Laser_C",
				"()": "None"
			}
		},
		{
			"hardpointSlotId": "Torso_Center_EH1_largelaser",
			"mechSkeletonSocketId": "Torso_Weapon",
			"mechPart": "CenterTorso",
			"bHideOnPartDestruction": false,
			"slotTypeAssetId":
			{
				"id": "MWSlotTypeDataAsset:LargeLaser_SlotType"
			},
			"hardpointVisuals":
			{
				"(TagName=\"Weapon.Energy.Laser.Standard.Large\")": "/Game/Objects/Mechs/Grasshopper/Model/Weapons/Weapon_Mech_GHR_Torso_Center_EH1_Laser.Weapon_Mech_GHR_Torso_Center_EH1_Laser_C",
				"(TagName=\"Weapon.Energy.ParticleCannon.SNPPC\")": "/Game/Objects/Mechs/Grasshopper/Model/Weapons/Weapon_Mech_GHR_Torso_Center_EH1_SNPPC.Weapon_Mech_GHR_Torso_Center_EH1_SNPPC_C",
				"(TagName=\"Weapon.Energy.ParticleCannon.LPPC\")": "/Game/Objects/Mechs/Grasshopper/Model/Weapons/Weapon_Mech_GHR_Torso_Center_EH1_LPPC.Weapon_Mech_GHR_Torso_Center_EH1_LPPC_C",
				"(TagName=\"Weapon.Energy.Laser.ER.Large\")": "/Game/Objects/Mechs/Grasshopper/Model/Weapons/Weapon_Mech_GHR_Torso_Center_EH1_Laser.Weapon_Mech_GHR_Torso_Center_EH1_Laser_C",
				"(TagName=\"Weapon.Energy.Laser.ER.Large.Clan\")": "/Game/Objects/Mechs/Grasshopper/Model/Weapons/Weapon_Mech_GHR_Torso_Center_EH1_Laser.Weapon_Mech_GHR_Torso_Center_EH1_Laser_C",
				"(TagName=\"Weapon.Energy.Laser.Pulse.Large\")": "/Game/Objects/Mechs/Grasshopper/Model/Weapons/Weapon_Mech_GHR_Torso_Center_EH1_Laser.Weapon_Mech_GHR_Torso_Center_EH1_Laser_C",
				"(TagName=\"Weapon.Energy.Laser.Standard.Medium\")": "/Game/Objects/Mechs/Grasshopper/Model/Weapons/Weapon_Mech_GHR_Torso_Center_EH1_Laser.Weapon_Mech_GHR_Torso_Center_EH1_Laser_C",
				"(TagName=\"Weapon.Energy.Laser.ER.Medium.Clan\")": "/Game/Objects/Mechs/Grasshopper/Model/Weapons/Weapon_Mech_GHR_Torso_Center_EH1_Laser.Weapon_Mech_GHR_Torso_Center_EH1_Laser_C",
				"(TagName=\"Weapon.Energy.Laser.Pulse.Medium\")": "/Game/Objects/Mechs/Grasshopper/Model/Weapons/Weapon_Mech_GHR_Torso_Center_EH1_Laser.Weapon_Mech_GHR_Torso_Center_EH1_Laser_C",
				"(TagName=\"Weapon.Energy.Laser.Pulse.Medium.Clan\")": "/Game/Objects/Mechs/Grasshopper/Model/Weapons/Weapon_Mech_GHR_Torso_Center_EH1_Laser.Weapon_Mech_GHR_Torso_Center_EH1_Laser_C",
				"(TagName=\"Weapon.Energy.Laser.Standard.Small\")": "/Game/Objects/Mechs/Grasshopper/Model/Weapons/Weapon_Mech_GHR_Torso_Center_EH1_Laser.Weapon_Mech_GHR_Torso_Center_EH1_Laser_C",
				"(TagName=\"Weapon.Energy.Laser.Pulse.Small\")": "/Game/Objects/Mechs/Grasshopper/Model/Weapons/Weapon_Mech_GHR_Torso_Center_EH1_Laser.Weapon_Mech_GHR_Torso_Center_EH1_Laser_C",
				"(TagName=\"Weapon.Energy.TAG\")": "/Game/Objects/Mechs/Grasshopper/Model/Weapons/Weapon_Mech_GHR_Torso_Center_EH1_Laser.Weapon_Mech_GHR_Torso_Center_EH1_Laser_C",
				"(TagName=\"Weapon.Energy.Flamer\")": "/Game/Objects/Mechs/Grasshopper/Model/Weapons/Weapon_Mech_GHR_Torso_Center_EH1_Flamer.Weapon_Mech_GHR_Torso_Center_EH1_Flamer_C",
				"(TagName=\"Weapon.Energy.ParticleCannon\")": "/Game/Objects/Mechs/Grasshopper/Model/Weapons/Weapon_Mech_GHR_Torso_Center_EH1_SNPPC.Weapon_Mech_GHR_Torso_Center_EH1_SNPPC_C",
				"(TagName=\"Weapon\")": "/Game/Objects/Mechs/Grasshopper/Model/Weapons/Weapon_Mech_GHR_Torso_Center_EH1_Laser.Weapon_Mech_GHR_Torso_Center_EH1_Laser_C",
				"()": "/Game/Objects/Mechs/Grasshopper/Model/Weapons/Weapon_Mech_GHR_Torso_Center_EB1_Blank.Weapon_Mech_GHR_Torso_Center_EB1_Blank_C"
			}
		},
		{
			"hardpointSlotId": "Torso_Right_EH1_mediumlaser",
			"mechSkeletonSocketId": "Torso_Weapon",
			"mechPart": "RightTorso",
			"bHideOnPartDestruction": false,
			"slotTypeAssetId":
			{
				"id": "MWSlotTypeDataAsset:MediumLaser_SlotType"
			},
			"hardpointVisuals":
			{
				"(TagName=\"Weapon.Energy.Laser.Standard.Medium\")": "/Game/Objects/Mechs/Grasshopper/Model/Weapons/Weapon_Mech_GHR_Torso_Right_EH1_Laser.Weapon_Mech_GHR_Torso_Right_EH1_Laser_C",
				"(TagName=\"Weapon.Energy.ParticleCannon.HPPC\")": "/Game/Objects/Mechs/Grasshopper/Model/Weapons/Weapon_Mech_GHR_Torso_Right_EH1_HPPC.Weapon_Mech_GHR_Torso_Right_EH1_HPPC_C",
				"(TagName=\"Weapon.Energy.ParticleCannon.PPC\")": "/Game/Objects/Mechs/Grasshopper/Model/Weapons/Weapon_Mech_GHR_Torso_Right_EH1_PPC.Weapon_Mech_GHR_Torso_Right_EH1_PPC_C",
				"(TagName=\"Weapon.Energy.ParticleCannon.ERPPC\")": "/Game/Objects/Mechs/Grasshopper/Model/Weapons/Weapon_Mech_GHR_Torso_Right_EH1_PPC.Weapon_Mech_GHR_Torso_Right_EH1_PPC_C",
				"(TagName=\"Weapon.Energy.ParticleCannon.SNPPC\")": "/Game/Objects/Mechs/Grasshopper/Model/Weapons/Weapon_Mech_GHR_Torso_Right_EH1_SNPPC.Weapon_Mech_GHR_Torso_Right_EH1_SNPPC_C",
				"(TagName=\"Weapon.Energy.ParticleCannon.LPPC\")": "/Game/Objects/Mechs/Grasshopper/Model/Weapons/Weapon_Mech_GHR_Torso_Right_EH1_LPPC.Weapon_Mech_GHR_Torso_Right_EH1_LPPC_C",
				"(TagName=\"Weapon.Energy.Laser.Standard.Large\")": "/Game/Objects/Mechs/Grasshopper/Model/Weapons/Weapon_Mech_GHR_Torso_Right_EH1_Laser.Weapon_Mech_GHR_Torso_Right_EH1_Laser_C",
				"(TagName=\"Weapon.Energy.Laser.ER.Large\")": "/Game/Objects/Mechs/Grasshopper/Model/Weapons/Weapon_Mech_GHR_Torso_Right_EH1_Laser.Weapon_Mech_GHR_Torso_Right_EH1_Laser_C",
				"(TagName=\"Weapon.Energy.Laser.ER.Large.Clan\")": "/Game/Objects/Mechs/Grasshopper/Model/Weapons/Weapon_Mech_GHR_Torso_Right_EH1_Laser.Weapon_Mech_GHR_Torso_Right_EH1_Laser_C",
				"(TagName=\"Weapon.Energy.Laser.Pulse.Large\")": "/Game/Objects/Mechs/Grasshopper/Model/Weapons/Weapon_Mech_GHR_Torso_Right_EH1_Laser.Weapon_Mech_GHR_Torso_Right_EH1_Laser_C",
				"(TagName=\"Weapon.Energy.Laser.ER.Medium.Clan\")": "/Game/Objects/Mechs/Grasshopper/Model/Weapons/Weapon_Mech_GHR_Torso_Right_EH1_Laser.Weapon_Mech_GHR_Torso_Right_EH1_Laser_C",
				"(TagName=\"Weapon.Energy.Laser.Pulse.Medium\")": "/Game/Objects/Mechs/Grasshopper/Model/Weapons/Weapon_Mech_GHR_Torso_Right_EH1_Laser.Weapon_Mech_GHR_Torso_Right_EH1_Laser_C",
				"(TagName=\"Weapon.Energy.Laser.Pulse.Medium.Clan\")": "/Game/Objects/Mechs/Grasshopper/Model/Weapons/Weapon_Mech_GHR_Torso_Right_EH1_Laser.Weapon_Mech_GHR_Torso_Right_EH1_Laser_C",
				"(TagName=\"Weapon.Energy.Laser.Standard.Small\")": "/Game/Objects/Mechs/Grasshopper/Model/Weapons/Weapon_Mech_GHR_Torso_Right_EH1_Laser.Weapon_Mech_GHR_Torso_Right_EH1_Laser_C",
				"(TagName=\"Weapon.Energy.Laser.Pulse.Small\")": "/Game/Objects/Mechs/Grasshopper/Model/Weapons/Weapon_Mech_GHR_Torso_Right_EH1_Laser.Weapon_Mech_GHR_Torso_Right_EH1_Laser_C",
				"(TagName=\"Weapon.Energy.TAG\")": "/Game/Objects/Mechs/Grasshopper/Model/Weapons/Weapon_Mech_GHR_Torso_Right_EH1_Laser.Weapon_Mech_GHR_Torso_Right_EH1_Laser_C",
				"(TagName=\"Weapon.Energy.Flamer\")": "/Game/Objects/Mechs/Grasshopper/Model/Weapons/Weapon_Mech_GHR_Torso_Right_EH1_Flamer.Weapon_Mech_GHR_Torso_Right_EH1_Flamer_C",
				"(TagName=\"Weapon.Energy.ParticleCannon\")": "/Game/Objects/Mechs/Grasshopper/Model/Weapons/Weapon_Mech_GHR_Torso_Right_EH1_SNPPC.Weapon_Mech_GHR_Torso_Right_EH1_SNPPC_C",
				"(TagName=\"Weapon\")": "/Game/Objects/Mechs/Grasshopper/Model/Weapons/Weapon_Mech_GHR_Torso_Right_EH1_Laser.Weapon_Mech_GHR_Torso_Right_EH1_Laser_C",
				"()": "None"
			}
		},
		{
			"hardpointSlotId": "Torso_Right_EH2_mediumlaser2",
			"mechSkeletonSocketId": "Torso_Weapon",
			"mechPart": "RightTorso",
			"bHideOnPartDestruction": false,
			"slotTypeAssetId":
			{
				"id": "MWSlotTypeDataAsset:MediumLaser_SlotType"
			},
			"hardpointVisuals":
			{
				"(TagName=\"Weapon.Energy.Laser.Standard.Medium\")": "/Game/Objects/Mechs/Grasshopper/Model/Weapons/Weapon_Mech_GHR_Torso_Right_EH2_Laser.Weapon_Mech_GHR_Torso_Right_EH2_Laser_C",
				"(TagName=\"Weapon.Energy.ParticleCannon.HPPC\")": "/Game/Objects/Mechs/Grasshopper/Model/Weapons/Weapon_Mech_GHR_Torso_Right_EH2_HPPC.Weapon_Mech_GHR_Torso_Right_EH2_HPPC_C",
				"(TagName=\"Weapon.Energy.ParticleCannon.PPC\")": "/Game/Objects/Mechs/Grasshopper/Model/Weapons/Weapon_Mech_GHR_Torso_Right_EH2_PPC.Weapon_Mech_GHR_Torso_Right_EH2_PPC_C",
				"(TagName=\"Weapon.Energy.ParticleCannon.ERPPC\")": "/Game/Objects/Mechs/Grasshopper/Model/Weapons/Weapon_Mech_GHR_Torso_Right_EH2_PPC.Weapon_Mech_GHR_Torso_Right_EH2_PPC_C",
				"(TagName=\"Weapon.Energy.ParticleCannon.SNPPC\")": "/Game/Objects/Mechs/Grasshopper/Model/Weapons/Weapon_Mech_GHR_Torso_Right_EH2_SNPPC.Weapon_Mech_GHR_Torso_Right_EH2_SNPPC_C",
				"(TagName=\"Weapon.Energy.ParticleCannon.LPPC\")": "/Game/Objects/Mechs/Grasshopper/Model/Weapons/Weapon_Mech_GHR_Torso_Right_EH2_LPPC.Weapon_Mech_GHR_Torso_Right_EH2_LPPC_C",
				"(TagName=\"Weapon.Energy.Laser.Standard.Large\")": "/Game/Objects/Mechs/Grasshopper/Model/Weapons/Weapon_Mech_GHR_Torso_Right_EH2_Laser.Weapon_Mech_GHR_Torso_Right_EH2_Laser_C",
				"(TagName=\"Weapon.Energy.Laser.ER.Large\")": "/Game/Objects/Mechs/Grasshopper/Model/Weapons/Weapon_Mech_GHR_Torso_Right_EH2_Laser.Weapon_Mech_GHR_Torso_Right_EH2_Laser_C",
				"(TagName=\"Weapon.Energy.Laser.ER.Large.Clan\")": "/Game/Objects/Mechs/Grasshopper/Model/Weapons/Weapon_Mech_GHR_Torso_Right_EH2_Laser.Weapon_Mech_GHR_Torso_Right_EH2_Laser_C",
				"(TagName=\"Weapon.Energy.Laser.Pulse.Large\")": "/Game/Objects/Mechs/Grasshopper/Model/Weapons/Weapon_Mech_GHR_Torso_Right_EH2_Laser.Weapon_Mech_GHR_Torso_Right_EH2_Laser_C",
				"(TagName=\"Weapon.Energy.Laser.ER.Medium.Clan\")": "/Game/Objects/Mechs/Grasshopper/Model/Weapons/Weapon_Mech_GHR_Torso_Right_EH2_Laser.Weapon_Mech_GHR_Torso_Right_EH2_Laser_C",
				"(TagName=\"Weapon.Energy.Laser.Pulse.Medium\")": "/Game/Objects/Mechs/Grasshopper/Model/Weapons/Weapon_Mech_GHR_Torso_Right_EH2_Laser.Weapon_Mech_GHR_Torso_Right_EH2_Laser_C",
				"(TagName=\"Weapon.Energy.Laser.Pulse.Medium.Clan\")": "/Game/Objects/Mechs/Grasshopper/Model/Weapons/Weapon_Mech_GHR_Torso_Right_EH2_Laser.Weapon_Mech_GHR_Torso_Right_EH2_Laser_C",
				"(TagName=\"Weapon.Energy.Laser.Standard.Small\")": "/Game/Objects/Mechs/Grasshopper/Model/Weapons/Weapon_Mech_GHR_Torso_Right_EH2_Laser.Weapon_Mech_GHR_Torso_Right_EH2_Laser_C",
				"(TagName=\"Weapon.Energy.Laser.Pulse.Small\")": "/Game/Objects/Mechs/Grasshopper/Model/Weapons/Weapon_Mech_GHR_Torso_Right_EH2_Laser.Weapon_Mech_GHR_Torso_Right_EH2_Laser_C",
				"(TagName=\"Weapon.Energy.TAG\")": "/Game/Objects/Mechs/Grasshopper/Model/Weapons/Weapon_Mech_GHR_Torso_Right_EH2_Laser.Weapon_Mech_GHR_Torso_Right_EH2_Laser_C",
				"(TagName=\"Weapon.Energy.Flamer\")": "/Game/Objects/Mechs/Grasshopper/Model/Weapons/Weapon_Mech_GHR_Torso_Right_EH2_Flamer.Weapon_Mech_GHR_Torso_Right_EH2_Flamer_C",
				"(TagName=\"Weapon.Energy.ParticleCannon\")": "/Game/Objects/Mechs/Grasshopper/Model/Weapons/Weapon_Mech_GHR_Torso_Right_EH2_SNPPC.Weapon_Mech_GHR_Torso_Right_EH2_SNPPC_C",
				"(TagName=\"Weapon\")": "/Game/Objects/Mechs/Grasshopper/Model/Weapons/Weapon_Mech_GHR_Torso_Right_EH2_Laser.Weapon_Mech_GHR_Torso_Right_EH2_Laser_C",
				"()": "None"
			}
		},
		{
			"hardpointSlotId": "Torso_Right_EH3_mediumlaser",
			"mechSkeletonSocketId": "Torso_Weapon",
			"mechPart": "RightTorso",
			"bHideOnPartDestruction": false,
			"slotTypeAssetId":
			{
				"id": "MWSlotTypeDataAsset:MediumLaser_SlotType"
			},
			"hardpointVisuals":
			{
				"(TagName=\"Weapon.Energy.Laser.Standard.Medium\")": "/Game/Objects/Mechs/Grasshopper/Model/Weapons/Weapon_Mech_GHR_Torso_Right_EH3_Laser.Weapon_Mech_GHR_Torso_Right_EH3_Laser_C",
				"(TagName=\"Weapon.Energy.ParticleCannon.HPPC\")": "/Game/Objects/Mechs/Grasshopper/Model/Weapons/Weapon_Mech_GHR_Torso_Right_EH3_HPPC.Weapon_Mech_GHR_Torso_Right_EH3_HPPC_C",
				"(TagName=\"Weapon.Energy.ParticleCannon.PPC\")": "/Game/Objects/Mechs/Grasshopper/Model/Weapons/Weapon_Mech_GHR_Torso_Right_EH3_PPC.Weapon_Mech_GHR_Torso_Right_EH3_PPC_C",
				"(TagName=\"Weapon.Energy.ParticleCannon.ERPPC\")": "/Game/Objects/Mechs/Grasshopper/Model/Weapons/Weapon_Mech_GHR_Torso_Right_EH3_PPC.Weapon_Mech_GHR_Torso_Right_EH3_PPC_C",
				"(TagName=\"Weapon.Energy.ParticleCannon.SNPPC\")": "/Game/Objects/Mechs/Grasshopper/Model/Weapons/Weapon_Mech_GHR_Torso_Right_EH3_SNPPC.Weapon_Mech_GHR_Torso_Right_EH3_SNPPC_C",
				"(TagName=\"Weapon.Energy.ParticleCannon.LPPC\")": "/Game/Objects/Mechs/Grasshopper/Model/Weapons/Weapon_Mech_GHR_Torso_Right_EH3_LPPC.Weapon_Mech_GHR_Torso_Right_EH3_LPPC_C",
				"(TagName=\"Weapon.Energy.Laser.Standard.Large\")": "/Game/Objects/Mechs/Grasshopper/Model/Weapons/Weapon_Mech_GHR_Torso_Right_EH3_Laser.Weapon_Mech_GHR_Torso_Right_EH3_Laser_C",
				"(TagName=\"Weapon.Energy.Laser.ER.Large\")": "/Game/Objects/Mechs/Grasshopper/Model/Weapons/Weapon_Mech_GHR_Torso_Right_EH3_Laser.Weapon_Mech_GHR_Torso_Right_EH3_Laser_C",
				"(TagName=\"Weapon.Energy.Laser.ER.Large.Clan\")": "/Game/Objects/Mechs/Grasshopper/Model/Weapons/Weapon_Mech_GHR_Torso_Right_EH3_Laser.Weapon_Mech_GHR_Torso_Right_EH3_Laser_C",
				"(TagName=\"Weapon.Energy.Laser.Pulse.Large\")": "/Game/Objects/Mechs/Grasshopper/Model/Weapons/Weapon_Mech_GHR_Torso_Right_EH3_Laser.Weapon_Mech_GHR_Torso_Right_EH3_Laser_C",
				"(TagName=\"Weapon.Energy.Laser.ER.Medium.Clan\")": "/Game/Objects/Mechs/Grasshopper/Model/Weapons/Weapon_Mech_GHR_Torso_Right_EH3_Laser.Weapon_Mech_GHR_Torso_Right_EH3_Laser_C",
				"(TagName=\"Weapon.Energy.Laser.Pulse.Medium\")": "/Game/Objects/Mechs/Grasshopper/Model/Weapons/Weapon_Mech_GHR_Torso_Right_EH3_Laser.Weapon_Mech_GHR_Torso_Right_EH3_Laser_C",
				"(TagName=\"Weapon.Energy.Laser.Pulse.Medium.Clan\")": "/Game/Objects/Mechs/Grasshopper/Model/Weapons/Weapon_Mech_GHR_Torso_Right_EH3_Laser.Weapon_Mech_GHR_Torso_Right_EH3_Laser_C",
				"(TagName=\"Weapon.Energy.Laser.Standard.Small\")": "/Game/Objects/Mechs/Grasshopper/Model/Weapons/Weapon_Mech_GHR_Torso_Right_EH3_Laser.Weapon_Mech_GHR_Torso_Right_EH3_Laser_C",
				"(TagName=\"Weapon.Energy.Laser.Pulse.Small\")": "/Game/Objects/Mechs/Grasshopper/Model/Weapons/Weapon_Mech_GHR_Torso_Right_EH3_Laser.Weapon_Mech_GHR_Torso_Right_EH3_Laser_C",
				"(TagName=\"Weapon.Energy.TAG\")": "/Game/Objects/Mechs/Grasshopper/Model/Weapons/Weapon_Mech_GHR_Torso_Right_EH3_Laser.Weapon_Mech_GHR_Torso_Right_EH3_Laser_C",
				"(TagName=\"Weapon.Energy.Flamer\")": "/Game/Objects/Mechs/Grasshopper/Model/Weapons/Weapon_Mech_GHR_Torso_Right_EH3_Flamer.Weapon_Mech_GHR_Torso_Right_EH3_Flamer_C",
				"(TagName=\"Weapon.Energy.ParticleCannon\")": "/Game/Objects/Mechs/Grasshopper/Model/Weapons/Weapon_Mech_GHR_Torso_Right_EH3_SNPPC.Weapon_Mech_GHR_Torso_Right_EH3_SNPPC_C",
				"(TagName=\"Weapon\")": "/Game/Objects/Mechs/Grasshopper/Model/Weapons/Weapon_Mech_GHR_Torso_Right_EH3_Laser.Weapon_Mech_GHR_Torso_Right_EH3_Laser_C",
				"()": "None"
			}
		},
		{
			"hardpointSlotId": "Forearm_Right_EH1_mediumlaser",
			"mechSkeletonSocketId": "Forearm_Right_Weapon",
			"mechPart": "RightArm",
			"bHideOnPartDestruction": true,
			"slotTypeAssetId":
			{
				"id": "MWSlotTypeDataAsset:MediumLaser_SlotType"
			},
			"hardpointVisuals":
			{
				"(TagName=\"Weapon.Energy.Laser.Standard.Medium\")": "/Game/Objects/Mechs/Grasshopper/Model/Weapons/Weapon_Mech_GHR_Forearm_Right_EH1_Laser.Weapon_Mech_GHR_Forearm_Right_EH1_Laser_C",
				"(TagName=\"Weapon.Energy.ParticleCannon.HPPC\")": "/Game/Objects/Mechs/Grasshopper/Model/Weapons/Weapon_Mech_GHR_Forearm_Right_EH1_HPPC.Weapon_Mech_GHR_Forearm_Right_EH1_HPPC_C",
				"(TagName=\"Weapon.Energy.ParticleCannon.PPC\")": "/Game/Objects/Mechs/Grasshopper/Model/Weapons/Weapon_Mech_GHR_Forearm_Right_EH1_PPC.Weapon_Mech_GHR_Forearm_Right_EH1_PPC_C",
				"(TagName=\"Weapon.Energy.ParticleCannon.ERPPC\")": "/Game/Objects/Mechs/Grasshopper/Model/Weapons/Weapon_Mech_GHR_Forearm_Right_EH1_PPC.Weapon_Mech_GHR_Forearm_Right_EH1_PPC_C",
				"(TagName=\"Weapon.Energy.ParticleCannon.SNPPC\")": "/Game/Objects/Mechs/Grasshopper/Model/Weapons/Weapon_Mech_GHR_Forearm_Right_EH1_SNPPC.Weapon_Mech_GHR_Forearm_Right_EH1_SNPPC_C",
				"(TagName=\"Weapon.Energy.ParticleCannon.LPPC\")": "/Game/Objects/Mechs/Grasshopper/Model/Weapons/Weapon_Mech_GHR_Forearm_Right_EH1_LPPC.Weapon_Mech_GHR_Forearm_Right_EH1_LPPC_C",
				"(TagName=\"Weapon.Energy.Laser.Standard.Large\")": "/Game/Objects/Mechs/Grasshopper/Model/Weapons/Weapon_Mech_GHR_Forearm_Right_EH1_Laser.Weapon_Mech_GHR_Forearm_Right_EH1_Laser_C",
				"(TagName=\"Weapon.Energy.Laser.ER.Large\")": "/Game/Objects/Mechs/Grasshopper/Model/Weapons/Weapon_Mech_GHR_Forearm_Right_EH1_Laser.Weapon_Mech_GHR_Forearm_Right_EH1_Laser_C",
				"(TagName=\"Weapon.Energy.Laser.ER.Large.Clan\")": "/Game/Objects/Mechs/Grasshopper/Model/Weapons/Weapon_Mech_GHR_Forearm_Right_EH1_Laser.Weapon_Mech_GHR_Forearm_Right_EH1_Laser_C",
				"(TagName=\"Weapon.Energy.Laser.Pulse.Large\")": "/Game/Objects/Mechs/Grasshopper/Model/Weapons/Weapon_Mech_GHR_Forearm_Right_EH1_Laser.Weapon_Mech_GHR_Forearm_Right_EH1_Laser_C",
				"(TagName=\"Weapon.Energy.Laser.ER.Medium.Clan\")": "/Game/Objects/Mechs/Grasshopper/Model/Weapons/Weapon_Mech_GHR_Forearm_Right_EH1_Laser.Weapon_Mech_GHR_Forearm_Right_EH1_Laser_C",
				"(TagName=\"Weapon.Energy.Laser.Pulse.Medium\")": "/Game/Objects/Mechs/Grasshopper/Model/Weapons/Weapon_Mech_GHR_Forearm_Right_EH1_Laser.Weapon_Mech_GHR_Forearm_Right_EH1_Laser_C",
				"(TagName=\"Weapon.Energy.Laser.Pulse.Medium.Clan\")": "/Game/Objects/Mechs/Grasshopper/Model/Weapons/Weapon_Mech_GHR_Forearm_Right_EH1_Laser.Weapon_Mech_GHR_Forearm_Right_EH1_Laser_C",
				"(TagName=\"Weapon.Energy.Laser.Standard.Small\")": "/Game/Objects/Mechs/Grasshopper/Model/Weapons/Weapon_Mech_GHR_Forearm_Right_EH1_Laser.Weapon_Mech_GHR_Forearm_Right_EH1_Laser_C",
				"(TagName=\"Weapon.Energy.Laser.Pulse.Small\")": "/Game/Objects/Mechs/Grasshopper/Model/Weapons/Weapon_Mech_GHR_Forearm_Right_EH1_Laser.Weapon_Mech_GHR_Forearm_Right_EH1_Laser_C",
				"(TagName=\"Weapon.Energy.TAG\")": "/Game/Objects/Mechs/Grasshopper/Model/Weapons/Weapon_Mech_GHR_Forearm_Right_EH1_Laser.Weapon_Mech_GHR_Forearm_Right_EH1_Laser_C",
				"(TagName=\"Weapon.Energy.Flamer\")": "/Game/Objects/Mechs/Grasshopper/Model/Weapons/Weapon_Mech_GHR_Forearm_Right_EH1_Flamer.Weapon_Mech_GHR_Forearm_Right_EH1_Flamer_C",
				"(TagName=\"Weapon.Energy.ParticleCannon\")": "/Game/Objects/Mechs/Grasshopper/Model/Weapons/Weapon_Mech_GHR_Forearm_Right_EH1_SNPPC.Weapon_Mech_GHR_Forearm_Right_EH1_SNPPC_C",
				"(TagName=\"Weapon\")": "/Game/Objects/Mechs/Grasshopper/Model/Weapons/Weapon_Mech_GHR_Forearm_Right_EH1_Laser.Weapon_Mech_GHR_Forearm_Right_EH1_Laser_C",
				"()": "/Game/Objects/Mechs/Grasshopper/Model/Weapons/Weapon_Mech_GHR_Forearm_Right_EB1_Blank.Weapon_Mech_GHR_Forearm_Right_EB1_Blank_C"
			}
		},
		{
			"hardpointSlotId": "Forearm_Right_EH2_mediumlaser",
			"mechSkeletonSocketId": "Forearm_Right_Weapon",
			"mechPart": "RightArm",
			"bHideOnPartDestruction": true,
			"slotTypeAssetId":
			{
				"id": "MWSlotTypeDataAsset:MediumLaser_SlotType"
			},
			"hardpointVisuals":
			{
				"(TagName=\"Weapon.Energy.Laser.Standard.Medium\")": "/Game/Objects/Mechs/Grasshopper/Model/Weapons/Weapon_Mech_GHR_Forearm_Right_EH2_Laser.Weapon_Mech_GHR_Forearm_Right_EH2_Laser_C",
				"(TagName=\"Weapon.Energy.ParticleCannon.HPPC\")": "/Game/Objects/Mechs/Grasshopper/Model/Weapons/Weapon_Mech_GHR_Forearm_Right_EH2_HPPC.Weapon_Mech_GHR_Forearm_Right_EH2_HPPC_C",
				"(TagName=\"Weapon.Energy.ParticleCannon.PPC\")": "/Game/Objects/Mechs/Grasshopper/Model/Weapons/Weapon_Mech_GHR_Forearm_Right_EH2_PPC.Weapon_Mech_GHR_Forearm_Right_EH2_PPC_C",
				"(TagName=\"Weapon.Energy.ParticleCannon.ERPPC\")": "/Game/Objects/Mechs/Grasshopper/Model/Weapons/Weapon_Mech_GHR_Forearm_Right_EH2_PPC.Weapon_Mech_GHR_Forearm_Right_EH2_PPC_C",
				"(TagName=\"Weapon.Energy.ParticleCannon.SNPPC\")": "/Game/Objects/Mechs/Grasshopper/Model/Weapons/Weapon_Mech_GHR_Forearm_Right_EH2_SNPPC.Weapon_Mech_GHR_Forearm_Right_EH2_SNPPC_C",
				"(TagName=\"Weapon.Energy.ParticleCannon.LPPC\")": "/Game/Objects/Mechs/Grasshopper/Model/Weapons/Weapon_Mech_GHR_Forearm_Right_EH2_LPPC.Weapon_Mech_GHR_Forearm_Right_EH2_LPPC_C",
				"(TagName=\"Weapon.Energy.Laser.Standard.Large\")": "/Game/Objects/Mechs/Grasshopper/Model/Weapons/Weapon_Mech_GHR_Forearm_Right_EH2_Laser.Weapon_Mech_GHR_Forearm_Right_EH2_Laser_C",
				"(TagName=\"Weapon.Energy.Laser.ER.Large\")": "/Game/Objects/Mechs/Grasshopper/Model/Weapons/Weapon_Mech_GHR_Forearm_Right_EH2_Laser.Weapon_Mech_GHR_Forearm_Right_EH2_Laser_C",
				"(TagName=\"Weapon.Energy.Laser.ER.Large.Clan\")": "/Game/Objects/Mechs/Grasshopper/Model/Weapons/Weapon_Mech_GHR_Forearm_Right_EH2_Laser.Weapon_Mech_GHR_Forearm_Right_EH2_Laser_C",
				"(TagName=\"Weapon.Energy.Laser.Pulse.Large\")": "/Game/Objects/Mechs/Grasshopper/Model/Weapons/Weapon_Mech_GHR_Forearm_Right_EH2_Laser.Weapon_Mech_GHR_Forearm_Right_EH2_Laser_C",
				"(TagName=\"Weapon.Energy.Laser.ER.Medium.Clan\")": "/Game/Objects/Mechs/Grasshopper/Model/Weapons/Weapon_Mech_GHR_Forearm_Right_EH2_Laser.Weapon_Mech_GHR_Forearm_Right_EH2_Laser_C",
				"(TagName=\"Weapon.Energy.Laser.Pulse.Medium\")": "/Game/Objects/Mechs/Grasshopper/Model/Weapons/Weapon_Mech_GHR_Forearm_Right_EH2_Laser.Weapon_Mech_GHR_Forearm_Right_EH2_Laser_C",
				"(TagName=\"Weapon.Energy.Laser.Pulse.Medium.Clan\")": "/Game/Objects/Mechs/Grasshopper/Model/Weapons/Weapon_Mech_GHR_Forearm_Right_EH2_Laser.Weapon_Mech_GHR_Forearm_Right_EH2_Laser_C",
				"(TagName=\"Weapon.Energy.Laser.Standard.Small\")": "/Game/Objects/Mechs/Grasshopper/Model/Weapons/Weapon_Mech_GHR_Forearm_Right_EH2_Laser.Weapon_Mech_GHR_Forearm_Right_EH2_Laser_C",
				"(TagName=\"Weapon.Energy.Laser.Pulse.Small\")": "/Game/Objects/Mechs/Grasshopper/Model/Weapons/Weapon_Mech_GHR_Forearm_Right_EH2_Laser.Weapon_Mech_GHR_Forearm_Right_EH2_Laser_C",
				"(TagName=\"Weapon.Energy.TAG\")": "/Game/Objects/Mechs/Grasshopper/Model/Weapons/Weapon_Mech_GHR_Forearm_Right_EH2_Laser.Weapon_Mech_GHR_Forearm_Right_EH2_Laser_C",
				"(TagName=\"Weapon.Energy.Flamer\")": "/Game/Objects/Mechs/Grasshopper/Model/Weapons/Weapon_Mech_GHR_Forearm_Right_EH2_Flamer.Weapon_Mech_GHR_Forearm_Right_EH2_Flamer_C",
				"(TagName=\"Weapon.Energy.ParticleCannon\")": "/Game/Objects/Mechs/Grasshopper/Model/Weapons/Weapon_Mech_GHR_Forearm_Right_EH2_SNPPC.Weapon_Mech_GHR_Forearm_Right_EH2_SNPPC_C",
				"(TagName=\"Weapon\")": "/Game/Objects/Mechs/Grasshopper/Model/Weapons/Weapon_Mech_GHR_Forearm_Right_EH2_Laser.Weapon_Mech_GHR_Forearm_Right_EH2_Laser_C",
				"()": "/Game/Objects/Mechs/Grasshopper/Model/Weapons/Weapon_Mech_GHR_Forearm_Right_EB1_Blank.Weapon_Mech_GHR_Forearm_Right_EB1_Blank_C"
			}
		},
		{
			"hardpointSlotId": "Forearm_Left_EH1_mediumlaser",
			"mechSkeletonSocketId": "Forearm_Left_Weapon",
			"mechPart": "LeftArm",
			"bHideOnPartDestruction": true,
			"slotTypeAssetId":
			{
				"id": "MWSlotTypeDataAsset:MediumLaser_SlotType"
			},
			"hardpointVisuals":
			{
				"(TagName=\"Weapon.Energy.Laser.Standard.Medium\")": "/Game/Objects/Mechs/Grasshopper/Model/Weapons/Weapon_Mech_GHR_Forearm_Left_EH1_Laser.Weapon_Mech_GHR_Forearm_Left_EH1_Laser_C",
				"(TagName=\"Weapon.Energy.ParticleCannon.HPPC\")": "/Game/Objects/Mechs/Grasshopper/Model/Weapons/Weapon_Mech_GHR_Forearm_Left_EH1_HPPC.Weapon_Mech_GHR_Forearm_Left_EH1_HPPC_C",
				"(TagName=\"Weapon.Energy.ParticleCannon.PPC\")": "/Game/Objects/Mechs/Grasshopper/Model/Weapons/Weapon_Mech_GHR_Forearm_Left_EH1_PPC.Weapon_Mech_GHR_Forearm_Left_EH1_PPC_C",
				"(TagName=\"Weapon.Energy.ParticleCannon.ERPPC\")": "/Game/Objects/Mechs/Grasshopper/Model/Weapons/Weapon_Mech_GHR_Forearm_Left_EH1_PPC.Weapon_Mech_GHR_Forearm_Left_EH1_PPC_C",
				"(TagName=\"Weapon.Energy.ParticleCannon.SNPPC\")": "/Game/Objects/Mechs/Grasshopper/Model/Weapons/Weapon_Mech_GHR_Forearm_Left_EH1_SNPPC.Weapon_Mech_GHR_Forearm_Left_EH1_SNPPC_C",
				"(TagName=\"Weapon.Energy.ParticleCannon.LPPC\")": "/Game/Objects/Mechs/Grasshopper/Model/Weapons/Weapon_Mech_GHR_Forearm_Left_EH1_LPPC.Weapon_Mech_GHR_Forearm_Left_EH1_LPPC_C",
				"(TagName=\"Weapon.Energy.Laser.Standard.Large\")": "/Game/Objects/Mechs/Grasshopper/Model/Weapons/Weapon_Mech_GHR_Forearm_Left_EH1_Laser.Weapon_Mech_GHR_Forearm_Left_EH1_Laser_C",
				"(TagName=\"Weapon.Energy.Laser.ER.Large\")": "/Game/Objects/Mechs/Grasshopper/Model/Weapons/Weapon_Mech_GHR_Forearm_Left_EH1_Laser.Weapon_Mech_GHR_Forearm_Left_EH1_Laser_C",
				"(TagName=\"Weapon.Energy.Laser.ER.Large.Clan\")": "/Game/Objects/Mechs/Grasshopper/Model/Weapons/Weapon_Mech_GHR_Forearm_Left_EH1_Laser.Weapon_Mech_GHR_Forearm_Left_EH1_Laser_C",
				"(TagName=\"Weapon.Energy.Laser.Pulse.Large\")": "/Game/Objects/Mechs/Grasshopper/Model/Weapons/Weapon_Mech_GHR_Forearm_Left_EH1_Laser.Weapon_Mech_GHR_Forearm_Left_EH1_Laser_C",
				"(TagName=\"Weapon.Energy.Laser.ER.Medium.Clan\")": "/Game/Objects/Mechs/Grasshopper/Model/Weapons/Weapon_Mech_GHR_Forearm_Left_EH1_Laser.Weapon_Mech_GHR_Forearm_Left_EH1_Laser_C",
				"(TagName=\"Weapon.Energy.Laser.Pulse.Medium\")": "/Game/Objects/Mechs/Grasshopper/Model/Weapons/Weapon_Mech_GHR_Forearm_Left_EH1_Laser.Weapon_Mech_GHR_Forearm_Left_EH1_Laser_C",
				"(TagName=\"Weapon.Energy.Laser.Pulse.Medium.Clan\")": "/Game/Objects/Mechs/Grasshopper/Model/Weapons/Weapon_Mech_GHR_Forearm_Left_EH1_Laser.Weapon_Mech_GHR_Forearm_Left_EH1_Laser_C",
				"(TagName=\"Weapon.Energy.Laser.Standard.Small\")": "/Game/Objects/Mechs/Grasshopper/Model/Weapons/Weapon_Mech_GHR_Forearm_Left_EH1_Laser.Weapon_Mech_GHR_Forearm_Left_EH1_Laser_C",
				"(TagName=\"Weapon.Energy.Laser.Pulse.Small\")": "/Game/Objects/Mechs/Grasshopper/Model/Weapons/Weapon_Mech_GHR_Forearm_Left_EH1_Laser.Weapon_Mech_GHR_Forearm_Left_EH1_Laser_C",
				"(TagName=\"Weapon.Energy.TAG\")": "/Game/Objects/Mechs/Grasshopper/Model/Weapons/Weapon_Mech_GHR_Forearm_Left_EH1_Laser.Weapon_Mech_GHR_Forearm_Left_EH1_Laser_C",
				"(TagName=\"Weapon.Energy.Flamer\")": "/Game/Objects/Mechs/Grasshopper/Model/Weapons/Weapon_Mech_GHR_Forearm_Left_EH1_Flamer.Weapon_Mech_GHR_Forearm_Left_EH1_Flamer_C",
				"(TagName=\"Weapon.Energy.ParticleCannon\")": "/Game/Objects/Mechs/Grasshopper/Model/Weapons/Weapon_Mech_GHR_Forearm_Left_EH1_SNPPC.Weapon_Mech_GHR_Forearm_Left_EH1_SNPPC_C",
				"(TagName=\"Weapon\")": "/Game/Objects/Mechs/Grasshopper/Model/Weapons/Weapon_Mech_GHR_Forearm_Left_EH1_Laser.Weapon_Mech_GHR_Forearm_Left_EH1_Laser_C",
				"()": "/Game/Objects/Mechs/Grasshopper/Model/Weapons/Weapon_Mech_GHR_Forearm_Left_EB1_Blank.Weapon_Mech_GHR_Forearm_Left_EB1_Blank_C"
			}
		},
		{
			"hardpointSlotId": "Forearm_Left_EH2_mediumlaser",
			"mechSkeletonSocketId": "Forearm_Left_Weapon",
			"mechPart": "LeftArm",
			"bHideOnPartDestruction": true,
			"slotTypeAssetId":
			{
				"id": "MWSlotTypeDataAsset:MediumLaser_SlotType"
			},
			"hardpointVisuals":
			{
				"(TagName=\"Weapon.Energy.Laser.Standard.Medium\")": "/Game/Objects/Mechs/Grasshopper/Model/Weapons/Weapon_Mech_GHR_Forearm_Left_EH2_Laser.Weapon_Mech_GHR_Forearm_Left_EH2_Laser_C",
				"(TagName=\"Weapon.Energy.ParticleCannon.HPPC\")": "/Game/Objects/Mechs/Grasshopper/Model/Weapons/Weapon_Mech_GHR_Forearm_Left_EH2_HPPC.Weapon_Mech_GHR_Forearm_Left_EH2_HPPC_C",
				"(TagName=\"Weapon.Energy.ParticleCannon.PPC\")": "/Game/Objects/Mechs/Grasshopper/Model/Weapons/Weapon_Mech_GHR_Forearm_Left_EH2_PPC.Weapon_Mech_GHR_Forearm_Left_EH2_PPC_C",
				"(TagName=\"Weapon.Energy.ParticleCannon.ERPPC\")": "/Game/Objects/Mechs/Grasshopper/Model/Weapons/Weapon_Mech_GHR_Forearm_Left_EH2_PPC.Weapon_Mech_GHR_Forearm_Left_EH2_PPC_C",
				"(TagName=\"Weapon.Energy.ParticleCannon.SNPPC\")": "/Game/Objects/Mechs/Grasshopper/Model/Weapons/Weapon_Mech_GHR_Forearm_Left_EH2_SNPPC.Weapon_Mech_GHR_Forearm_Left_EH2_SNPPC_C",
				"(TagName=\"Weapon.Energy.ParticleCannon.LPPC\")": "/Game/Objects/Mechs/Grasshopper/Model/Weapons/Weapon_Mech_GHR_Forearm_Left_EH2_LPPC.Weapon_Mech_GHR_Forearm_Left_EH2_LPPC_C",
				"(TagName=\"Weapon.Energy.Laser.Standard.Large\")": "/Game/Objects/Mechs/Grasshopper/Model/Weapons/Weapon_Mech_GHR_Forearm_Left_EH2_Laser.Weapon_Mech_GHR_Forearm_Left_EH2_Laser_C",
				"(TagName=\"Weapon.Energy.Laser.ER.Large\")": "/Game/Objects/Mechs/Grasshopper/Model/Weapons/Weapon_Mech_GHR_Forearm_Left_EH2_Laser.Weapon_Mech_GHR_Forearm_Left_EH2_Laser_C",
				"(TagName=\"Weapon.Energy.Laser.ER.Large.Clan\")": "/Game/Objects/Mechs/Grasshopper/Model/Weapons/Weapon_Mech_GHR_Forearm_Left_EH2_Laser.Weapon_Mech_GHR_Forearm_Left_EH2_Laser_C",
				"(TagName=\"Weapon.Energy.Laser.Pulse.Large\")": "/Game/Objects/Mechs/Grasshopper/Model/Weapons/Weapon_Mech_GHR_Forearm_Left_EH2_Laser.Weapon_Mech_GHR_Forearm_Left_EH2_Laser_C",
				"(TagName=\"Weapon.Energy.Laser.ER.Medium.Clan\")": "/Game/Objects/Mechs/Grasshopper/Model/Weapons/Weapon_Mech_GHR_Forearm_Left_EH2_Laser.Weapon_Mech_GHR_Forearm_Left_EH2_Laser_C",
				"(TagName=\"Weapon.Energy.Laser.Pulse.Medium\")": "/Game/Objects/Mechs/Grasshopper/Model/Weapons/Weapon_Mech_GHR_Forearm_Left_EH2_Laser.Weapon_Mech_GHR_Forearm_Left_EH2_Laser_C",
				"(TagName=\"Weapon.Energy.Laser.Pulse.Medium.Clan\")": "/Game/Objects/Mechs/Grasshopper/Model/Weapons/Weapon_Mech_GHR_Forearm_Left_EH2_Laser.Weapon_Mech_GHR_Forearm_Left_EH2_Laser_C",
				"(TagName=\"Weapon.Energy.Laser.Standard.Small\")": "/Game/Objects/Mechs/Grasshopper/Model/Weapons/Weapon_Mech_GHR_Forearm_Left_EH2_Laser.Weapon_Mech_GHR_Forearm_Left_EH2_Laser_C",
				"(TagName=\"Weapon.Energy.Laser.Pulse.Small\")": "/Game/Objects/Mechs/Grasshopper/Model/Weapons/Weapon_Mech_GHR_Forearm_Left_EH2_Laser.Weapon_Mech_GHR_Forearm_Left_EH2_Laser_C",
				"(TagName=\"Weapon.Energy.TAG\")": "/Game/Objects/Mechs/Grasshopper/Model/Weapons/Weapon_Mech_GHR_Forearm_Left_EH2_Laser.Weapon_Mech_GHR_Forearm_Left_EH2_Laser_C",
				"(TagName=\"Weapon.Energy.Flamer\")": "/Game/Objects/Mechs/Grasshopper/Model/Weapons/Weapon_Mech_GHR_Forearm_Left_EH2_Flamer.Weapon_Mech_GHR_Forearm_Left_EH2_Flamer_C",
				"(TagName=\"Weapon.Energy.ParticleCannon\")": "/Game/Objects/Mechs/Grasshopper/Model/Weapons/Weapon_Mech_GHR_Forearm_Left_EH2_SNPPC.Weapon_Mech_GHR_Forearm_Left_EH2_SNPPC_C",
				"(TagName=\"Weapon\")": "/Game/Objects/Mechs/Grasshopper/Model/Weapons/Weapon_Mech_GHR_Forearm_Left_EH2_Laser.Weapon_Mech_GHR_Forearm_Left_EH2_Laser_C",
				"()": "/Game/Objects/Mechs/Grasshopper/Model/Weapons/Weapon_Mech_GHR_Forearm_Left_EB1_Blank.Weapon_Mech_GHR_Forearm_Left_EB1_Blank_C"
			}
		},
		{
			"hardpointSlotId": "Head_MH1_Missile2_streaksrm2",
			"mechSkeletonSocketId": "Torso_Weapon",
			"mechPart": "Head",
			"bHideOnPartDestruction": false,
			"slotTypeAssetId":
			{
				"id": "MWSlotTypeDataAsset:StreakSRM2_SlotType"
			},
			"hardpointVisuals":
			{
				"(TagName=\"Weapon.Missile.SRM.Streak.SRM2\")": "/Game/Objects/Mechs/Grasshopper/Model/Weapons/Weapon_Mech_GHR_Head_MH1_Missile2.Weapon_Mech_GHR_Head_MH1_Missile2_C",
				"(TagName=\"Weapon.Missile.LRM.LRM5\")": "/Game/Objects/Mechs/Grasshopper/Model/Weapons/Weapon_Mech_GHR_Head_MH1_Missile5.Weapon_Mech_GHR_Head_MH1_Missile5_C",
				"(TagName=\"Weapon.ArtemisMissile.LRM.LRM5\")": "/Game/Objects/Mechs/Grasshopper/Model/Weapons/Weapon_Mech_GHR_Head_MH1_Missile5.Weapon_Mech_GHR_Head_MH1_Missile5_C",
				"(TagName=\"Weapon.Missile.SRM.SRM4\")": "/Game/Objects/Mechs/Grasshopper/Model/Weapons/Weapon_Mech_GHR_Head_MH1_Missile4.Weapon_Mech_GHR_Head_MH1_Missile4_C",
				"(TagName=\"Weapon.ArtemisMissile.SRM.SRM4\")": "/Game/Objects/Mechs/Grasshopper/Model/Weapons/Weapon_Mech_GHR_Head_MH1_Missile4.Weapon_Mech_GHR_Head_MH1_Missile4_C",
				"(TagName=\"Weapon.Missile.SRM.SRM2\")": "/Game/Objects/Mechs/Grasshopper/Model/Weapons/Weapon_Mech_GHR_Head_MH1_Missile2.Weapon_Mech_GHR_Head_MH1_Missile2_C",
				"(TagName=\"Weapon.ArtemisMissile.SRM.SRM2\")": "/Game/Objects/Mechs/Grasshopper/Model/Weapons/Weapon_Mech_GHR_Head_MH1_Missile2.Weapon_Mech_GHR_Head_MH1_Missile2_C",
				"(TagName=\"Weapon.Missile.Rocket10\")": "/Game/Objects/Mechs/Grasshopper/Model/Weapons/Weapon_Mech_GHR_Head_MH1_Rl10.Weapon_Mech_GHR_Head_MH1_Rl10_C",
				"(TagName=\"Weapon\")": "/Game/Objects/Mechs/Grasshopper/Model/Weapons/Weapon_Mech_GHR_Head_MH1_Missile2.Weapon_Mech_GHR_Head_MH1_Missile2_C",
				"()": "/Game/Objects/Mechs/Grasshopper/Model/Weapons/Weapon_Mech_GHR_Head_GB1_Blank.Weapon_Mech_GHR_Head_GB1_Blank_C"
			}
		},
		{
			"hardpointSlotId": "Torso_Center_EH1_erlargelaser",
			"mechSkeletonSocketId": "Torso_Weapon",
			"mechPart": "CenterTorso",
			"bHideOnPartDestruction": false,
			"slotTypeAssetId":
			{
				"id": "MWSlotTypeDataAsset:ERLargeLaser_SlotType"
			},
			"hardpointVisuals":
			{
				"(TagName=\"Weapon.Energy.Laser.ER.Large\")": "/Game/Objects/Mechs/Grasshopper/Model/Weapons/Weapon_Mech_GHR_Torso_Center_EH1_Laser.Weapon_Mech_GHR_Torso_Center_EH1_Laser_C",
				"(TagName=\"Weapon.Energy.ParticleCannon.SNPPC\")": "/Game/Objects/Mechs/Grasshopper/Model/Weapons/Weapon_Mech_GHR_Torso_Center_EH1_SNPPC.Weapon_Mech_GHR_Torso_Center_EH1_SNPPC_C",
				"(TagName=\"Weapon.Energy.ParticleCannon.LPPC\")": "/Game/Objects/Mechs/Grasshopper/Model/Weapons/Weapon_Mech_GHR_Torso_Center_EH1_LPPC.Weapon_Mech_GHR_Torso_Center_EH1_LPPC_C",
				"(TagName=\"Weapon.Energy.Laser.Standard.Large\")": "/Game/Objects/Mechs/Grasshopper/Model/Weapons/Weapon_Mech_GHR_Torso_Center_EH1_Laser.Weapon_Mech_GHR_Torso_Center_EH1_Laser_C",
				"(TagName=\"Weapon.Energy.Laser.ER.Large.Clan\")": "/Game/Objects/Mechs/Grasshopper/Model/Weapons/Weapon_Mech_GHR_Torso_Center_EH1_Laser.Weapon_Mech_GHR_Torso_Center_EH1_Laser_C",
				"(TagName=\"Weapon.Energy.Laser.Pulse.Large\")": "/Game/Objects/Mechs/Grasshopper/Model/Weapons/Weapon_Mech_GHR_Torso_Center_EH1_Laser.Weapon_Mech_GHR_Torso_Center_EH1_Laser_C",
				"(TagName=\"Weapon.Energy.Laser.Standard.Medium\")": "/Game/Objects/Mechs/Grasshopper/Model/Weapons/Weapon_Mech_GHR_Torso_Center_EH1_Laser.Weapon_Mech_GHR_Torso_Center_EH1_Laser_C",
				"(TagName=\"Weapon.Energy.Laser.ER.Medium.Clan\")": "/Game/Objects/Mechs/Grasshopper/Model/Weapons/Weapon_Mech_GHR_Torso_Center_EH1_Laser.Weapon_Mech_GHR_Torso_Center_EH1_Laser_C",
				"(TagName=\"Weapon.Energy.Laser.Pulse.Medium\")": "/Game/Objects/Mechs/Grasshopper/Model/Weapons/Weapon_Mech_GHR_Torso_Center_EH1_Laser.Weapon_Mech_GHR_Torso_Center_EH1_Laser_C",
				"(TagName=\"Weapon.Energy.Laser.Pulse.Medium.Clan\")": "/Game/Objects/Mechs/Grasshopper/Model/Weapons/Weapon_Mech_GHR_Torso_Center_EH1_Laser.Weapon_Mech_GHR_Torso_Center_EH1_Laser_C",
				"(TagName=\"Weapon.Energy.Laser.Standard.Small\")": "/Game/Objects/Mechs/Grasshopper/Model/Weapons/Weapon_Mech_GHR_Torso_Center_EH1_Laser.Weapon_Mech_GHR_Torso_Center_EH1_Laser_C",
				"(TagName=\"Weapon.Energy.Laser.Pulse.Small\")": "/Game/Objects/Mechs/Grasshopper/Model/Weapons/Weapon_Mech_GHR_Torso_Center_EH1_Laser.Weapon_Mech_GHR_Torso_Center_EH1_Laser_C",
				"(TagName=\"Weapon.Energy.TAG\")": "/Game/Objects/Mechs/Grasshopper/Model/Weapons/Weapon_Mech_GHR_Torso_Center_EH1_Laser.Weapon_Mech_GHR_Torso_Center_EH1_Laser_C",
				"(TagName=\"Weapon.Energy.Flamer\")": "/Game/Objects/Mechs/Grasshopper/Model/Weapons/Weapon_Mech_GHR_Torso_Center_EH1_Flamer.Weapon_Mech_GHR_Torso_Center_EH1_Flamer_C",
				"(TagName=\"Weapon.Energy.ParticleCannon\")": "/Game/Objects/Mechs/Grasshopper/Model/Weapons/Weapon_Mech_GHR_Torso_Center_EH1_SNPPC.Weapon_Mech_GHR_Torso_Center_EH1_SNPPC_C",
				"(TagName=\"Weapon\")": "/Game/Objects/Mechs/Grasshopper/Model/Weapons/Weapon_Mech_GHR_Torso_Center_EH1_Laser.Weapon_Mech_GHR_Torso_Center_EH1_Laser_C",
				"()": "/Game/Objects/Mechs/Grasshopper/Model/Weapons/Weapon_Mech_GHR_Torso_Center_EB1_Blank.Weapon_Mech_GHR_Torso_Center_EB1_Blank_C"
			}
		},
		{
			"hardpointSlotId": "Torso_Right_AH1_antimissilesystem",
			"mechSkeletonSocketId": "Torso_Weapon",
			"mechPart": "RightTorso",
			"bHideOnPartDestruction": true,
			"slotTypeAssetId":
			{
				"id": "MWSlotTypeDataAsset:AMS_SlotType"
			},
			"hardpointVisuals":
			{
				"(TagName=\"Weapon.AMS\")": "/Game/Objects/Mechs/Grasshopper/Model/Weapons/Weapon_Mech_GHR_Torso_Right_AH1_AMS.Weapon_Mech_GHR_Torso_Right_AH1_AMS_C",
				"(TagName=\"Weapon.Energy.LAMS\")": "/Game/Objects/Mechs/Grasshopper/Model/Weapons/Weapon_Mech_GHR_Torso_Right_AH1_LAMS.Weapon_Mech_GHR_Torso_Right_AH1_LAMS_C",
				"(TagName=\"Weapon\")": "/Game/Objects/Mechs/Grasshopper/Model/Weapons/Weapon_Mech_GHR_Torso_Right_AH1_AMS.Weapon_Mech_GHR_Torso_Right_AH1_AMS_C",
				"()": "None"
			}
		},
		{
			"hardpointSlotId": "Torso_Left_AH1_antimissilesystem",
			"mechSkeletonSocketId": "Torso_Weapon",
			"mechPart": "LeftTorso",
			"bHideOnPartDestruction": true,
			"slotTypeAssetId":
			{
				"id": "MWSlotTypeDataAsset:AMS_SlotType"
			},
			"hardpointVisuals":
			{
				"(TagName=\"Weapon.AMS\")": "/Game/Objects/Mechs/Grasshopper/Model/Weapons/Weapon_Mech_GHR_Torso_Left_AH1_AMS.Weapon_Mech_GHR_Torso_Left_AH1_AMS_C",
				"(TagName=\"Weapon.Energy.LAMS\")": "/Game/Objects/Mechs/Grasshopper/Model/Weapons/Weapon_Mech_GHR_Torso_Left_AH1_LAMS.Weapon_Mech_GHR_Torso_Left_AH1_LAMS_C",
				"(TagName=\"Weapon\")": "/Game/Objects/Mechs/Grasshopper/Model/Weapons/Weapon_Mech_GHR_Torso_Left_AH1_AMS.Weapon_Mech_GHR_Torso_Left_AH1_AMS_C",
				"()": "None"
			}
		},
		{
			"hardpointSlotId": "Torso_Left_EB2_blank",
			"mechSkeletonSocketId": "Torso_Weapon",
			"mechPart": "LeftTorso",
			"bHideOnPartDestruction": false,
			"slotTypeAssetId":
			{
				"id": ""
			},
			"hardpointVisuals":
			{
				"(TagName=\"None\")": "/Game/Objects/Mechs/Grasshopper/Model/Weapons/Weapon_Mech_GHR_Torso_Left_EB2_Blank.Weapon_Mech_GHR_Torso_Left_EB2_Blank_C",
				"(TagName=\"Weapon\")": "/Game/Objects/Mechs/Grasshopper/Model/Weapons/Weapon_Mech_GHR_Torso_Left_EB2_Blank.Weapon_Mech_GHR_Torso_Left_EB2_Blank_C",
				"()": "/Game/Objects/Mechs/Grasshopper/Model/Weapons/Weapon_Mech_GHR_Torso_Left_EB2_Blank.Weapon_Mech_GHR_Torso_Left_EB2_Blank_C"
			}
		},
		{
			"hardpointSlotId": "Torso_Right_EB2_blank",
			"mechSkeletonSocketId": "Torso_Weapon",
			"mechPart": "RightTorso",
			"bHideOnPartDestruction": false,
			"slotTypeAssetId":
			{
				"id": ""
			},
			"hardpointVisuals":
			{
				"(TagName=\"None\")": "/Game/Objects/Mechs/Grasshopper/Model/Weapons/Weapon_Mech_GHR_Torso_Right_EB2_Blank.Weapon_Mech_GHR_Torso_Right_EB2_Blank_C",
				"(TagName=\"Weapon\")": "/Game/Objects/Mechs/Grasshopper/Model/Weapons/Weapon_Mech_GHR_Torso_Right_EB2_Blank.Weapon_Mech_GHR_Torso_Right_EB2_Blank_C",
				"()": "/Game/Objects/Mechs/Grasshopper/Model/Weapons/Weapon_Mech_GHR_Torso_Right_EB2_Blank.Weapon_Mech_GHR_Torso_Right_EB2_Blank_C"
			}
		},
		{
			"hardpointSlotId": "Head_EH1_Laser_mediumlaser",
			"mechSkeletonSocketId": "Torso_Weapon",
			"mechPart": "Head",
			"bHideOnPartDestruction": false,
			"slotTypeAssetId":
			{
				"id": "MWSlotTypeDataAsset:MediumLaser_SlotType"
			},
			"hardpointVisuals":
			{
				"(TagName=\"Weapon.Energy.Laser.Standard.Medium\")": "/Game/Objects/Mechs/Grasshopper/Model/Weapons/Weapon_Mech_GHR_Head_EH1_Laser.Weapon_Mech_GHR_Head_EH1_Laser_C",
				"(TagName=\"Weapon.Energy.Laser.Standard.Large\")": "/Game/Objects/Mechs/Grasshopper/Model/Weapons/Weapon_Mech_GHR_Head_EH1_Laser.Weapon_Mech_GHR_Head_EH1_Laser_C",
				"(TagName=\"Weapon.Energy.Laser.ER.Large\")": "/Game/Objects/Mechs/Grasshopper/Model/Weapons/Weapon_Mech_GHR_Head_EH1_Laser.Weapon_Mech_GHR_Head_EH1_Laser_C",
				"(TagName=\"Weapon.Energy.Laser.ER.Large.Clan\")": "/Game/Objects/Mechs/Grasshopper/Model/Weapons/Weapon_Mech_GHR_Head_EH1_Laser.Weapon_Mech_GHR_Head_EH1_Laser_C",
				"(TagName=\"Weapon.Energy.Laser.Pulse.Large\")": "/Game/Objects/Mechs/Grasshopper/Model/Weapons/Weapon_Mech_GHR_Head_EH1_Laser.Weapon_Mech_GHR_Head_EH1_Laser_C",
				"(TagName=\"Weapon.Energy.Laser.ER.Medium.Clan\")": "/Game/Objects/Mechs/Grasshopper/Model/Weapons/Weapon_Mech_GHR_Head_EH1_Laser.Weapon_Mech_GHR_Head_EH1_Laser_C",
				"(TagName=\"Weapon.Energy.Laser.Pulse.Medium\")": "/Game/Objects/Mechs/Grasshopper/Model/Weapons/Weapon_Mech_GHR_Head_EH1_Laser.Weapon_Mech_GHR_Head_EH1_Laser_C",
				"(TagName=\"Weapon.Energy.Laser.Pulse.Medium.Clan\")": "/Game/Objects/Mechs/Grasshopper/Model/Weapons/Weapon_Mech_GHR_Head_EH1_Laser.Weapon_Mech_GHR_Head_EH1_Laser_C",
				"(TagName=\"Weapon.Energy.Laser.Standard.Small\")": "/Game/Objects/Mechs/Grasshopper/Model/Weapons/Weapon_Mech_GHR_Head_EH1_Laser.Weapon_Mech_GHR_Head_EH1_Laser_C",
				"(TagName=\"Weapon.Energy.Laser.Pulse.Small\")": "/Game/Objects/Mechs/Grasshopper/Model/Weapons/Weapon_Mech_GHR_Head_EH1_Laser.Weapon_Mech_GHR_Head_EH1_Laser_C",
				"(TagName=\"Weapon.Energy.TAG\")": "/Game/Objects/Mechs/Grasshopper/Model/Weapons/Weapon_Mech_GHR_Head_EH1_Laser.Weapon_Mech_GHR_Head_EH1_Laser_C",
				"(TagName=\"Weapon.Energy.Flamer\")": "/Game/Objects/Mechs/Grasshopper/Model/Weapons/Weapon_Mech_GHR_Head_EH1_Flamer.Weapon_Mech_GHR_Head_EH1_Flamer_C",
				"(TagName=\"Weapon\")": "/Game/Objects/Mechs/Grasshopper/Model/Weapons/Weapon_Mech_GHR_Head_EH1_Laser.Weapon_Mech_GHR_Head_EH1_Laser_C",
				"()": "/Game/Objects/Mechs/Grasshopper/Model/Weapons/Weapon_Mech_GHR_Head_GB1_Blank.Weapon_Mech_GHR_Head_GB1_Blank_C"
			}
		},
		{
			"hardpointSlotId": "Torso_Right_EH1_ppc",
			"mechSkeletonSocketId": "Torso_Weapon",
			"mechPart": "RightTorso",
			"bHideOnPartDestruction": false,
			"slotTypeAssetId":
			{
				"id": "MWSlotTypeDataAsset:PPC_SlotType"
			},
			"hardpointVisuals":
			{
				"(TagName=\"Weapon.Energy.ParticleCannon.PPC\")": "/Game/Objects/Mechs/Grasshopper/Model/Weapons/Weapon_Mech_GHR_Torso_Right_EH1_PPC.Weapon_Mech_GHR_Torso_Right_EH1_PPC_C",
				"(TagName=\"Weapon.Energy.ParticleCannon.HPPC\")": "/Game/Objects/Mechs/Grasshopper/Model/Weapons/Weapon_Mech_GHR_Torso_Right_EH1_HPPC.Weapon_Mech_GHR_Torso_Right_EH1_HPPC_C",
				"(TagName=\"Weapon.Energy.ParticleCannon.ERPPC\")": "/Game/Objects/Mechs/Grasshopper/Model/Weapons/Weapon_Mech_GHR_Torso_Right_EH1_PPC.Weapon_Mech_GHR_Torso_Right_EH1_PPC_C",
				"(TagName=\"Weapon.Energy.ParticleCannon.SNPPC\")": "/Game/Objects/Mechs/Grasshopper/Model/Weapons/Weapon_Mech_GHR_Torso_Right_EH1_SNPPC.Weapon_Mech_GHR_Torso_Right_EH1_SNPPC_C",
				"(TagName=\"Weapon.Energy.ParticleCannon.LPPC\")": "/Game/Objects/Mechs/Grasshopper/Model/Weapons/Weapon_Mech_GHR_Torso_Right_EH1_LPPC.Weapon_Mech_GHR_Torso_Right_EH1_LPPC_C",
				"(TagName=\"Weapon.Energy.Laser.Standard.Large\")": "/Game/Objects/Mechs/Grasshopper/Model/Weapons/Weapon_Mech_GHR_Torso_Right_EH1_Laser.Weapon_Mech_GHR_Torso_Right_EH1_Laser_C",
				"(TagName=\"Weapon.Energy.Laser.ER.Large\")": "/Game/Objects/Mechs/Grasshopper/Model/Weapons/Weapon_Mech_GHR_Torso_Right_EH1_Laser.Weapon_Mech_GHR_Torso_Right_EH1_Laser_C",
				"(TagName=\"Weapon.Energy.Laser.ER.Large.Clan\")": "/Game/Objects/Mechs/Grasshopper/Model/Weapons/Weapon_Mech_GHR_Torso_Right_EH1_Laser.Weapon_Mech_GHR_Torso_Right_EH1_Laser_C",
				"(TagName=\"Weapon.Energy.Laser.Pulse.Large\")": "/Game/Objects/Mechs/Grasshopper/Model/Weapons/Weapon_Mech_GHR_Torso_Right_EH1_Laser.Weapon_Mech_GHR_Torso_Right_EH1_Laser_C",
				"(TagName=\"Weapon.Energy.Laser.Standard.Medium\")": "/Game/Objects/Mechs/Grasshopper/Model/Weapons/Weapon_Mech_GHR_Torso_Right_EH1_Laser.Weapon_Mech_GHR_Torso_Right_EH1_Laser_C",
				"(TagName=\"Weapon.Energy.Laser.ER.Medium.Clan\")": "/Game/Objects/Mechs/Grasshopper/Model/Weapons/Weapon_Mech_GHR_Torso_Right_EH1_Laser.Weapon_Mech_GHR_Torso_Right_EH1_Laser_C",
				"(TagName=\"Weapon.Energy.Laser.Pulse.Medium\")": "/Game/Objects/Mechs/Grasshopper/Model/Weapons/Weapon_Mech_GHR_Torso_Right_EH1_Laser.Weapon_Mech_GHR_Torso_Right_EH1_Laser_C",
				"(TagName=\"Weapon.Energy.Laser.Pulse.Medium.Clan\")": "/Game/Objects/Mechs/Grasshopper/Model/Weapons/Weapon_Mech_GHR_Torso_Right_EH1_Laser.Weapon_Mech_GHR_Torso_Right_EH1_Laser_C",
				"(TagName=\"Weapon.Energy.Laser.Standard.Small\")": "/Game/Objects/Mechs/Grasshopper/Model/Weapons/Weapon_Mech_GHR_Torso_Right_EH1_Laser.Weapon_Mech_GHR_Torso_Right_EH1_Laser_C",
				"(TagName=\"Weapon.Energy.Laser.Pulse.Small\")": "/Game/Objects/Mechs/Grasshopper/Model/Weapons/Weapon_Mech_GHR_Torso_Right_EH1_Laser.Weapon_Mech_GHR_Torso_Right_EH1_Laser_C",
				"(TagName=\"Weapon.Energy.TAG\")": "/Game/Objects/Mechs/Grasshopper/Model/Weapons/Weapon_Mech_GHR_Torso_Right_EH1_Laser.Weapon_Mech_GHR_Torso_Right_EH1_Laser_C",
				"(TagName=\"Weapon.Energy.Flamer\")": "/Game/Objects/Mechs/Grasshopper/Model/Weapons/Weapon_Mech_GHR_Torso_Right_EH1_Flamer.Weapon_Mech_GHR_Torso_Right_EH1_Flamer_C",
				"(TagName=\"Weapon.Energy.ParticleCannon\")": "/Game/Objects/Mechs/Grasshopper/Model/Weapons/Weapon_Mech_GHR_Torso_Right_EH1_SNPPC.Weapon_Mech_GHR_Torso_Right_EH1_SNPPC_C",
				"(TagName=\"Weapon\")": "/Game/Objects/Mechs/Grasshopper/Model/Weapons/Weapon_Mech_GHR_Torso_Right_EH1_PPC.Weapon_Mech_GHR_Torso_Right_EH1_PPC_C",
				"()": "/Game/Objects/Mechs/Grasshopper/Model/Weapons/Weapon_Mech_GHR_Torso_Right_EB2_Blank.Weapon_Mech_GHR_Torso_Right_EB2_Blank_C"
			}
		},
		{
			"hardpointSlotId": "Torso_Right_EH2_mediumlaser",
			"mechSkeletonSocketId": "Torso_Weapon",
			"mechPart": "RightTorso",
			"bHideOnPartDestruction": false,
			"slotTypeAssetId":
			{
				"id": "MWSlotTypeDataAsset:MediumLaser_SlotType"
			},
			"hardpointVisuals":
			{
				"(TagName=\"Weapon.Energy.Laser.Standard.Medium\")": "/Game/Objects/Mechs/Grasshopper/Model/Weapons/Weapon_Mech_GHR_Torso_Right_EH2_Laser.Weapon_Mech_GHR_Torso_Right_EH2_Laser_C",
				"(TagName=\"Weapon.Energy.ParticleCannon.HPPC\")": "/Game/Objects/Mechs/Grasshopper/Model/Weapons/Weapon_Mech_GHR_Torso_Right_EH2_HPPC.Weapon_Mech_GHR_Torso_Right_EH2_HPPC_C",
				"(TagName=\"Weapon.Energy.ParticleCannon.PPC\")": "/Game/Objects/Mechs/Grasshopper/Model/Weapons/Weapon_Mech_GHR_Torso_Right_EH2_PPC.Weapon_Mech_GHR_Torso_Right_EH2_PPC_C",
				"(TagName=\"Weapon.Energy.ParticleCannon.ERPPC\")": "/Game/Objects/Mechs/Grasshopper/Model/Weapons/Weapon_Mech_GHR_Torso_Right_EH2_PPC.Weapon_Mech_GHR_Torso_Right_EH2_PPC_C",
				"(TagName=\"Weapon.Energy.ParticleCannon.SNPPC\")": "/Game/Objects/Mechs/Grasshopper/Model/Weapons/Weapon_Mech_GHR_Torso_Right_EH2_SNPPC.Weapon_Mech_GHR_Torso_Right_EH2_SNPPC_C",
				"(TagName=\"Weapon.Energy.ParticleCannon.LPPC\")": "/Game/Objects/Mechs/Grasshopper/Model/Weapons/Weapon_Mech_GHR_Torso_Right_EH2_LPPC.Weapon_Mech_GHR_Torso_Right_EH2_LPPC_C",
				"(TagName=\"Weapon.Energy.Laser.Standard.Large\")": "/Game/Objects/Mechs/Grasshopper/Model/Weapons/Weapon_Mech_GHR_Torso_Right_EH2_Laser.Weapon_Mech_GHR_Torso_Right_EH2_Laser_C",
				"(TagName=\"Weapon.Energy.Laser.ER.Large\")": "/Game/Objects/Mechs/Grasshopper/Model/Weapons/Weapon_Mech_GHR_Torso_Right_EH2_Laser.Weapon_Mech_GHR_Torso_Right_EH2_Laser_C",
				"(TagName=\"Weapon.Energy.Laser.ER.Large.Clan\")": "/Game/Objects/Mechs/Grasshopper/Model/Weapons/Weapon_Mech_GHR_Torso_Right_EH2_Laser.Weapon_Mech_GHR_Torso_Right_EH2_Laser_C",
				"(TagName=\"Weapon.Energy.Laser.Pulse.Large\")": "/Game/Objects/Mechs/Grasshopper/Model/Weapons/Weapon_Mech_GHR_Torso_Right_EH2_Laser.Weapon_Mech_GHR_Torso_Right_EH2_Laser_C",
				"(TagName=\"Weapon.Energy.Laser.ER.Medium.Clan\")": "/Game/Objects/Mechs/Grasshopper/Model/Weapons/Weapon_Mech_GHR_Torso_Right_EH2_Laser.Weapon_Mech_GHR_Torso_Right_EH2_Laser_C",
				"(TagName=\"Weapon.Energy.Laser.Pulse.Medium\")": "/Game/Objects/Mechs/Grasshopper/Model/Weapons/Weapon_Mech_GHR_Torso_Right_EH2_Laser.Weapon_Mech_GHR_Torso_Right_EH2_Laser_C",
				"(TagName=\"Weapon.Energy.Laser.Pulse.Medium.Clan\")": "/Game/Objects/Mechs/Grasshopper/Model/Weapons/Weapon_Mech_GHR_Torso_Right_EH2_Laser.Weapon_Mech_GHR_Torso_Right_EH2_Laser_C",
				"(TagName=\"Weapon.Energy.Laser.Standard.Small\")": "/Game/Objects/Mechs/Grasshopper/Model/Weapons/Weapon_Mech_GHR_Torso_Right_EH2_Laser.Weapon_Mech_GHR_Torso_Right_EH2_Laser_C",
				"(TagName=\"Weapon.Energy.Laser.Pulse.Small\")": "/Game/Objects/Mechs/Grasshopper/Model/Weapons/Weapon_Mech_GHR_Torso_Right_EH2_Laser.Weapon_Mech_GHR_Torso_Right_EH2_Laser_C",
				"(TagName=\"Weapon.Energy.TAG\")": "/Game/Objects/Mechs/Grasshopper/Model/Weapons/Weapon_Mech_GHR_Torso_Right_EH2_Laser.Weapon_Mech_GHR_Torso_Right_EH2_Laser_C",
				"(TagName=\"Weapon.Energy.Flamer\")": "/Game/Objects/Mechs/Grasshopper/Model/Weapons/Weapon_Mech_GHR_Torso_Right_EH2_Flamer.Weapon_Mech_GHR_Torso_Right_EH2_Flamer_C",
				"(TagName=\"Weapon.Energy.ParticleCannon\")": "/Game/Objects/Mechs/Grasshopper/Model/Weapons/Weapon_Mech_GHR_Torso_Right_EH2_SNPPC.Weapon_Mech_GHR_Torso_Right_EH2_SNPPC_C",
				"(TagName=\"Weapon\")": "/Game/Objects/Mechs/Grasshopper/Model/Weapons/Weapon_Mech_GHR_Torso_Right_EH2_Laser.Weapon_Mech_GHR_Torso_Right_EH2_Laser_C",
				"()": "/Game/Objects/Mechs/Grasshopper/Model/Weapons/Weapon_Mech_GHR_Torso_Right_EB2_Blank.Weapon_Mech_GHR_Torso_Right_EB2_Blank_C"
			}
		},
		{
			"hardpointSlotId": "Torso_Center_EB1_blank",
			"mechSkeletonSocketId": "Torso_Weapon",
			"mechPart": "CenterTorso",
			"bHideOnPartDestruction": false,
			"slotTypeAssetId":
			{
				"id": ""
			},
			"hardpointVisuals":
			{
				"(TagName=\"None\")": "/Game/Objects/Mechs/Grasshopper/Model/Weapons/Weapon_Mech_GHR_Torso_Center_EB1_Blank.Weapon_Mech_GHR_Torso_Center_EB1_Blank_C",
				"(TagName=\"Weapon\")": "/Game/Objects/Mechs/Grasshopper/Model/Weapons/Weapon_Mech_GHR_Torso_Center_EB1_Blank.Weapon_Mech_GHR_Torso_Center_EB1_Blank_C",
				"()": "/Game/Objects/Mechs/Grasshopper/Model/Weapons/Weapon_Mech_GHR_Torso_Center_EB1_Blank.Weapon_Mech_GHR_Torso_Center_EB1_Blank_C"
			}
		},
		{
			"hardpointSlotId": "Torso_Left_EH1_ppc",
			"mechSkeletonSocketId": "Torso_Weapon",
			"mechPart": "LeftTorso",
			"bHideOnPartDestruction": false,
			"slotTypeAssetId":
			{
				"id": "MWSlotTypeDataAsset:PPC_SlotType"
			},
			"hardpointVisuals":
			{
				"(TagName=\"Weapon.Energy.ParticleCannon.PPC\")": "/Game/Objects/Mechs/Grasshopper/Model/Weapons/Weapon_Mech_GHR_Torso_Left_EH1_PPC.Weapon_Mech_GHR_Torso_Left_EH1_PPC_C",
				"(TagName=\"Weapon.Energy.ParticleCannon.HPPC\")": "/Game/Objects/Mechs/Grasshopper/Model/Weapons/Weapon_Mech_GHR_Torso_Left_EH1_HPPC.Weapon_Mech_GHR_Torso_Left_EH1_HPPC_C",
				"(TagName=\"Weapon.Energy.ParticleCannon.ERPPC\")": "/Game/Objects/Mechs/Grasshopper/Model/Weapons/Weapon_Mech_GHR_Torso_Left_EH1_PPC.Weapon_Mech_GHR_Torso_Left_EH1_PPC_C",
				"(TagName=\"Weapon.Energy.ParticleCannon.SNPPC\")": "/Game/Objects/Mechs/Grasshopper/Model/Weapons/Weapon_Mech_GHR_Torso_Left_EH1_SNPPC.Weapon_Mech_GHR_Torso_Left_EH1_SNPPC_C",
				"(TagName=\"Weapon.Energy.ParticleCannon.LPPC\")": "/Game/Objects/Mechs/Grasshopper/Model/Weapons/Weapon_Mech_GHR_Torso_Left_EH1_LPPC.Weapon_Mech_GHR_Torso_Left_EH1_LPPC_C",
				"(TagName=\"Weapon.Energy.Laser.Standard.Large\")": "/Game/Objects/Mechs/Grasshopper/Model/Weapons/Weapon_Mech_GHR_Torso_Left_EH1_Laser.Weapon_Mech_GHR_Torso_Left_EH1_Laser_C",
				"(TagName=\"Weapon.Energy.Laser.ER.Large\")": "/Game/Objects/Mechs/Grasshopper/Model/Weapons/Weapon_Mech_GHR_Torso_Left_EH1_Laser.Weapon_Mech_GHR_Torso_Left_EH1_Laser_C",
				"(TagName=\"Weapon.Energy.Laser.ER.Large.Clan\")": "/Game/Objects/Mechs/Grasshopper/Model/Weapons/Weapon_Mech_GHR_Torso_Left_EH1_Laser.Weapon_Mech_GHR_Torso_Left_EH1_Laser_C",
				"(TagName=\"Weapon.Energy.Laser.Pulse.Large\")": "/Game/Objects/Mechs/Grasshopper/Model/Weapons/Weapon_Mech_GHR_Torso_Left_EH1_Laser.Weapon_Mech_GHR_Torso_Left_EH1_Laser_C",
				"(TagName=\"Weapon.Energy.Laser.Standard.Medium\")": "/Game/Objects/Mechs/Grasshopper/Model/Weapons/Weapon_Mech_GHR_Torso_Left_EH1_Laser.Weapon_Mech_GHR_Torso_Left_EH1_Laser_C",
				"(TagName=\"Weapon.Energy.Laser.ER.Medium.Clan\")": "/Game/Objects/Mechs/Grasshopper/Model/Weapons/Weapon_Mech_GHR_Torso_Left_EH1_Laser.Weapon_Mech_GHR_Torso_Left_EH1_Laser_C",
				"(TagName=\"Weapon.Energy.Laser.Pulse.Medium\")": "/Game/Objects/Mechs/Grasshopper/Model/Weapons/Weapon_Mech_GHR_Torso_Left_EH1_Laser.Weapon_Mech_GHR_Torso_Left_EH1_Laser_C",
				"(TagName=\"Weapon.Energy.Laser.Pulse.Medium.Clan\")": "/Game/Objects/Mechs/Grasshopper/Model/Weapons/Weapon_Mech_GHR_Torso_Left_EH1_Laser.Weapon_Mech_GHR_Torso_Left_EH1_Laser_C",
				"(TagName=\"Weapon.Energy.Laser.Standard.Small\")": "/Game/Objects/Mechs/Grasshopper/Model/Weapons/Weapon_Mech_GHR_Torso_Left_EH1_Laser.Weapon_Mech_GHR_Torso_Left_EH1_Laser_C",
				"(TagName=\"Weapon.Energy.Laser.Pulse.Small\")": "/Game/Objects/Mechs/Grasshopper/Model/Weapons/Weapon_Mech_GHR_Torso_Left_EH1_Laser.Weapon_Mech_GHR_Torso_Left_EH1_Laser_C",
				"(TagName=\"Weapon.Energy.TAG\")": "/Game/Objects/Mechs/Grasshopper/Model/Weapons/Weapon_Mech_GHR_Torso_Left_EH1_Laser.Weapon_Mech_GHR_Torso_Left_EH1_Laser_C",
				"(TagName=\"Weapon.Energy.Flamer\")": "/Game/Objects/Mechs/Grasshopper/Model/Weapons/Weapon_Mech_GHR_Torso_Left_EH1_Flamer.Weapon_Mech_GHR_Torso_Left_EH1_Flamer_C",
				"(TagName=\"Weapon.Energy.ParticleCannon\")": "/Game/Objects/Mechs/Grasshopper/Model/Weapons/Weapon_Mech_GHR_Torso_Left_EH1_SNPPC.Weapon_Mech_GHR_Torso_Left_EH1_SNPPC_C",
				"(TagName=\"Weapon\")": "/Game/Objects/Mechs/Grasshopper/Model/Weapons/Weapon_Mech_GHR_Torso_Left_EH1_PPC.Weapon_Mech_GHR_Torso_Left_EH1_PPC_C",
				"()": "/Game/Objects/Mechs/Grasshopper/Model/Weapons/Weapon_Mech_GHR_Torso_Left_EB2_Blank.Weapon_Mech_GHR_Torso_Left_EB2_Blank_C"
			}
		},
		{
			"hardpointSlotId": "Torso_Left_EH2_mediumpulselaser",
			"mechSkeletonSocketId": "Torso_Weapon",
			"mechPart": "LeftTorso",
			"bHideOnPartDestruction": false,
			"slotTypeAssetId":
			{
				"id": "MWSlotTypeDataAsset:MediumPulseLaser_SlotType"
			},
			"hardpointVisuals":
			{
				"(TagName=\"Weapon.Energy.Laser.Pulse.Medium\")": "/Game/Objects/Mechs/Grasshopper/Model/Weapons/Weapon_Mech_GHR_Torso_Left_EH2_Laser.Weapon_Mech_GHR_Torso_Left_EH2_Laser_C",
				"(TagName=\"Weapon.Energy.ParticleCannon.HPPC\")": "/Game/Objects/Mechs/Grasshopper/Model/Weapons/Weapon_Mech_GHR_Torso_Left_EH2_HPPC.Weapon_Mech_GHR_Torso_Left_EH2_HPPC_C",
				"(TagName=\"Weapon.Energy.ParticleCannon.PPC\")": "/Game/Objects/Mechs/Grasshopper/Model/Weapons/Weapon_Mech_GHR_Torso_Left_EH2_PPC.Weapon_Mech_GHR_Torso_Left_EH2_PPC_C",
				"(TagName=\"Weapon.Energy.ParticleCannon.ERPPC\")": "/Game/Objects/Mechs/Grasshopper/Model/Weapons/Weapon_Mech_GHR_Torso_Left_EH2_PPC.Weapon_Mech_GHR_Torso_Left_EH2_PPC_C",
				"(TagName=\"Weapon.Energy.ParticleCannon.SNPPC\")": "/Game/Objects/Mechs/Grasshopper/Model/Weapons/Weapon_Mech_GHR_Torso_Left_EH2_SNPPC.Weapon_Mech_GHR_Torso_Left_EH2_SNPPC_C",
				"(TagName=\"Weapon.Energy.ParticleCannon.LPPC\")": "/Game/Objects/Mechs/Grasshopper/Model/Weapons/Weapon_Mech_GHR_Torso_Left_EH2_LPPC.Weapon_Mech_GHR_Torso_Left_EH2_LPPC_C",
				"(TagName=\"Weapon.Energy.Laser.Standard.Large\")": "/Game/Objects/Mechs/Grasshopper/Model/Weapons/Weapon_Mech_GHR_Torso_Left_EH2_Laser.Weapon_Mech_GHR_Torso_Left_EH2_Laser_C",
				"(TagName=\"Weapon.Energy.Laser.ER.Large\")": "/Game/Objects/Mechs/Grasshopper/Model/Weapons/Weapon_Mech_GHR_Torso_Left_EH2_Laser.Weapon_Mech_GHR_Torso_Left_EH2_Laser_C",
				"(TagName=\"Weapon.Energy.Laser.ER.Large.Clan\")": "/Game/Objects/Mechs/Grasshopper/Model/Weapons/Weapon_Mech_GHR_Torso_Left_EH2_Laser.Weapon_Mech_GHR_Torso_Left_EH2_Laser_C",
				"(TagName=\"Weapon.Energy.Laser.Pulse.Large\")": "/Game/Objects/Mechs/Grasshopper/Model/Weapons/Weapon_Mech_GHR_Torso_Left_EH2_Laser.Weapon_Mech_GHR_Torso_Left_EH2_Laser_C",
				"(TagName=\"Weapon.Energy.Laser.Standard.Medium\")": "/Game/Objects/Mechs/Grasshopper/Model/Weapons/Weapon_Mech_GHR_Torso_Left_EH2_Laser.Weapon_Mech_GHR_Torso_Left_EH2_Laser_C",
				"(TagName=\"Weapon.Energy.Laser.ER.Medium.Clan\")": "/Game/Objects/Mechs/Grasshopper/Model/Weapons/Weapon_Mech_GHR_Torso_Left_EH2_Laser.Weapon_Mech_GHR_Torso_Left_EH2_Laser_C",
				"(TagName=\"Weapon.Energy.Laser.Pulse.Medium.Clan\")": "/Game/Objects/Mechs/Grasshopper/Model/Weapons/Weapon_Mech_GHR_Torso_Left_EH2_Laser.Weapon_Mech_GHR_Torso_Left_EH2_Laser_C",
				"(TagName=\"Weapon.Energy.Laser.Standard.Small\")": "/Game/Objects/Mechs/Grasshopper/Model/Weapons/Weapon_Mech_GHR_Torso_Left_EH2_Laser.Weapon_Mech_GHR_Torso_Left_EH2_Laser_C",
				"(TagName=\"Weapon.Energy.Laser.Pulse.Small\")": "/Game/Objects/Mechs/Grasshopper/Model/Weapons/Weapon_Mech_GHR_Torso_Left_EH2_Laser.Weapon_Mech_GHR_Torso_Left_EH2_Laser_C",
				"(TagName=\"Weapon.Energy.TAG\")": "/Game/Objects/Mechs/Grasshopper/Model/Weapons/Weapon_Mech_GHR_Torso_Left_EH2_Laser.Weapon_Mech_GHR_Torso_Left_EH2_Laser_C",
				"(TagName=\"Weapon.Energy.Flamer\")": "/Game/Objects/Mechs/Grasshopper/Model/Weapons/Weapon_Mech_GHR_Torso_Left_EH2_Flamer.Weapon_Mech_GHR_Torso_Left_EH2_Flamer_C",
				"(TagName=\"Weapon.Energy.ParticleCannon\")": "/Game/Objects/Mechs/Grasshopper/Model/Weapons/Weapon_Mech_GHR_Torso_Left_EH2_SNPPC.Weapon_Mech_GHR_Torso_Left_EH2_SNPPC_C",
				"(TagName=\"Weapon\")": "/Game/Objects/Mechs/Grasshopper/Model/Weapons/Weapon_Mech_GHR_Torso_Left_EH2_Laser.Weapon_Mech_GHR_Torso_Left_EH2_Laser_C",
				"()": "/Game/Objects/Mechs/Grasshopper/Model/Weapons/Weapon_Mech_GHR_Torso_Left_EB2_Blank.Weapon_Mech_GHR_Torso_Left_EB2_Blank_C"
			}
		},
		{
			"hardpointSlotId": "Torso_Center_EH1_mediumlaser",
			"mechSkeletonSocketId": "Torso_Weapon",
			"mechPart": "CenterTorso",
			"bHideOnPartDestruction": false,
			"slotTypeAssetId":
			{
				"id": "MWSlotTypeDataAsset:MediumLaser_SlotType"
			},
			"hardpointVisuals":
			{
				"(TagName=\"Weapon.Energy.Laser.Standard.Medium\")": "/Game/Objects/Mechs/Grasshopper/Model/Weapons/Weapon_Mech_GHR_Torso_Center_EH1_Laser.Weapon_Mech_GHR_Torso_Center_EH1_Laser_C",
				"(TagName=\"Weapon.Energy.ParticleCannon.SNPPC\")": "/Game/Objects/Mechs/Grasshopper/Model/Weapons/Weapon_Mech_GHR_Torso_Center_EH1_SNPPC.Weapon_Mech_GHR_Torso_Center_EH1_SNPPC_C",
				"(TagName=\"Weapon.Energy.ParticleCannon.LPPC\")": "/Game/Objects/Mechs/Grasshopper/Model/Weapons/Weapon_Mech_GHR_Torso_Center_EH1_LPPC.Weapon_Mech_GHR_Torso_Center_EH1_LPPC_C",
				"(TagName=\"Weapon.Energy.Laser.Standard.Large\")": "/Game/Objects/Mechs/Grasshopper/Model/Weapons/Weapon_Mech_GHR_Torso_Center_EH1_Laser.Weapon_Mech_GHR_Torso_Center_EH1_Laser_C",
				"(TagName=\"Weapon.Energy.Laser.ER.Large\")": "/Game/Objects/Mechs/Grasshopper/Model/Weapons/Weapon_Mech_GHR_Torso_Center_EH1_Laser.Weapon_Mech_GHR_Torso_Center_EH1_Laser_C",
				"(TagName=\"Weapon.Energy.Laser.ER.Large.Clan\")": "/Game/Objects/Mechs/Grasshopper/Model/Weapons/Weapon_Mech_GHR_Torso_Center_EH1_Laser.Weapon_Mech_GHR_Torso_Center_EH1_Laser_C",
				"(TagName=\"Weapon.Energy.Laser.Pulse.Large\")": "/Game/Objects/Mechs/Grasshopper/Model/Weapons/Weapon_Mech_GHR_Torso_Center_EH1_Laser.Weapon_Mech_GHR_Torso_Center_EH1_Laser_C",
				"(TagName=\"Weapon.Energy.Laser.ER.Medium.Clan\")": "/Game/Objects/Mechs/Grasshopper/Model/Weapons/Weapon_Mech_GHR_Torso_Center_EH1_Laser.Weapon_Mech_GHR_Torso_Center_EH1_Laser_C",
				"(TagName=\"Weapon.Energy.Laser.Pulse.Medium\")": "/Game/Objects/Mechs/Grasshopper/Model/Weapons/Weapon_Mech_GHR_Torso_Center_EH1_Laser.Weapon_Mech_GHR_Torso_Center_EH1_Laser_C",
				"(TagName=\"Weapon.Energy.Laser.Pulse.Medium.Clan\")": "/Game/Objects/Mechs/Grasshopper/Model/Weapons/Weapon_Mech_GHR_Torso_Center_EH1_Laser.Weapon_Mech_GHR_Torso_Center_EH1_Laser_C",
				"(TagName=\"Weapon.Energy.Laser.Standard.Small\")": "/Game/Objects/Mechs/Grasshopper/Model/Weapons/Weapon_Mech_GHR_Torso_Center_EH1_Laser.Weapon_Mech_GHR_Torso_Center_EH1_Laser_C",
				"(TagName=\"Weapon.Energy.Laser.Pulse.Small\")": "/Game/Objects/Mechs/Grasshopper/Model/Weapons/Weapon_Mech_GHR_Torso_Center_EH1_Laser.Weapon_Mech_GHR_Torso_Center_EH1_Laser_C",
				"(TagName=\"Weapon.Energy.TAG\")": "/Game/Objects/Mechs/Grasshopper/Model/Weapons/Weapon_Mech_GHR_Torso_Center_EH1_Laser.Weapon_Mech_GHR_Torso_Center_EH1_Laser_C",
				"(TagName=\"Weapon.Energy.Flamer\")": "/Game/Objects/Mechs/Grasshopper/Model/Weapons/Weapon_Mech_GHR_Torso_Center_EH1_Flamer.Weapon_Mech_GHR_Torso_Center_EH1_Flamer_C",
				"(TagName=\"Weapon.Energy.ParticleCannon\")": "/Game/Objects/Mechs/Grasshopper/Model/Weapons/Weapon_Mech_GHR_Torso_Center_EH1_SNPPC.Weapon_Mech_GHR_Torso_Center_EH1_SNPPC_C",
				"(TagName=\"Weapon\")": "/Game/Objects/Mechs/Grasshopper/Model/Weapons/Weapon_Mech_GHR_Torso_Center_EH1_Laser.Weapon_Mech_GHR_Torso_Center_EH1_Laser_C",
				"()": "/Game/Objects/Mechs/Grasshopper/Model/Weapons/Weapon_Mech_GHR_Torso_Center_EB1_Blank.Weapon_Mech_GHR_Torso_Center_EB1_Blank_C"
			}
		},
		{
			"hardpointSlotId": "Torso_Right_EH2_mediumpulselaser",
			"mechSkeletonSocketId": "Torso_Weapon",
			"mechPart": "RightTorso",
			"bHideOnPartDestruction": false,
			"slotTypeAssetId":
			{
				"id": "MWSlotTypeDataAsset:MediumPulseLaser_SlotType"
			},
			"hardpointVisuals":
			{
				"(TagName=\"Weapon.Energy.Laser.Pulse.Medium\")": "/Game/Objects/Mechs/Grasshopper/Model/Weapons/Weapon_Mech_GHR_Torso_Right_EH2_Laser.Weapon_Mech_GHR_Torso_Right_EH2_Laser_C",
				"(TagName=\"Weapon.Energy.ParticleCannon.HPPC\")": "/Game/Objects/Mechs/Grasshopper/Model/Weapons/Weapon_Mech_GHR_Torso_Right_EH2_HPPC.Weapon_Mech_GHR_Torso_Right_EH2_HPPC_C",
				"(TagName=\"Weapon.Energy.ParticleCannon.PPC\")": "/Game/Objects/Mechs/Grasshopper/Model/Weapons/Weapon_Mech_GHR_Torso_Right_EH2_PPC.Weapon_Mech_GHR_Torso_Right_EH2_PPC_C",
				"(TagName=\"Weapon.Energy.ParticleCannon.ERPPC\")": "/Game/Objects/Mechs/Grasshopper/Model/Weapons/Weapon_Mech_GHR_Torso_Right_EH2_PPC.Weapon_Mech_GHR_Torso_Right_EH2_PPC_C",
				"(TagName=\"Weapon.Energy.ParticleCannon.SNPPC\")": "/Game/Objects/Mechs/Grasshopper/Model/Weapons/Weapon_Mech_GHR_Torso_Right_EH2_SNPPC.Weapon_Mech_GHR_Torso_Right_EH2_SNPPC_C",
				"(TagName=\"Weapon.Energy.ParticleCannon.LPPC\")": "/Game/Objects/Mechs/Grasshopper/Model/Weapons/Weapon_Mech_GHR_Torso_Right_EH2_LPPC.Weapon_Mech_GHR_Torso_Right_EH2_LPPC_C",
				"(TagName=\"Weapon.Energy.Laser.Standard.Large\")": "/Game/Objects/Mechs/Grasshopper/Model/Weapons/Weapon_Mech_GHR_Torso_Right_EH2_Laser.Weapon_Mech_GHR_Torso_Right_EH2_Laser_C",
				"(TagName=\"Weapon.Energy.Laser.ER.Large\")": "/Game/Objects/Mechs/Grasshopper/Model/Weapons/Weapon_Mech_GHR_Torso_Right_EH2_Laser.Weapon_Mech_GHR_Torso_Right_EH2_Laser_C",
				"(TagName=\"Weapon.Energy.Laser.ER.Large.Clan\")": "/Game/Objects/Mechs/Grasshopper/Model/Weapons/Weapon_Mech_GHR_Torso_Right_EH2_Laser.Weapon_Mech_GHR_Torso_Right_EH2_Laser_C",
				"(TagName=\"Weapon.Energy.Laser.Pulse.Large\")": "/Game/Objects/Mechs/Grasshopper/Model/Weapons/Weapon_Mech_GHR_Torso_Right_EH2_Laser.Weapon_Mech_GHR_Torso_Right_EH2_Laser_C",
				"(TagName=\"Weapon.Energy.Laser.Standard.Medium\")": "/Game/Objects/Mechs/Grasshopper/Model/Weapons/Weapon_Mech_GHR_Torso_Right_EH2_Laser.Weapon_Mech_GHR_Torso_Right_EH2_Laser_C",
				"(TagName=\"Weapon.Energy.Laser.ER.Medium.Clan\")": "/Game/Objects/Mechs/Grasshopper/Model/Weapons/Weapon_Mech_GHR_Torso_Right_EH2_Laser.Weapon_Mech_GHR_Torso_Right_EH2_Laser_C",
				"(TagName=\"Weapon.Energy.Laser.Pulse.Medium.Clan\")": "/Game/Objects/Mechs/Grasshopper/Model/Weapons/Weapon_Mech_GHR_Torso_Right_EH2_Laser.Weapon_Mech_GHR_Torso_Right_EH2_Laser_C",
				"(TagName=\"Weapon.Energy.Laser.Standard.Small\")": "/Game/Objects/Mechs/Grasshopper/Model/Weapons/Weapon_Mech_GHR_Torso_Right_EH2_Laser.Weapon_Mech_GHR_Torso_Right_EH2_Laser_C",
				"(TagName=\"Weapon.Energy.Laser.Pulse.Small\")": "/Game/Objects/Mechs/Grasshopper/Model/Weapons/Weapon_Mech_GHR_Torso_Right_EH2_Laser.Weapon_Mech_GHR_Torso_Right_EH2_Laser_C",
				"(TagName=\"Weapon.Energy.TAG\")": "/Game/Objects/Mechs/Grasshopper/Model/Weapons/Weapon_Mech_GHR_Torso_Right_EH2_Laser.Weapon_Mech_GHR_Torso_Right_EH2_Laser_C",
				"(TagName=\"Weapon.Energy.Flamer\")": "/Game/Objects/Mechs/Grasshopper/Model/Weapons/Weapon_Mech_GHR_Torso_Right_EH2_Flamer.Weapon_Mech_GHR_Torso_Right_EH2_Flamer_C",
				"(TagName=\"Weapon.Energy.ParticleCannon\")": "/Game/Objects/Mechs/Grasshopper/Model/Weapons/Weapon_Mech_GHR_Torso_Right_EH2_SNPPC.Weapon_Mech_GHR_Torso_Right_EH2_SNPPC_C",
				"(TagName=\"Weapon\")": "/Game/Objects/Mechs/Grasshopper/Model/Weapons/Weapon_Mech_GHR_Torso_Right_EH2_Laser.Weapon_Mech_GHR_Torso_Right_EH2_Laser_C",
				"()": "/Game/Objects/Mechs/Grasshopper/Model/Weapons/Weapon_Mech_GHR_Torso_Right_EB2_Blank.Weapon_Mech_GHR_Torso_Right_EB2_Blank_C"
			}
		},
		{
			"hardpointSlotId": "Forearm_Right_EB1_blank",
			"mechSkeletonSocketId": "Forearm_Right_Weapon",
			"mechPart": "RightArm",
			"bHideOnPartDestruction": true,
			"slotTypeAssetId":
			{
				"id": ""
			},
			"hardpointVisuals":
			{
				"(TagName=\"None\")": "/Game/Objects/Mechs/Grasshopper/Model/Weapons/Weapon_Mech_GHR_Forearm_Right_EB1_Blank.Weapon_Mech_GHR_Forearm_Right_EB1_Blank_C",
				"(TagName=\"Weapon\")": "/Game/Objects/Mechs/Grasshopper/Model/Weapons/Weapon_Mech_GHR_Forearm_Right_EB1_Blank.Weapon_Mech_GHR_Forearm_Right_EB1_Blank_C",
				"()": "/Game/Objects/Mechs/Grasshopper/Model/Weapons/Weapon_Mech_GHR_Forearm_Right_EB1_Blank.Weapon_Mech_GHR_Forearm_Right_EB1_Blank_C"
			}
		},
		{
			"hardpointSlotId": "Forearm_Left_EB1_blank",
			"mechSkeletonSocketId": "Forearm_Left_Weapon",
			"mechPart": "LeftArm",
			"bHideOnPartDestruction": true,
			"slotTypeAssetId":
			{
				"id": ""
			},
			"hardpointVisuals":
			{
				"(TagName=\"None\")": "/Game/Objects/Mechs/Grasshopper/Model/Weapons/Weapon_Mech_GHR_Forearm_Left_EB1_Blank.Weapon_Mech_GHR_Forearm_Left_EB1_Blank_C",
				"(TagName=\"Weapon\")": "/Game/Objects/Mechs/Grasshopper/Model/Weapons/Weapon_Mech_GHR_Forearm_Left_EB1_Blank.Weapon_Mech_GHR_Forearm_Left_EB1_Blank_C",
				"()": "/Game/Objects/Mechs/Grasshopper/Model/Weapons/Weapon_Mech_GHR_Forearm_Left_EB1_Blank.Weapon_Mech_GHR_Forearm_Left_EB1_Blank_C"
			}
		},
		{
			"hardpointSlotId": "Forearm_Right_EH1_ppc",
			"mechSkeletonSocketId": "Forearm_Right_Weapon",
			"mechPart": "RightArm",
			"bHideOnPartDestruction": true,
			"slotTypeAssetId":
			{
				"id": "MWSlotTypeDataAsset:PPC_SlotType"
			},
			"hardpointVisuals":
			{
				"(TagName=\"Weapon.Energy.ParticleCannon.PPC\")": "/Game/Objects/Mechs/Grasshopper/Model/Weapons/Weapon_Mech_GHR_Forearm_Right_EH1_PPC.Weapon_Mech_GHR_Forearm_Right_EH1_PPC_C",
				"(TagName=\"Weapon.Energy.ParticleCannon.HPPC\")": "/Game/Objects/Mechs/Grasshopper/Model/Weapons/Weapon_Mech_GHR_Forearm_Right_EH1_HPPC.Weapon_Mech_GHR_Forearm_Right_EH1_HPPC_C",
				"(TagName=\"Weapon.Energy.ParticleCannon.ERPPC\")": "/Game/Objects/Mechs/Grasshopper/Model/Weapons/Weapon_Mech_GHR_Forearm_Right_EH1_PPC.Weapon_Mech_GHR_Forearm_Right_EH1_PPC_C",
				"(TagName=\"Weapon.Energy.ParticleCannon.SNPPC\")": "/Game/Objects/Mechs/Grasshopper/Model/Weapons/Weapon_Mech_GHR_Forearm_Right_EH1_SNPPC.Weapon_Mech_GHR_Forearm_Right_EH1_SNPPC_C",
				"(TagName=\"Weapon.Energy.ParticleCannon.LPPC\")": "/Game/Objects/Mechs/Grasshopper/Model/Weapons/Weapon_Mech_GHR_Forearm_Right_EH1_LPPC.Weapon_Mech_GHR_Forearm_Right_EH1_LPPC_C",
				"(TagName=\"Weapon.Energy.Laser.Standard.Large\")": "/Game/Objects/Mechs/Grasshopper/Model/Weapons/Weapon_Mech_GHR_Forearm_Right_EH1_Laser.Weapon_Mech_GHR_Forearm_Right_EH1_Laser_C",
				"(TagName=\"Weapon.Energy.Laser.ER.Large\")": "/Game/Objects/Mechs/Grasshopper/Model/Weapons/Weapon_Mech_GHR_Forearm_Right_EH1_Laser.Weapon_Mech_GHR_Forearm_Right_EH1_Laser_C",
				"(TagName=\"Weapon.Energy.Laser.ER.Large.Clan\")": "/Game/Objects/Mechs/Grasshopper/Model/Weapons/Weapon_Mech_GHR_Forearm_Right_EH1_Laser.Weapon_Mech_GHR_Forearm_Right_EH1_Laser_C",
				"(TagName=\"Weapon.Energy.Laser.Pulse.Large\")": "/Game/Objects/Mechs/Grasshopper/Model/Weapons/Weapon_Mech_GHR_Forearm_Right_EH1_Laser.Weapon_Mech_GHR_Forearm_Right_EH1_Laser_C",
				"(TagName=\"Weapon.Energy.Laser.Standard.Medium\")": "/Game/Objects/Mechs/Grasshopper/Model/Weapons/Weapon_Mech_GHR_Forearm_Right_EH1_Laser.Weapon_Mech_GHR_Forearm_Right_EH1_Laser_C",
				"(TagName=\"Weapon.Energy.Laser.ER.Medium.Clan\")": "/Game/Objects/Mechs/Grasshopper/Model/Weapons/Weapon_Mech_GHR_Forearm_Right_EH1_Laser.Weapon_Mech_GHR_Forearm_Right_EH1_Laser_C",
				"(TagName=\"Weapon.Energy.Laser.Pulse.Medium\")": "/Game/Objects/Mechs/Grasshopper/Model/Weapons/Weapon_Mech_GHR_Forearm_Right_EH1_Laser.Weapon_Mech_GHR_Forearm_Right_EH1_Laser_C",
				"(TagName=\"Weapon.Energy.Laser.Pulse.Medium.Clan\")": "/Game/Objects/Mechs/Grasshopper/Model/Weapons/Weapon_Mech_GHR_Forearm_Right_EH1_Laser.Weapon_Mech_GHR_Forearm_Right_EH1_Laser_C",
				"(TagName=\"Weapon.Energy.Laser.Standard.Small\")": "/Game/Objects/Mechs/Grasshopper/Model/Weapons/Weapon_Mech_GHR_Forearm_Right_EH1_Laser.Weapon_Mech_GHR_Forearm_Right_EH1_Laser_C",
				"(TagName=\"Weapon.Energy.Laser.Pulse.Small\")": "/Game/Objects/Mechs/Grasshopper/Model/Weapons/Weapon_Mech_GHR_Forearm_Right_EH1_Laser.Weapon_Mech_GHR_Forearm_Right_EH1_Laser_C",
				"(TagName=\"Weapon.Energy.TAG\")": "/Game/Objects/Mechs/Grasshopper/Model/Weapons/Weapon_Mech_GHR_Forearm_Right_EH1_Laser.Weapon_Mech_GHR_Forearm_Right_EH1_Laser_C",
				"(TagName=\"Weapon.Energy.Flamer\")": "/Game/Objects/Mechs/Grasshopper/Model/Weapons/Weapon_Mech_GHR_Forearm_Right_EH1_Flamer.Weapon_Mech_GHR_Forearm_Right_EH1_Flamer_C",
				"(TagName=\"Weapon.Energy.ParticleCannon\")": "/Game/Objects/Mechs/Grasshopper/Model/Weapons/Weapon_Mech_GHR_Forearm_Right_EH1_SNPPC.Weapon_Mech_GHR_Forearm_Right_EH1_SNPPC_C",
				"(TagName=\"Weapon\")": "/Game/Objects/Mechs/Grasshopper/Model/Weapons/Weapon_Mech_GHR_Forearm_Right_EH1_PPC.Weapon_Mech_GHR_Forearm_Right_EH1_PPC_C",
				"()": "/Game/Objects/Mechs/Grasshopper/Model/Weapons/Weapon_Mech_GHR_Forearm_Right_EB1_Blank.Weapon_Mech_GHR_Forearm_Right_EB1_Blank_C"
			}
		},
		{
			"hardpointSlotId": "Forearm_Left_BH1_gaussrifle",
			"mechSkeletonSocketId": "Forearm_Left_Weapon",
			"mechPart": "LeftArm",
			"bHideOnPartDestruction": true,
			"slotTypeAssetId":
			{
				"id": "MWSlotTypeDataAsset:GaussRifle_SlotType"
			},
			"hardpointVisuals":
			{
				"(TagName=\"Weapon.Ballistic.GaussRifle.Gauss\")": "/Game/Objects/Mechs/Grasshopper/Model/Weapons/Weapon_Mech_GHR_Forearm_Left_BH1_Gauss.Weapon_Mech_GHR_Forearm_Left_BH1_Gauss_C",
				"(TagName=\"Weapon.Ballistic.AutoCannon.Ultra.AC10\")": "/Game/Objects/Mechs/Grasshopper/Model/Weapons/Weapon_Mech_GHR_Forearm_Left_BH1_UAC10.Weapon_Mech_GHR_Forearm_Left_BH1_UAC10_C",
				"(TagName=\"Weapon.Ballistic.AutoCannon.Standard.AC10\")": "/Game/Objects/Mechs/Grasshopper/Model/Weapons/Weapon_Mech_GHR_Forearm_Left_BH1_AC10.Weapon_Mech_GHR_Forearm_Left_BH1_AC10_C",
				"(TagName=\"Weapon.Ballistic.AutoCannon.LBX.LBX10\")": "/Game/Objects/Mechs/Grasshopper/Model/Weapons/Weapon_Mech_GHR_Forearm_Left_BH1_LBX10.Weapon_Mech_GHR_Forearm_Left_BH1_LBX10_C",
				"(TagName=\"Weapon.Ballistic.AutoCannon.Rotary.RAC5\")": "/Game/Objects/Mechs/Grasshopper/Model/Weapons/Weapon_Mech_GHR_Forearm_Left_BH1_RAC5.Weapon_Mech_GHR_Forearm_Left_BH1_RAC5_C",
				"(TagName=\"Weapon.Ballistic.GaussRifle.LightGauss\")": "/Game/Objects/Mechs/Grasshopper/Model/Weapons/Weapon_Mech_GHR_Forearm_Left_BH1_Lgauss.Weapon_Mech_GHR_Forearm_Left_BH1_Lgauss_C",
				"(TagName=\"Weapon.Ballistic.AutoCannon.Ultra.AC5\")": "/Game/Objects/Mechs/Grasshopper/Model/Weapons/Weapon_Mech_GHR_Forearm_Left_BH1_UAC5.Weapon_Mech_GHR_Forearm_Left_BH1_UAC5_C",
				"(TagName=\"Weapon.Ballistic.AutoCannon.LBX.LBX5\")": "/Game/Objects/Mechs/Grasshopper/Model/Weapons/Weapon_Mech_GHR_Forearm_Left_BH1_LBX5.Weapon_Mech_GHR_Forearm_Left_BH1_LBX5_C",
				"(TagName=\"Weapon.Ballistic.AutoCannon.Standard.AC5\")": "/Game/Objects/Mechs/Grasshopper/Model/Weapons/Weapon_Mech_GHR_Forearm_Left_BH1_AC5.Weapon_Mech_GHR_Forearm_Left_BH1_AC5_C",
				"(TagName=\"Weapon.Ballistic.AutoCannon.LBX.LBX2\")": "/Game/Objects/Mechs/Grasshopper/Model/Weapons/Weapon_Mech_GHR_Forearm_Left_BH1_LBX2.Weapon_Mech_GHR_Forearm_Left_BH1_LBX2_C",
				"(TagName=\"Weapon.Ballistic.AutoCannon.Rotary.RAC2\")": "/Game/Objects/Mechs/Grasshopper/Model/Weapons/Weapon_Mech_GHR_Forearm_Left_BH1_RAC2.Weapon_Mech_GHR_Forearm_Left_BH1_RAC2_C",
				"(TagName=\"Weapon.Ballistic.AutoCannon.Ultra.AC2\")": "/Game/Objects/Mechs/Grasshopper/Model/Weapons/Weapon_Mech_GHR_Forearm_Left_BH1_UAC2.Weapon_Mech_GHR_Forearm_Left_BH1_UAC2_C",
				"(TagName=\"Weapon.Ballistic.AutoCannon.Standard.AC2\")": "/Game/Objects/Mechs/Grasshopper/Model/Weapons/Weapon_Mech_GHR_Forearm_Left_BH1_AC2.Weapon_Mech_GHR_Forearm_Left_BH1_AC2_C",
				"(TagName=\"Weapon.Ballistic.MG.HeavyMachineGun\")": "/Game/Objects/Mechs/Grasshopper/Model/Weapons/Weapon_Mech_GHR_Forearm_Left_BH1_HMG.Weapon_Mech_GHR_Forearm_Left_BH1_HMG_C",
				"(TagName=\"Weapon.Ballistic.MG.MachineGun\")": "/Game/Objects/Mechs/Grasshopper/Model/Weapons/Weapon_Mech_GHR_Forearm_Left_BH1_MG.Weapon_Mech_GHR_Forearm_Left_BH1_MG_C",
				"(TagName=\"Weapon.Ballistic.MG.LightMachineGun\")": "/Game/Objects/Mechs/Grasshopper/Model/Weapons/Weapon_Mech_GHR_Forearm_Left_BH1_LMG.Weapon_Mech_GHR_Forearm_Left_BH1_LMG_C",
				"(TagName=\"Weapon\")": "/Game/Objects/Mechs/Grasshopper/Model/Weapons/Weapon_Mech_GHR_Forearm_Left_BH1_Gauss.Weapon_Mech_GHR_Forearm_Left_BH1_Gauss_C",
				"()": "None"
			}
		}
	]
}