{
	"mechDataAssetId":
	{
		"id": "MWMechDataAsset:WHM-7S_MDA"
	},
	"customName": "",
	"skinCustomization":
	{
		"mechSkinAssetId":
		{
			"id": "MWUnitSkinAsset:Warhammer_Default_SKN"
		},
		"bPrimaryColorSet": false,
		"primaryColor":
		{
			"r": 0,
			"g": 0,
			"b": 0,
			"a": 0
		},
		"bSecondaryColorSet": false,
		"secondaryColor":
		{
			"r": 0,
			"g": 0,
			"b": 0,
			"a": 0
		},
		"bTertiaryColorSet": false,
		"tertiaryColor":
		{
			"r": 0,
			"g": 0,
			"b": 0,
			"a": 0
		}
	},
	"currentStructure":
	{
		"head": 15,
		"centerTorso": 44,
		"leftTorso": 30,
		"rightTorso": 30,
		"leftArm": 22,
		"rightArm": 22,
		"leftLeg": 30,
		"rightLeg": 30
	},
	"currentArmor":
	{
		"head": 18,
		"centerTorso": 44,
		"leftTorso": 34,
		"rightTorso": 34,
		"leftArm": 40,
		"rightArm": 40,
		"leftLeg": 30,
		"rightLeg": 30
	},
	"currentRearArmor":
	{
		"centerTorsoRear": 18,
		"leftTorsoRear": 16,
		"rightTorsoRear": 16
	},
	"installedArmor":
	{
		"head": 18,
		"centerTorso": 44,
		"leftTorso": 34,
		"rightTorso": 34,
		"leftArm": 40,
		"rightArm": 40,
		"leftLeg": 30,
		"rightLeg": 30
	},
	"installedRearArmor":
	{
		"centerTorsoRear": 18,
		"leftTorsoRear": 16,
		"rightTorsoRear": 16
	},
	"installedWeapons": [
		{
			"hardpointSlotId": "Torso_Center_AH1_antimissilesystem",
			"weaponData":
			{
				"weaponId":
				{
					"id": ""
				},
				"healthState": "Healthy"
			}
		},
		{
			"hardpointSlotId": "Forearm_Left_EH1_erppc",
			"weaponData":
			{
				"weaponId":
				{
					"id": "MWProjectileWeaponDataAsset:ERPPC"
				},
				"healthState": "Healthy"
			}
		},
		{
			"hardpointSlotId": "Forearm_Right_EH1_erppc",
			"weaponData":
			{
				"weaponId":
				{
					"id": "MWProjectileWeaponDataAsset:ERPPC"
				},
				"healthState": "Healthy"
			}
		},
		{
			"hardpointSlotId": "Torso_Left_EH1_mediumlaser",
			"weaponData":
			{
				"weaponId":
				{
					"id": "MWTraceWeaponDataAsset:MediumPulseLaser"
				},
				"healthState": "Healthy"
			}
		},
		{
			"hardpointSlotId": "Torso_Left_EH2_smalllaser",
			"weaponData":
			{
				"weaponId":
				{
					"id": "MWTraceWeaponDataAsset:SmallLaser"
				},
				"healthState": "Healthy"
			}
		},
		{
			"hardpointSlotId": "Torso_Left_MH1_srm6",
			"weaponData":
			{
				"weaponId":
				{
					"id": "MWMissileWeaponDataAsset:StreakSRM2"
				},
				"healthState": "Healthy"
			}
		},
		{
			"hardpointSlotId": "Torso_Right_EH1_mediumlaser",
			"weaponData":
			{
				"weaponId":
				{
					"id": "MWTraceWeaponDataAsset:MediumPulseLaser"
				},
				"healthState": "Healthy"
			}
		},
		{
			"hardpointSlotId": "Torso_Right_EH2_smalllaser",
			"weaponData":
			{
				"weaponId":
				{
					"id": "MWTraceWeaponDataAsset:SmallLaser"
				},
				"healthState": "Healthy"
			}
		},
		{
			"hardpointSlotId": "Torso_Right_MH1_srm6",
			"weaponData":
			{
				"weaponId":
				{
					"id": "MWMissileWeaponDataAsset:StreakSRM2"
				},
				"healthState": "Healthy"
			}
		},
		{
			"hardpointSlotId": "Torso_Right_MH2_srm4",
			"weaponData":
			{
				"weaponId":
				{
					"id": ""
				},
				"healthState": "Healthy"
			}
		}
	],
	"weaponGroupInfo":
	{
		"weaponGroups": [
			{
				"hardpointSlotId": "Torso_Center_AH1_antimissilesystem",
				"bWeaponGroup1": false,
				"bWeaponGroup2": false,
				"bWeaponGroup3": false,
				"bWeaponGroup4": false,
				"bWeaponGroup5": false,
				"bWeaponGroup6": true
			},
			{
				"hardpointSlotId": "Forearm_Left_EH1_erppc",
				"bWeaponGroup1": true,
				"bWeaponGroup2": false,
				"bWeaponGroup3": false,
				"bWeaponGroup4": false,
				"bWeaponGroup5": false,
				"bWeaponGroup6": false
			},
			{
				"hardpointSlotId": "Forearm_Right_EH1_erppc",
				"bWeaponGroup1": true,
				"bWeaponGroup2": false,
				"bWeaponGroup3": false,
				"bWeaponGroup4": false,
				"bWeaponGroup5": false,
				"bWeaponGroup6": false
			},
			{
				"hardpointSlotId": "Torso_Left_EH1_mediumlaser",
				"bWeaponGroup1": false,
				"bWeaponGroup2": true,
				"bWeaponGroup3": false,
				"bWeaponGroup4": false,
				"bWeaponGroup5": false,
				"bWeaponGroup6": false
			},
			{
				"hardpointSlotId": "Torso_Left_EH2_smalllaser",
				"bWeaponGroup1": false,
				"bWeaponGroup2": false,
				"bWeaponGroup3": true,
				"bWeaponGroup4": false,
				"bWeaponGroup5": false,
				"bWeaponGroup6": false
			},
			{
				"hardpointSlotId": "Torso_Left_MH1_srm6",
				"bWeaponGroup1": false,
				"bWeaponGroup2": false,
				"bWeaponGroup3": false,
				"bWeaponGroup4": true,
				"bWeaponGroup5": false,
				"bWeaponGroup6": false
			},
			{
				"hardpointSlotId": "Torso_Right_EH1_mediumlaser",
				"bWeaponGroup1": false,
				"bWeaponGroup2": true,
				"bWeaponGroup3": false,
				"bWeaponGroup4": false,
				"bWeaponGroup5": false,
				"bWeaponGroup6": false
			},
			{
				"hardpointSlotId": "Torso_Right_EH2_smalllaser",
				"bWeaponGroup1": false,
				"bWeaponGroup2": false,
				"bWeaponGroup3": true,
				"bWeaponGroup4": false,
				"bWeaponGroup5": false,
				"bWeaponGroup6": false
			},
			{
				"hardpointSlotId": "Torso_Right_MH1_srm6",
				"bWeaponGroup1": false,
				"bWeaponGroup2": false,
				"bWeaponGroup3": false,
				"bWeaponGroup4": true,
				"bWeaponGroup5": false,
				"bWeaponGroup6": false
			},
			{
				"hardpointSlotId": "Torso_Right_MH2_srm4",
				"bWeaponGroup1": false,
				"bWeaponGroup2": false,
				"bWeaponGroup3": false,
				"bWeaponGroup4": true,
				"bWeaponGroup5": false,
				"bWeaponGroup6": false
			}
		],
		"chainFireGroups": []
	},
	"equipment":
	{
		"mechPartEquipment": [
			{
				"mechPart": "CenterTorso",
				"slottedEquipment": [
					{
						"slotId": 0,
						"slotTypeAssetId":
						{
							"id": "MWSlotTypeDataAsset:General_SlotType"
						},
						"equipmentData":
						{
							"equipmentId":
							{
								"id": "MWAmmoDataAsset:SRM_Streak_AmmoEquipment"
							},
							"healthState": "Healthy"
						}
					},
					{
						"slotId": 1,
						"slotTypeAssetId":
						{
							"id": "MWSlotTypeDataAsset:EngineHeatsink_SlotType"
						},
						"equipmentData":
						{
							"equipmentId":
							{
								"id": "MWHeatSinkDataAsset:DoubleHeatSink"
							},
							"healthState": "Healthy"
						}
					}
				]
			},
			{
				"mechPart": "LeftTorso",
				"slottedEquipment": [
					{
						"slotId": 0,
						"slotTypeAssetId":
						{
							"id": "MWSlotTypeDataAsset:General_SlotType"
						},
						"equipmentData":
						{
							"equipmentId":
							{
								"id": "MWHeatSinkDataAsset:DoubleHeatSink"
							},
							"healthState": "Healthy"
						}
					},
					{
						"slotId": 1,
						"slotTypeAssetId":
						{
							"id": "MWSlotTypeDataAsset:General_SlotType"
						},
						"equipmentData":
						{
							"equipmentId":
							{
								"id": "MWHeatSinkDataAsset:DoubleHeatSink"
							},
							"healthState": "Healthy"
						}
					}
				]
			},
			{
				"mechPart": "RightTorso",
				"slottedEquipment": [
					{
						"slotId": 0,
						"slotTypeAssetId":
						{
							"id": "MWSlotTypeDataAsset:General_SlotType"
						},
						"equipmentData":
						{
							"equipmentId":
							{
								"id": "MWHeatSinkDataAsset:DoubleHeatSink"
							},
							"healthState": "Healthy"
						}
					},
					{
						"slotId": 1,
						"slotTypeAssetId":
						{
							"id": "MWSlotTypeDataAsset:General_SlotType"
						},
						"equipmentData":
						{
							"equipmentId":
							{
								"id": "MWHeatSinkDataAsset:DoubleHeatSink"
							},
							"healthState": "Healthy"
						}
					}
				]
			},
			{
				"mechPart": "RightArm",
				"slottedEquipment": [
					{
						"slotId": 0,
						"slotTypeAssetId":
						{
							"id": "MWSlotTypeDataAsset:General_SlotType"
						},
						"equipmentData":
						{
							"equipmentId":
							{
								"id": "MWHeatSinkDataAsset:DoubleHeatSink"
							},
							"healthState": "Healthy"
						}
					},
					{
						"slotId": 1,
						"slotTypeAssetId":
						{
							"id": "MWSlotTypeDataAsset:General_SlotType"
						},
						"equipmentData":
						{
							"equipmentId":
							{
								"id": "MWHeatSinkDataAsset:DoubleHeatSink"
							},
							"healthState": "Healthy"
						}
					}
				]
			},
			{
				"mechPart": "LeftArm",
				"slottedEquipment": [
					{
						"slotId": 0,
						"slotTypeAssetId":
						{
							"id": "MWSlotTypeDataAsset:General_SlotType"
						},
						"equipmentData":
						{
							"equipmentId":
							{
								"id": "MWHeatSinkDataAsset:DoubleHeatSink"
							},
							"healthState": "Healthy"
						}
					}
				]
			}
		]
	}
}