{
	"mechModel": "MWMechModelDataAsset'/Game/Objects/Mechs/Nightstar/Model/Nightstar_MDL.Nightstar_MDL'",
	"mechStats":
	{
		"keyName": "NSR-9J",
		"table": "DataTable'/Game/Objects/Mechs/_common/Config/MechStats.MechStats'"
	},
	"healthStats":
	{
		"keyName": "NSR-9J",
		"table": "DataTable'/Game/Objects/Mechs/_common/Config/MechHealthStats.MechHealthStats'"
	},
	"mechType":
	{
		"tagName": "Mech.Assault.Nightstar.NSR-9J"
	},
	"chassisFullName": "Nightstar",
	"variantName": "NSR-9P",
	"defaultMech":
	{
		"id": "MWMechLoadoutAsset:NSR-9P_Loadout"
	},
	"mechTexture": "/Game/UI/Textures/Battlemechs/Nightstar_Icon_UIX.Nightstar_Icon_UIX",
	"targetComponent": "/Game/Objects/Mechs/Nightstar/Target/Nightstar_Target.Nightstar_Target_C",
	"description": "The Nightstar was born in the early years of the Amaris Civil War when it became clear that battlefield commanders, especially those piloting Marauders, were being specifically targeted by Amaris troops. Eight months after the SLDF commissioned this heavy support and command ’Mech, the first Nightstars were put into production in 2767. Following Kerensky’s Exodus it became an early casualty of the First Succession War, with both of its production facilities being destroyed in 2786. A pair of Gauss Rifles supplemented with an ERPPC give it unprecedented long-range capabilities.",
	"selectedWeaponHardPoints": [
		"Head_AH1_AMS_antimissilesystem",
		"Torso_Left_AH1_AMS_antimissilesystem",
		"Torso_Center_MH1_srm6",
		"Torso_Right_BH1_uac5",
		"Torso_Left_BH1_uac5",
		"Forearm_Right_BH1_uac5",
		"Forearm_Left_BH1_uac5",
		"Forearm_Left_EH2_largelaser",
		"Forearm_Right_EH2_largelaser"
	],
	"blankWeaponHardPoints": [],
	"bRecalculateFreeSlotsOnSave": true,
	"equipmentAllocation":
	{
		"armorDataAssetId":
		{
			"id": "MWArmorDataAsset:StandardArmor"
		},
		"structureDataAssetId":
		{
			"id": "MWStructureDataAsset:StandardStructure"
		},
		"allowedHeatSinkType":
		{
			"tagName": "Equipment.HeatSinks.Double"
		},
		"allowedJumpJetType":
		{
			"tagName": "None"
		},
		"slotData": [
			{
				"slotTypeDataAssetId":
				{
					"id": "MWSlotTypeDataAsset:General_SlotType"
				},
				"slotCounts":
				{
					"Head": 0,
					"CenterTorso": 0,
					"LeftTorso": 4,
					"LeftArm": 2,
					"LeftLeg": 2,
					"RightTorso": 5,
					"RightArm": 2,
					"RightLeg": 2
				}
			},
			{
				"slotTypeDataAssetId":
				{
					"id": "MWSlotTypeDataAsset:EngineHeatsink_SlotType"
				},
				"slotCounts":
				{
					"CenterTorso": 1
				}
			}
		],
		"internalEquipment": [
			"LifeSupport",
			"Sensors",
			"Cockpit",
			"Gyro",
			"LeftArm_Shoulder",
			"LeftArm_UpperActuator",
			"LeftArm_LowerActuator",
			"LeftArm_HandActuator",
			"RightArm_Shoulder",
			"RightArm_UpperActuator",
			"RightArm_LowerActuator",
			"RightArm_HandActuator",
			"LeftLeg_Hip",
			"LeftLeg_UpperActuator",
			"LeftLeg_LowerActuator",
			"LeftLeg_FootActuator",
			"RightLeg_Hip",
			"RightLeg_UpperActuator",
			"RightLeg_LowerActuator",
			"RightLeg_FootActuator"
		]
	},
	"refitCosts":
	{
		"id": "MWMechRefitCostsDataAsset:MechRefitCostsDefault"
	},
	"engineRating": 285,
	"bXLEngine": true,
	"baseChassisCost": 17468490,
	"salvageShareCost": 26,
	"bIsHeroMech": false
}