{
	"mechDataAssetId":
	{
		"id": "MWMechDataAsset:ZEU-SK_MDA"
	},
	"customName": "",
	"skinCustomization":
	{
		"mechSkinAssetId":
		{
			"id": "MWUnitSkinAsset:Zeus_Marik_SKN"
		},
		"bPrimaryColorSet": true,
		"primaryColor":
		{
			"r": 0.043735001236200333,
			"g": 0.088656000792980194,
			"b": 0.15592600405216217,
			"a": 1
		},
		"bSecondaryColorSet": true,
		"secondaryColor":
		{
			"r": 0.19120199978351593,
			"g": 0.045186001807451248,
			"b": 0.095306999981403351,
			"a": 1
		},
		"bTertiaryColorSet": true,
		"tertiaryColor":
		{
			"r": 0.0295570008456707,
			"g": 0.059510998427867889,
			"b": 0.10461600124835968,
			"a": 1
		}
	},
	"currentStructure":
	{
		"head": 15,
		"centerTorso": 50,
		"leftTorso": 34,
		"rightTorso": 34,
		"leftArm": 26,
		"rightArm": 26,
		"leftLeg": 34,
		"rightLeg": 34
	},
	"currentArmor":
	{
		"head": 20,
		"centerTorso": 80,
		"leftTorso": 52,
		"rightTorso": 52,
		"leftArm": 52,
		"rightArm": 52,
		"leftLeg": 60,
		"rightLeg": 60
	},
	"currentRearArmor":
	{
		"centerTorsoRear": 20,
		"leftTorsoRear": 16,
		"rightTorsoRear": 16
	},
	"installedArmor":
	{
		"head": 20,
		"centerTorso": 80,
		"leftTorso": 52,
		"rightTorso": 52,
		"leftArm": 52,
		"rightArm": 52,
		"leftLeg": 60,
		"rightLeg": 60
	},
	"installedRearArmor":
	{
		"centerTorsoRear": 20,
		"leftTorsoRear": 16,
		"rightTorsoRear": 16
	},
	"installedWeapons": [
		{
			"hardpointSlotId": "Torso_Left_EH1_ppc",
			"weaponData":
			{
				"weaponId":
				{
					"id": "MWProjectileWeaponDataAsset:Ppc"
				},
				"healthState": "Healthy"
			}
		},
		{
			"hardpointSlotId": "Torso_Left_MH1_lrm10",
			"weaponData":
			{
				"weaponId":
				{
					"id": "MWMissileWeaponDataAsset:Lrm10"
				},
				"healthState": "Healthy"
			}
		},
		{
			"hardpointSlotId": "Torso_Left_MH2_lrm10",
			"weaponData":
			{
				"weaponId":
				{
					"id": "MWMissileWeaponDataAsset:Lrm10"
				},
				"healthState": "Healthy"
			}
		},
		{
			"hardpointSlotId": "Torso_Center_EH1_mediumlaser",
			"weaponData":
			{
				"weaponId":
				{
					"id": "MWTraceWeaponDataAsset:Mediumlaser"
				},
				"healthState": "Healthy"
			}
		},
		{
			"hardpointSlotId": "Forearm_Right_MH1_srm6",
			"weaponData":
			{
				"weaponId":
				{
					"id": "MWMissileWeaponDataAsset:Srm6"
				},
				"healthState": "Healthy"
			}
		},
		{
			"hardpointSlotId": "Forearm_Right_MH2_srm6",
			"weaponData":
			{
				"weaponId":
				{
					"id": "MWMissileWeaponDataAsset:Srm6"
				},
				"healthState": "Healthy"
			}
		},
		{
			"hardpointSlotId": "Forearm_Left_BH1_autocannon5",
			"weaponData":
			{
				"weaponId":
				{
					"id": "MWProjectileWeaponDataAsset:Autocannon5"
				},
				"healthState": "Healthy"
			}
		},
		{
			"hardpointSlotId": "RightTorso_AH1_AMS_antimissilesystem",
			"weaponData":
			{
				"weaponId":
				{
					"id": "MWAMSWeaponDataAsset:AntiMissileSystem"
				},
				"healthState": "Healthy"
			}
		}
	],
	"weaponGroupInfo":
	{
		"weaponGroups": [
			{
				"hardpointSlotId": "Torso_Left_EH1_ppc",
				"bWeaponGroup1": false,
				"bWeaponGroup2": true,
				"bWeaponGroup3": false,
				"bWeaponGroup4": false,
				"bWeaponGroup5": false,
				"bWeaponGroup6": false
			},
			{
				"hardpointSlotId": "Torso_Left_MH1_lrm10",
				"bWeaponGroup1": false,
				"bWeaponGroup2": false,
				"bWeaponGroup3": false,
				"bWeaponGroup4": true,
				"bWeaponGroup5": false,
				"bWeaponGroup6": false
			},
			{
				"hardpointSlotId": "Torso_Left_MH2_lrm10",
				"bWeaponGroup1": false,
				"bWeaponGroup2": false,
				"bWeaponGroup3": false,
				"bWeaponGroup4": true,
				"bWeaponGroup5": false,
				"bWeaponGroup6": false
			},
			{
				"hardpointSlotId": "Torso_Center_EH1_mediumlaser",
				"bWeaponGroup1": false,
				"bWeaponGroup2": false,
				"bWeaponGroup3": false,
				"bWeaponGroup4": false,
				"bWeaponGroup5": true,
				"bWeaponGroup6": false
			},
			{
				"hardpointSlotId": "Forearm_Right_MH1_srm6",
				"bWeaponGroup1": false,
				"bWeaponGroup2": false,
				"bWeaponGroup3": true,
				"bWeaponGroup4": false,
				"bWeaponGroup5": false,
				"bWeaponGroup6": false
			},
			{
				"hardpointSlotId": "Forearm_Right_MH2_srm6",
				"bWeaponGroup1": false,
				"bWeaponGroup2": false,
				"bWeaponGroup3": true,
				"bWeaponGroup4": false,
				"bWeaponGroup5": false,
				"bWeaponGroup6": false
			},
			{
				"hardpointSlotId": "Forearm_Left_BH1_autocannon5",
				"bWeaponGroup1": true,
				"bWeaponGroup2": false,
				"bWeaponGroup3": false,
				"bWeaponGroup4": false,
				"bWeaponGroup5": false,
				"bWeaponGroup6": false
			},
			{
				"hardpointSlotId": "RightTorso_AH1_AMS_antimissilesystem",
				"bWeaponGroup1": false,
				"bWeaponGroup2": false,
				"bWeaponGroup3": false,
				"bWeaponGroup4": false,
				"bWeaponGroup5": false,
				"bWeaponGroup6": true
			}
		],
		"chainFireGroups": []
	},
	"equipment":
	{
		"mechPartEquipment": [
			{
				"mechPart": "CenterTorso",
				"slottedEquipment": [
					{
						"slotId": 0,
						"slotTypeAssetId":
						{
							"id": "MWSlotTypeDataAsset:EngineHeatsink_SlotType"
						},
						"equipmentData":
						{
							"equipmentId":
							{
								"id": "MWHeatSinkDataAsset:DoubleHeatSink"
							},
							"healthState": "Healthy"
						}
					},
					{
						"slotId": 1,
						"slotTypeAssetId":
						{
							"id": "MWSlotTypeDataAsset:EngineHeatsink_SlotType"
						},
						"equipmentData":
						{
							"equipmentId":
							{
								"id": "MWHeatSinkDataAsset:DoubleHeatSink"
							},
							"healthState": "Healthy"
						}
					}
				]
			},
			{
				"mechPart": "RightTorso",
				"slottedEquipment": [
					{
						"slotId": 0,
						"slotTypeAssetId":
						{
							"id": "MWSlotTypeDataAsset:General_SlotType"
						},
						"equipmentData":
						{
							"equipmentId":
							{
								"id": "MWAmmoDataAsset:Srm_AmmoEquipment"
							},
							"healthState": "Healthy"
						}
					},
					{
						"slotId": 1,
						"slotTypeAssetId":
						{
							"id": "MWSlotTypeDataAsset:General_SlotType"
						},
						"equipmentData":
						{
							"equipmentId":
							{
								"id": "MWAmmoDataAsset:Srm_AmmoEquipment"
							},
							"healthState": "Healthy"
						}
					},
					{
						"slotId": 2,
						"slotTypeAssetId":
						{
							"id": "MWSlotTypeDataAsset:General_SlotType"
						},
						"equipmentData":
						{
							"equipmentId":
							{
								"id": "MWAmmoDataAsset:Lrm_AmmoEquipment"
							},
							"healthState": "Healthy"
						}
					},
					{
						"slotId": 3,
						"slotTypeAssetId":
						{
							"id": "MWSlotTypeDataAsset:General_SlotType"
						},
						"equipmentData":
						{
							"equipmentId":
							{
								"id": "MWAmmoDataAsset:Lrm_AmmoEquipment"
							},
							"healthState": "Healthy"
						}
					},
					{
						"slotId": 4,
						"slotTypeAssetId":
						{
							"id": "MWSlotTypeDataAsset:General_SlotType"
						},
						"equipmentData":
						{
							"equipmentId":
							{
								"id": "MWAmmoDataAsset:AMS_AmmoEquipment"
							},
							"healthState": "Healthy"
						}
					}
				]
			},
			{
				"mechPart": "LeftArm",
				"slottedEquipment": [
					{
						"slotId": 0,
						"slotTypeAssetId":
						{
							"id": "MWSlotTypeDataAsset:General_SlotType"
						},
						"equipmentData":
						{
							"equipmentId":
							{
								"id": "MWHeatSinkDataAsset:DoubleHeatSink"
							},
							"healthState": "Healthy"
						}
					},
					{
						"slotId": 1,
						"slotTypeAssetId":
						{
							"id": "MWSlotTypeDataAsset:General_SlotType"
						},
						"equipmentData":
						{
							"equipmentId":
							{
								"id": "MWAmmoDataAsset:Ac5_Standard_AmmoEquipment"
							},
							"healthState": "Healthy"
						}
					},
					{
						"slotId": 2,
						"slotTypeAssetId":
						{
							"id": "MWSlotTypeDataAsset:General_SlotType"
						},
						"equipmentData":
						{
							"equipmentId":
							{
								"id": "MWAmmoDataAsset:Ac5_Standard_AmmoEquipment"
							},
							"healthState": "Healthy"
						}
					}
				]
			}
		]
	}
}