{
	"weaponSlots": [
		{
			"hardpointSlotId": "Upperarm_Right_MH1_lrm15",
			"mechSkeletonSocketId": "Upperarm_Right_Weapon",
			"mechPart": "RightArm",
			"bHideOnPartDestruction": true,
			"slotTypeAssetId":
			{
				"id": "MWSlotTypeDataAsset:LRM15_SlotType"
			},
			"hardpointVisuals":
			{
				"(TagName=\"Weapon.Missile.LRM.LRM15\")": "/Game/Objects/Mechs/Catapult/Model/Weapons/Weapon_Mech_CPLT_Upperarm_Right_MH1_Missile20.Weapon_Mech_CPLT_Upperarm_Right_MH1_Missile20_C",
				"(TagName=\"Weapon.Missile.LRM.LRM20\")": "/Game/Objects/Mechs/Catapult/Model/Weapons/Weapon_Mech_CPLT_Upperarm_Right_MH1_Missile20.Weapon_Mech_CPLT_Upperarm_Right_MH1_Missile20_C",
				"(TagName=\"Weapon.ArtemisMissile.LRM.LRM20\")": "/Game/Objects/Mechs/Catapult/Model/Weapons/Weapon_Mech_CPLT_Upperarm_Right_MH1_Missile20.Weapon_Mech_CPLT_Upperarm_Right_MH1_Missile20_C",
				"(TagName=\"Weapon.Missile.LRM.LRM20.Clan\")": "/Game/Objects/Mechs/Catapult/Model/Weapons/Weapon_Mech_CPLT_Upperarm_Right_MH1_Missile20.Weapon_Mech_CPLT_Upperarm_Right_MH1_Missile20_C",
				"(TagName=\"Weapon.ArtemisMissile.LRM.LRM15\")": "/Game/Objects/Mechs/Catapult/Model/Weapons/Weapon_Mech_CPLT_Upperarm_Right_MH1_Missile20.Weapon_Mech_CPLT_Upperarm_Right_MH1_Missile20_C",
				"(TagName=\"Weapon.Missile.LRM.LRM10\")": "/Game/Objects/Mechs/Catapult/Model/Weapons/Weapon_Mech_CPLT_Upperarm_Right_MH1_Missile20.Weapon_Mech_CPLT_Upperarm_Right_MH1_Missile20_C",
				"(TagName=\"Weapon.ArtemisMissile.LRM.LRM10\")": "/Game/Objects/Mechs/Catapult/Model/Weapons/Weapon_Mech_CPLT_Upperarm_Right_MH1_Missile20.Weapon_Mech_CPLT_Upperarm_Right_MH1_Missile20_C",
				"(TagName=\"Weapon.Missile.SRM.SRM6\")": "/Game/Objects/Mechs/Catapult/Model/Weapons/Weapon_Mech_CPLT_Upperarm_Right_MH1_Missile20.Weapon_Mech_CPLT_Upperarm_Right_MH1_Missile20_C",
				"(TagName=\"Weapon.ArtemisMissile.SRM.SRM6\")": "/Game/Objects/Mechs/Catapult/Model/Weapons/Weapon_Mech_CPLT_Upperarm_Right_MH1_Missile20.Weapon_Mech_CPLT_Upperarm_Right_MH1_Missile20_C",
				"(TagName=\"Weapon.Missile.NARC\")": "/Game/Objects/Mechs/Catapult/Model/Weapons/Weapon_Mech_CPLT_Upperarm_Right_MH1_Missile20.Weapon_Mech_CPLT_Upperarm_Right_MH1_Missile20_C",
				"(TagName=\"Weapon.Missile.LRM.LRM5\")": "/Game/Objects/Mechs/Catapult/Model/Weapons/Weapon_Mech_CPLT_Upperarm_Right_MH1_Missile20.Weapon_Mech_CPLT_Upperarm_Right_MH1_Missile20_C",
				"(TagName=\"Weapon.ArtemisMissile.LRM.LRM5\")": "/Game/Objects/Mechs/Catapult/Model/Weapons/Weapon_Mech_CPLT_Upperarm_Right_MH1_Missile20.Weapon_Mech_CPLT_Upperarm_Right_MH1_Missile20_C",
				"(TagName=\"Weapon.Missile.SRM.SRM4\")": "/Game/Objects/Mechs/Catapult/Model/Weapons/Weapon_Mech_CPLT_Upperarm_Right_MH1_Missile20.Weapon_Mech_CPLT_Upperarm_Right_MH1_Missile20_C",
				"(TagName=\"Weapon.ArtemisMissile.SRM.SRM4\")": "/Game/Objects/Mechs/Catapult/Model/Weapons/Weapon_Mech_CPLT_Upperarm_Right_MH1_Missile20.Weapon_Mech_CPLT_Upperarm_Right_MH1_Missile20_C",
				"(TagName=\"Weapon.Missile.SRM.SRM2\")": "/Game/Objects/Mechs/Catapult/Model/Weapons/Weapon_Mech_CPLT_Upperarm_Right_MH1_Missile20.Weapon_Mech_CPLT_Upperarm_Right_MH1_Missile20_C",
				"(TagName=\"Weapon.Missile.SRM.Streak.SRM2\")": "/Game/Objects/Mechs/Catapult/Model/Weapons/Weapon_Mech_CPLT_Upperarm_Right_MH1_Missile20.Weapon_Mech_CPLT_Upperarm_Right_MH1_Missile20_C",
				"(TagName=\"Weapon.ArtemisMissile.SRM.SRM2\")": "/Game/Objects/Mechs/Catapult/Model/Weapons/Weapon_Mech_CPLT_Upperarm_Right_MH1_Missile20.Weapon_Mech_CPLT_Upperarm_Right_MH1_Missile20_C",
				"(TagName=\"Weapon\")": "/Game/Objects/Mechs/Catapult/Model/Weapons/Weapon_Mech_CPLT_Upperarm_Right_MH1_Missile20.Weapon_Mech_CPLT_Upperarm_Right_MH1_Missile20_C",
				"()": "/Game/Objects/Mechs/Catapult/Model/Weapons/Weapon_Mech_CPLT_Upperarm_Right_MH1_Missile20.Weapon_Mech_CPLT_Upperarm_Right_MH1_Missile20_C"
			}
		},
		{
			"hardpointSlotId": "Upperarm_Right_MH2_lrm15",
			"mechSkeletonSocketId": "Upperarm_Right_Weapon",
			"mechPart": "RightArm",
			"bHideOnPartDestruction": true,
			"slotTypeAssetId":
			{
				"id": "MWSlotTypeDataAsset:LRM15_SlotType"
			},
			"hardpointVisuals":
			{
				"(TagName=\"Weapon.Missile.LRM.LRM15\")": "/Game/Objects/Mechs/Catapult/Model/Weapons/Weapon_Mech_CPLT_Upperarm_Right_MH2_Missile20.Weapon_Mech_CPLT_Upperarm_Right_MH2_Missile20_C",
				"(TagName=\"Weapon.Missile.LRM.LRM20\")": "/Game/Objects/Mechs/Catapult/Model/Weapons/Weapon_Mech_CPLT_Upperarm_Right_MH2_Missile20.Weapon_Mech_CPLT_Upperarm_Right_MH2_Missile20_C",
				"(TagName=\"Weapon.ArtemisMissile.LRM.LRM20\")": "/Game/Objects/Mechs/Catapult/Model/Weapons/Weapon_Mech_CPLT_Upperarm_Right_MH2_Missile20.Weapon_Mech_CPLT_Upperarm_Right_MH2_Missile20_C",
				"(TagName=\"Weapon.Missile.LRM.LRM20.Clan\")": "/Game/Objects/Mechs/Catapult/Model/Weapons/Weapon_Mech_CPLT_Upperarm_Right_MH2_Missile20.Weapon_Mech_CPLT_Upperarm_Right_MH2_Missile20_C",
				"(TagName=\"Weapon.ArtemisMissile.LRM.LRM15\")": "/Game/Objects/Mechs/Catapult/Model/Weapons/Weapon_Mech_CPLT_Upperarm_Right_MH2_Missile20.Weapon_Mech_CPLT_Upperarm_Right_MH2_Missile20_C",
				"(TagName=\"Weapon.Missile.LRM.LRM10\")": "/Game/Objects/Mechs/Catapult/Model/Weapons/Weapon_Mech_CPLT_Upperarm_Right_MH2_Missile20.Weapon_Mech_CPLT_Upperarm_Right_MH2_Missile20_C",
				"(TagName=\"Weapon.ArtemisMissile.LRM.LRM10\")": "/Game/Objects/Mechs/Catapult/Model/Weapons/Weapon_Mech_CPLT_Upperarm_Right_MH2_Missile20.Weapon_Mech_CPLT_Upperarm_Right_MH2_Missile20_C",
				"(TagName=\"Weapon.Missile.SRM.SRM6\")": "/Game/Objects/Mechs/Catapult/Model/Weapons/Weapon_Mech_CPLT_Upperarm_Right_MH2_Missile20.Weapon_Mech_CPLT_Upperarm_Right_MH2_Missile20_C",
				"(TagName=\"Weapon.ArtemisMissile.SRM.SRM6\")": "/Game/Objects/Mechs/Catapult/Model/Weapons/Weapon_Mech_CPLT_Upperarm_Right_MH2_Missile20.Weapon_Mech_CPLT_Upperarm_Right_MH2_Missile20_C",
				"(TagName=\"Weapon.Missile.NARC\")": "/Game/Objects/Mechs/Catapult/Model/Weapons/Weapon_Mech_CPLT_Upperarm_Right_MH2_Missile20.Weapon_Mech_CPLT_Upperarm_Right_MH2_Missile20_C",
				"(TagName=\"Weapon.Missile.LRM.LRM5\")": "/Game/Objects/Mechs/Catapult/Model/Weapons/Weapon_Mech_CPLT_Upperarm_Right_MH2_Missile20.Weapon_Mech_CPLT_Upperarm_Right_MH2_Missile20_C",
				"(TagName=\"Weapon.ArtemisMissile.LRM.LRM5\")": "/Game/Objects/Mechs/Catapult/Model/Weapons/Weapon_Mech_CPLT_Upperarm_Right_MH2_Missile20.Weapon_Mech_CPLT_Upperarm_Right_MH2_Missile20_C",
				"(TagName=\"Weapon.Missile.SRM.SRM4\")": "/Game/Objects/Mechs/Catapult/Model/Weapons/Weapon_Mech_CPLT_Upperarm_Right_MH2_Missile20.Weapon_Mech_CPLT_Upperarm_Right_MH2_Missile20_C",
				"(TagName=\"Weapon.ArtemisMissile.SRM.SRM4\")": "/Game/Objects/Mechs/Catapult/Model/Weapons/Weapon_Mech_CPLT_Upperarm_Right_MH2_Missile20.Weapon_Mech_CPLT_Upperarm_Right_MH2_Missile20_C",
				"(TagName=\"Weapon.Missile.SRM.SRM2\")": "/Game/Objects/Mechs/Catapult/Model/Weapons/Weapon_Mech_CPLT_Upperarm_Right_MH2_Missile20.Weapon_Mech_CPLT_Upperarm_Right_MH2_Missile20_C",
				"(TagName=\"Weapon.Missile.SRM.Streak.SRM2\")": "/Game/Objects/Mechs/Catapult/Model/Weapons/Weapon_Mech_CPLT_Upperarm_Right_MH2_Missile20.Weapon_Mech_CPLT_Upperarm_Right_MH2_Missile20_C",
				"(TagName=\"Weapon.ArtemisMissile.SRM.SRM2\")": "/Game/Objects/Mechs/Catapult/Model/Weapons/Weapon_Mech_CPLT_Upperarm_Right_MH2_Missile20.Weapon_Mech_CPLT_Upperarm_Right_MH2_Missile20_C",
				"(TagName=\"Weapon\")": "/Game/Objects/Mechs/Catapult/Model/Weapons/Weapon_Mech_CPLT_Upperarm_Right_MH2_Missile20.Weapon_Mech_CPLT_Upperarm_Right_MH2_Missile20_C",
				"()": "/Game/Objects/Mechs/Catapult/Model/Weapons/Weapon_Mech_CPLT_Upperarm_Right_MH2_Missile20.Weapon_Mech_CPLT_Upperarm_Right_MH2_Missile20_C"
			}
		},
		{
			"hardpointSlotId": "Upperarm_Right_MH3_lrm15",
			"mechSkeletonSocketId": "Upperarm_Right_Weapon",
			"mechPart": "RightArm",
			"bHideOnPartDestruction": true,
			"slotTypeAssetId":
			{
				"id": "MWSlotTypeDataAsset:LRM15_SlotType"
			},
			"hardpointVisuals":
			{
				"(TagName=\"Weapon.Missile.LRM.LRM15\")": "/Game/Objects/Mechs/Catapult/Model/Weapons/Weapon_Mech_CPLT_Upperarm_Right_MH3_Missile20.Weapon_Mech_CPLT_Upperarm_Right_MH3_Missile20_C",
				"(TagName=\"Weapon.Missile.LRM.LRM20\")": "/Game/Objects/Mechs/Catapult/Model/Weapons/Weapon_Mech_CPLT_Upperarm_Right_MH3_Missile20.Weapon_Mech_CPLT_Upperarm_Right_MH3_Missile20_C",
				"(TagName=\"Weapon.ArtemisMissile.LRM.LRM20\")": "/Game/Objects/Mechs/Catapult/Model/Weapons/Weapon_Mech_CPLT_Upperarm_Right_MH3_Missile20.Weapon_Mech_CPLT_Upperarm_Right_MH3_Missile20_C",
				"(TagName=\"Weapon.Missile.LRM.LRM20.Clan\")": "/Game/Objects/Mechs/Catapult/Model/Weapons/Weapon_Mech_CPLT_Upperarm_Right_MH3_Missile20.Weapon_Mech_CPLT_Upperarm_Right_MH3_Missile20_C",
				"(TagName=\"Weapon.ArtemisMissile.LRM.LRM15\")": "/Game/Objects/Mechs/Catapult/Model/Weapons/Weapon_Mech_CPLT_Upperarm_Right_MH3_Missile20.Weapon_Mech_CPLT_Upperarm_Right_MH3_Missile20_C",
				"(TagName=\"Weapon.Missile.LRM.LRM10\")": "/Game/Objects/Mechs/Catapult/Model/Weapons/Weapon_Mech_CPLT_Upperarm_Right_MH3_Missile20.Weapon_Mech_CPLT_Upperarm_Right_MH3_Missile20_C",
				"(TagName=\"Weapon.ArtemisMissile.LRM.LRM10\")": "/Game/Objects/Mechs/Catapult/Model/Weapons/Weapon_Mech_CPLT_Upperarm_Right_MH3_Missile20.Weapon_Mech_CPLT_Upperarm_Right_MH3_Missile20_C",
				"(TagName=\"Weapon.Missile.SRM.SRM6\")": "/Game/Objects/Mechs/Catapult/Model/Weapons/Weapon_Mech_CPLT_Upperarm_Right_MH3_Missile20.Weapon_Mech_CPLT_Upperarm_Right_MH3_Missile20_C",
				"(TagName=\"Weapon.ArtemisMissile.SRM.SRM6\")": "/Game/Objects/Mechs/Catapult/Model/Weapons/Weapon_Mech_CPLT_Upperarm_Right_MH3_Missile20.Weapon_Mech_CPLT_Upperarm_Right_MH3_Missile20_C",
				"(TagName=\"Weapon.Missile.NARC\")": "/Game/Objects/Mechs/Catapult/Model/Weapons/Weapon_Mech_CPLT_Upperarm_Right_MH3_Missile20.Weapon_Mech_CPLT_Upperarm_Right_MH3_Missile20_C",
				"(TagName=\"Weapon.Missile.LRM.LRM5\")": "/Game/Objects/Mechs/Catapult/Model/Weapons/Weapon_Mech_CPLT_Upperarm_Right_MH3_Missile20.Weapon_Mech_CPLT_Upperarm_Right_MH3_Missile20_C",
				"(TagName=\"Weapon.ArtemisMissile.LRM.LRM5\")": "/Game/Objects/Mechs/Catapult/Model/Weapons/Weapon_Mech_CPLT_Upperarm_Right_MH3_Missile20.Weapon_Mech_CPLT_Upperarm_Right_MH3_Missile20_C",
				"(TagName=\"Weapon.Missile.SRM.SRM4\")": "/Game/Objects/Mechs/Catapult/Model/Weapons/Weapon_Mech_CPLT_Upperarm_Right_MH3_Missile20.Weapon_Mech_CPLT_Upperarm_Right_MH3_Missile20_C",
				"(TagName=\"Weapon.ArtemisMissile.SRM.SRM4\")": "/Game/Objects/Mechs/Catapult/Model/Weapons/Weapon_Mech_CPLT_Upperarm_Right_MH3_Missile20.Weapon_Mech_CPLT_Upperarm_Right_MH3_Missile20_C",
				"(TagName=\"Weapon.Missile.SRM.SRM2\")": "/Game/Objects/Mechs/Catapult/Model/Weapons/Weapon_Mech_CPLT_Upperarm_Right_MH3_Missile20.Weapon_Mech_CPLT_Upperarm_Right_MH3_Missile20_C",
				"(TagName=\"Weapon.Missile.SRM.Streak.SRM2\")": "/Game/Objects/Mechs/Catapult/Model/Weapons/Weapon_Mech_CPLT_Upperarm_Right_MH3_Missile20.Weapon_Mech_CPLT_Upperarm_Right_MH3_Missile20_C",
				"(TagName=\"Weapon.ArtemisMissile.SRM.SRM2\")": "/Game/Objects/Mechs/Catapult/Model/Weapons/Weapon_Mech_CPLT_Upperarm_Right_MH3_Missile20.Weapon_Mech_CPLT_Upperarm_Right_MH3_Missile20_C",
				"(TagName=\"Weapon\")": "/Game/Objects/Mechs/Catapult/Model/Weapons/Weapon_Mech_CPLT_Upperarm_Right_MH3_Missile20.Weapon_Mech_CPLT_Upperarm_Right_MH3_Missile20_C",
				"()": "/Game/Objects/Mechs/Catapult/Model/Weapons/Weapon_Mech_CPLT_Upperarm_Right_MH3_Missile20.Weapon_Mech_CPLT_Upperarm_Right_MH3_Missile20_C"
			}
		},
		{
			"hardpointSlotId": "Upperarm_Left_MH1_lrm15",
			"mechSkeletonSocketId": "Upperarm_Left_Weapon",
			"mechPart": "LeftArm",
			"bHideOnPartDestruction": true,
			"slotTypeAssetId":
			{
				"id": "MWSlotTypeDataAsset:LRM15_SlotType"
			},
			"hardpointVisuals":
			{
				"(TagName=\"Weapon.Missile.LRM.LRM15\")": "/Game/Objects/Mechs/Catapult/Model/Weapons/Weapon_Mech_CPLT_Upperarm_Left_MH1_Missile20.Weapon_Mech_CPLT_Upperarm_Left_MH1_Missile20_C",
				"(TagName=\"Weapon.Missile.LRM.LRM20\")": "/Game/Objects/Mechs/Catapult/Model/Weapons/Weapon_Mech_CPLT_Upperarm_Left_MH1_Missile20.Weapon_Mech_CPLT_Upperarm_Left_MH1_Missile20_C",
				"(TagName=\"Weapon.ArtemisMissile.LRM.LRM20\")": "/Game/Objects/Mechs/Catapult/Model/Weapons/Weapon_Mech_CPLT_Upperarm_Left_MH1_Missile20.Weapon_Mech_CPLT_Upperarm_Left_MH1_Missile20_C",
				"(TagName=\"Weapon.Missile.LRM.LRM20.Clan\")": "/Game/Objects/Mechs/Catapult/Model/Weapons/Weapon_Mech_CPLT_Upperarm_Left_MH1_Missile20.Weapon_Mech_CPLT_Upperarm_Left_MH1_Missile20_C",
				"(TagName=\"Weapon.ArtemisMissile.LRM.LRM15\")": "/Game/Objects/Mechs/Catapult/Model/Weapons/Weapon_Mech_CPLT_Upperarm_Left_MH1_Missile20.Weapon_Mech_CPLT_Upperarm_Left_MH1_Missile20_C",
				"(TagName=\"Weapon.Missile.LRM.LRM10\")": "/Game/Objects/Mechs/Catapult/Model/Weapons/Weapon_Mech_CPLT_Upperarm_Left_MH1_Missile20.Weapon_Mech_CPLT_Upperarm_Left_MH1_Missile20_C",
				"(TagName=\"Weapon.ArtemisMissile.LRM.LRM10\")": "/Game/Objects/Mechs/Catapult/Model/Weapons/Weapon_Mech_CPLT_Upperarm_Left_MH1_Missile20.Weapon_Mech_CPLT_Upperarm_Left_MH1_Missile20_C",
				"(TagName=\"Weapon.Missile.SRM.SRM6\")": "/Game/Objects/Mechs/Catapult/Model/Weapons/Weapon_Mech_CPLT_Upperarm_Left_MH1_Missile20.Weapon_Mech_CPLT_Upperarm_Left_MH1_Missile20_C",
				"(TagName=\"Weapon.ArtemisMissile.SRM.SRM6\")": "/Game/Objects/Mechs/Catapult/Model/Weapons/Weapon_Mech_CPLT_Upperarm_Left_MH1_Missile20.Weapon_Mech_CPLT_Upperarm_Left_MH1_Missile20_C",
				"(TagName=\"Weapon.Missile.NARC\")": "/Game/Objects/Mechs/Catapult/Model/Weapons/Weapon_Mech_CPLT_Upperarm_Left_MH1_Missile20.Weapon_Mech_CPLT_Upperarm_Left_MH1_Missile20_C",
				"(TagName=\"Weapon.Missile.LRM.LRM5\")": "/Game/Objects/Mechs/Catapult/Model/Weapons/Weapon_Mech_CPLT_Upperarm_Left_MH1_Missile20.Weapon_Mech_CPLT_Upperarm_Left_MH1_Missile20_C",
				"(TagName=\"Weapon.ArtemisMissile.LRM.LRM5\")": "/Game/Objects/Mechs/Catapult/Model/Weapons/Weapon_Mech_CPLT_Upperarm_Left_MH1_Missile20.Weapon_Mech_CPLT_Upperarm_Left_MH1_Missile20_C",
				"(TagName=\"Weapon.Missile.SRM.SRM4\")": "/Game/Objects/Mechs/Catapult/Model/Weapons/Weapon_Mech_CPLT_Upperarm_Left_MH1_Missile20.Weapon_Mech_CPLT_Upperarm_Left_MH1_Missile20_C",
				"(TagName=\"Weapon.ArtemisMissile.SRM.SRM4\")": "/Game/Objects/Mechs/Catapult/Model/Weapons/Weapon_Mech_CPLT_Upperarm_Left_MH1_Missile20.Weapon_Mech_CPLT_Upperarm_Left_MH1_Missile20_C",
				"(TagName=\"Weapon.Missile.SRM.SRM2\")": "/Game/Objects/Mechs/Catapult/Model/Weapons/Weapon_Mech_CPLT_Upperarm_Left_MH1_Missile20.Weapon_Mech_CPLT_Upperarm_Left_MH1_Missile20_C",
				"(TagName=\"Weapon.Missile.SRM.Streak.SRM2\")": "/Game/Objects/Mechs/Catapult/Model/Weapons/Weapon_Mech_CPLT_Upperarm_Left_MH1_Missile20.Weapon_Mech_CPLT_Upperarm_Left_MH1_Missile20_C",
				"(TagName=\"Weapon.ArtemisMissile.SRM.SRM2\")": "/Game/Objects/Mechs/Catapult/Model/Weapons/Weapon_Mech_CPLT_Upperarm_Left_MH1_Missile20.Weapon_Mech_CPLT_Upperarm_Left_MH1_Missile20_C",
				"(TagName=\"Weapon\")": "/Game/Objects/Mechs/Catapult/Model/Weapons/Weapon_Mech_CPLT_Upperarm_Left_MH1_Missile20.Weapon_Mech_CPLT_Upperarm_Left_MH1_Missile20_C",
				"()": "/Game/Objects/Mechs/Catapult/Model/Weapons/Weapon_Mech_CPLT_Upperarm_Left_MH1_Missile20.Weapon_Mech_CPLT_Upperarm_Left_MH1_Missile20_C"
			}
		},
		{
			"hardpointSlotId": "Upperarm_Left_MH2_lrm15",
			"mechSkeletonSocketId": "Upperarm_Left_Weapon",
			"mechPart": "LeftArm",
			"bHideOnPartDestruction": true,
			"slotTypeAssetId":
			{
				"id": "MWSlotTypeDataAsset:LRM15_SlotType"
			},
			"hardpointVisuals":
			{
				"(TagName=\"Weapon.Missile.LRM.LRM15\")": "/Game/Objects/Mechs/Catapult/Model/Weapons/Weapon_Mech_CPLT_Upperarm_Left_MH2_Missile20.Weapon_Mech_CPLT_Upperarm_Left_MH2_Missile20_C",
				"(TagName=\"Weapon.Missile.LRM.LRM20\")": "/Game/Objects/Mechs/Catapult/Model/Weapons/Weapon_Mech_CPLT_Upperarm_Left_MH2_Missile20.Weapon_Mech_CPLT_Upperarm_Left_MH2_Missile20_C",
				"(TagName=\"Weapon.ArtemisMissile.LRM.LRM20\")": "/Game/Objects/Mechs/Catapult/Model/Weapons/Weapon_Mech_CPLT_Upperarm_Left_MH2_Missile20.Weapon_Mech_CPLT_Upperarm_Left_MH2_Missile20_C",
				"(TagName=\"Weapon.Missile.LRM.LRM20.Clan\")": "/Game/Objects/Mechs/Catapult/Model/Weapons/Weapon_Mech_CPLT_Upperarm_Left_MH2_Missile20.Weapon_Mech_CPLT_Upperarm_Left_MH2_Missile20_C",
				"(TagName=\"Weapon.ArtemisMissile.LRM.LRM15\")": "/Game/Objects/Mechs/Catapult/Model/Weapons/Weapon_Mech_CPLT_Upperarm_Left_MH2_Missile20.Weapon_Mech_CPLT_Upperarm_Left_MH2_Missile20_C",
				"(TagName=\"Weapon.Missile.LRM.LRM10\")": "/Game/Objects/Mechs/Catapult/Model/Weapons/Weapon_Mech_CPLT_Upperarm_Left_MH2_Missile20.Weapon_Mech_CPLT_Upperarm_Left_MH2_Missile20_C",
				"(TagName=\"Weapon.ArtemisMissile.LRM.LRM10\")": "/Game/Objects/Mechs/Catapult/Model/Weapons/Weapon_Mech_CPLT_Upperarm_Left_MH2_Missile20.Weapon_Mech_CPLT_Upperarm_Left_MH2_Missile20_C",
				"(TagName=\"Weapon.Missile.SRM.SRM6\")": "/Game/Objects/Mechs/Catapult/Model/Weapons/Weapon_Mech_CPLT_Upperarm_Left_MH2_Missile20.Weapon_Mech_CPLT_Upperarm_Left_MH2_Missile20_C",
				"(TagName=\"Weapon.ArtemisMissile.SRM.SRM6\")": "/Game/Objects/Mechs/Catapult/Model/Weapons/Weapon_Mech_CPLT_Upperarm_Left_MH2_Missile20.Weapon_Mech_CPLT_Upperarm_Left_MH2_Missile20_C",
				"(TagName=\"Weapon.Missile.NARC\")": "/Game/Objects/Mechs/Catapult/Model/Weapons/Weapon_Mech_CPLT_Upperarm_Left_MH2_Missile20.Weapon_Mech_CPLT_Upperarm_Left_MH2_Missile20_C",
				"(TagName=\"Weapon.Missile.LRM.LRM5\")": "/Game/Objects/Mechs/Catapult/Model/Weapons/Weapon_Mech_CPLT_Upperarm_Left_MH2_Missile20.Weapon_Mech_CPLT_Upperarm_Left_MH2_Missile20_C",
				"(TagName=\"Weapon.ArtemisMissile.LRM.LRM5\")": "/Game/Objects/Mechs/Catapult/Model/Weapons/Weapon_Mech_CPLT_Upperarm_Left_MH2_Missile20.Weapon_Mech_CPLT_Upperarm_Left_MH2_Missile20_C",
				"(TagName=\"Weapon.Missile.SRM.SRM4\")": "/Game/Objects/Mechs/Catapult/Model/Weapons/Weapon_Mech_CPLT_Upperarm_Left_MH2_Missile20.Weapon_Mech_CPLT_Upperarm_Left_MH2_Missile20_C",
				"(TagName=\"Weapon.ArtemisMissile.SRM.SRM4\")": "/Game/Objects/Mechs/Catapult/Model/Weapons/Weapon_Mech_CPLT_Upperarm_Left_MH2_Missile20.Weapon_Mech_CPLT_Upperarm_Left_MH2_Missile20_C",
				"(TagName=\"Weapon.Missile.SRM.SRM2\")": "/Game/Objects/Mechs/Catapult/Model/Weapons/Weapon_Mech_CPLT_Upperarm_Left_MH2_Missile20.Weapon_Mech_CPLT_Upperarm_Left_MH2_Missile20_C",
				"(TagName=\"Weapon.Missile.SRM.Streak.SRM2\")": "/Game/Objects/Mechs/Catapult/Model/Weapons/Weapon_Mech_CPLT_Upperarm_Left_MH2_Missile20.Weapon_Mech_CPLT_Upperarm_Left_MH2_Missile20_C",
				"(TagName=\"Weapon.ArtemisMissile.SRM.SRM2\")": "/Game/Objects/Mechs/Catapult/Model/Weapons/Weapon_Mech_CPLT_Upperarm_Left_MH2_Missile20.Weapon_Mech_CPLT_Upperarm_Left_MH2_Missile20_C",
				"(TagName=\"Weapon\")": "/Game/Objects/Mechs/Catapult/Model/Weapons/Weapon_Mech_CPLT_Upperarm_Left_MH2_Missile20.Weapon_Mech_CPLT_Upperarm_Left_MH2_Missile20_C",
				"()": "/Game/Objects/Mechs/Catapult/Model/Weapons/Weapon_Mech_CPLT_Upperarm_Left_MH2_Missile20.Weapon_Mech_CPLT_Upperarm_Left_MH2_Missile20_C"
			}
		},
		{
			"hardpointSlotId": "Upperarm_Left_MH3_lrm15",
			"mechSkeletonSocketId": "Upperarm_Left_Weapon",
			"mechPart": "LeftArm",
			"bHideOnPartDestruction": true,
			"slotTypeAssetId":
			{
				"id": "MWSlotTypeDataAsset:LRM15_SlotType"
			},
			"hardpointVisuals":
			{
				"(TagName=\"Weapon.Missile.LRM.LRM15\")": "/Game/Objects/Mechs/Catapult/Model/Weapons/Weapon_Mech_CPLT_Upperarm_Left_MH3_Missile20.Weapon_Mech_CPLT_Upperarm_Left_MH3_Missile20_C",
				"(TagName=\"Weapon.Missile.LRM.LRM20\")": "/Game/Objects/Mechs/Catapult/Model/Weapons/Weapon_Mech_CPLT_Upperarm_Left_MH3_Missile20.Weapon_Mech_CPLT_Upperarm_Left_MH3_Missile20_C",
				"(TagName=\"Weapon.ArtemisMissile.LRM.LRM20\")": "/Game/Objects/Mechs/Catapult/Model/Weapons/Weapon_Mech_CPLT_Upperarm_Left_MH3_Missile20.Weapon_Mech_CPLT_Upperarm_Left_MH3_Missile20_C",
				"(TagName=\"Weapon.Missile.LRM.LRM20.Clan\")": "/Game/Objects/Mechs/Catapult/Model/Weapons/Weapon_Mech_CPLT_Upperarm_Left_MH3_Missile20.Weapon_Mech_CPLT_Upperarm_Left_MH3_Missile20_C",
				"(TagName=\"Weapon.ArtemisMissile.LRM.LRM15\")": "/Game/Objects/Mechs/Catapult/Model/Weapons/Weapon_Mech_CPLT_Upperarm_Left_MH3_Missile20.Weapon_Mech_CPLT_Upperarm_Left_MH3_Missile20_C",
				"(TagName=\"Weapon.Missile.LRM.LRM10\")": "/Game/Objects/Mechs/Catapult/Model/Weapons/Weapon_Mech_CPLT_Upperarm_Left_MH3_Missile20.Weapon_Mech_CPLT_Upperarm_Left_MH3_Missile20_C",
				"(TagName=\"Weapon.ArtemisMissile.LRM.LRM10\")": "/Game/Objects/Mechs/Catapult/Model/Weapons/Weapon_Mech_CPLT_Upperarm_Left_MH3_Missile20.Weapon_Mech_CPLT_Upperarm_Left_MH3_Missile20_C",
				"(TagName=\"Weapon.Missile.SRM.SRM6\")": "/Game/Objects/Mechs/Catapult/Model/Weapons/Weapon_Mech_CPLT_Upperarm_Left_MH3_Missile20.Weapon_Mech_CPLT_Upperarm_Left_MH3_Missile20_C",
				"(TagName=\"Weapon.ArtemisMissile.SRM.SRM6\")": "/Game/Objects/Mechs/Catapult/Model/Weapons/Weapon_Mech_CPLT_Upperarm_Left_MH3_Missile20.Weapon_Mech_CPLT_Upperarm_Left_MH3_Missile20_C",
				"(TagName=\"Weapon.Missile.NARC\")": "/Game/Objects/Mechs/Catapult/Model/Weapons/Weapon_Mech_CPLT_Upperarm_Left_MH3_Missile20.Weapon_Mech_CPLT_Upperarm_Left_MH3_Missile20_C",
				"(TagName=\"Weapon.Missile.LRM.LRM5\")": "/Game/Objects/Mechs/Catapult/Model/Weapons/Weapon_Mech_CPLT_Upperarm_Left_MH3_Missile20.Weapon_Mech_CPLT_Upperarm_Left_MH3_Missile20_C",
				"(TagName=\"Weapon.ArtemisMissile.LRM.LRM5\")": "/Game/Objects/Mechs/Catapult/Model/Weapons/Weapon_Mech_CPLT_Upperarm_Left_MH3_Missile20.Weapon_Mech_CPLT_Upperarm_Left_MH3_Missile20_C",
				"(TagName=\"Weapon.Missile.SRM.SRM4\")": "/Game/Objects/Mechs/Catapult/Model/Weapons/Weapon_Mech_CPLT_Upperarm_Left_MH3_Missile20.Weapon_Mech_CPLT_Upperarm_Left_MH3_Missile20_C",
				"(TagName=\"Weapon.ArtemisMissile.SRM.SRM4\")": "/Game/Objects/Mechs/Catapult/Model/Weapons/Weapon_Mech_CPLT_Upperarm_Left_MH3_Missile20.Weapon_Mech_CPLT_Upperarm_Left_MH3_Missile20_C",
				"(TagName=\"Weapon.Missile.SRM.SRM2\")": "/Game/Objects/Mechs/Catapult/Model/Weapons/Weapon_Mech_CPLT_Upperarm_Left_MH3_Missile20.Weapon_Mech_CPLT_Upperarm_Left_MH3_Missile20_C",
				"(TagName=\"Weapon.Missile.SRM.Streak.SRM2\")": "/Game/Objects/Mechs/Catapult/Model/Weapons/Weapon_Mech_CPLT_Upperarm_Left_MH3_Missile20.Weapon_Mech_CPLT_Upperarm_Left_MH3_Missile20_C",
				"(TagName=\"Weapon.ArtemisMissile.SRM.SRM2\")": "/Game/Objects/Mechs/Catapult/Model/Weapons/Weapon_Mech_CPLT_Upperarm_Left_MH3_Missile20.Weapon_Mech_CPLT_Upperarm_Left_MH3_Missile20_C",
				"(TagName=\"Weapon\")": "/Game/Objects/Mechs/Catapult/Model/Weapons/Weapon_Mech_CPLT_Upperarm_Left_MH3_Missile20.Weapon_Mech_CPLT_Upperarm_Left_MH3_Missile20_C",
				"()": "/Game/Objects/Mechs/Catapult/Model/Weapons/Weapon_Mech_CPLT_Upperarm_Left_MH3_Missile20.Weapon_Mech_CPLT_Upperarm_Left_MH3_Missile20_C"
			}
		},
		{
			"hardpointSlotId": "Torso_Left_EH1_mediumlaser",
			"mechSkeletonSocketId": "Torso_Weapon",
			"mechPart": "LeftTorso",
			"bHideOnPartDestruction": false,
			"slotTypeAssetId":
			{
				"id": "MWSlotTypeDataAsset:LargeLaser_SlotType"
			},
			"hardpointVisuals":
			{
				"(TagName=\"Weapon.Energy.Laser.Standard.Medium\")": "/Game/Objects/Mechs/Catapult/Model/Weapons/Weapon_Mech_CPLT_Torso_Left_EH1_Laser.Weapon_Mech_CPLT_Torso_Left_EH1_Laser_C",
				"(TagName=\"Weapon.Energy.ParticleCannon.HPPC\")": "/Game/Objects/Mechs/Catapult/Model/Weapons/Weapon_Mech_CPLT_Torso_Left_EH1_HPPC.Weapon_Mech_CPLT_Torso_Left_EH1_HPPC_C",
				"(TagName=\"Weapon.Energy.ParticleCannon.PPC\")": "/Game/Objects/Mechs/Catapult/Model/Weapons/Weapon_Mech_CPLT_Torso_Left_EH1_PPC.Weapon_Mech_CPLT_Torso_Left_EH1_PPC_C",
				"(TagName=\"Weapon.Energy.ParticleCannon.ERPPC\")": "/Game/Objects/Mechs/Catapult/Model/Weapons/Weapon_Mech_CPLT_Torso_Left_EH1_PPC.Weapon_Mech_CPLT_Torso_Left_EH1_PPC_C",
				"(TagName=\"Weapon.Energy.ParticleCannon.SNPPC\")": "/Game/Objects/Mechs/Catapult/Model/Weapons/Weapon_Mech_CPLT_Torso_Left_EH1_SNPPC.Weapon_Mech_CPLT_Torso_Left_EH1_SNPPC_C",
				"(TagName=\"Weapon.Energy.ParticleCannon.LPPC\")": "/Game/Objects/Mechs/Catapult/Model/Weapons/Weapon_Mech_CPLT_Torso_Left_EH1_LPPC.Weapon_Mech_CPLT_Torso_Left_EH1_LPPC_C",
				"(TagName=\"Weapon.Energy.Laser.Standard.Large\")": "/Game/Objects/Mechs/Catapult/Model/Weapons/Weapon_Mech_CPLT_Torso_Left_EH1_Laser.Weapon_Mech_CPLT_Torso_Left_EH1_Laser_C",
				"(TagName=\"Weapon.Energy.Laser.ER.Large\")": "/Game/Objects/Mechs/Catapult/Model/Weapons/Weapon_Mech_CPLT_Torso_Left_EH1_Laser.Weapon_Mech_CPLT_Torso_Left_EH1_Laser_C",
				"(TagName=\"Weapon.Energy.Laser.ER.Large.Clan\")": "/Game/Objects/Mechs/Catapult/Model/Weapons/Weapon_Mech_CPLT_Torso_Left_EH1_Laser.Weapon_Mech_CPLT_Torso_Left_EH1_Laser_C",
				"(TagName=\"Weapon.Energy.Laser.Pulse.Large\")": "/Game/Objects/Mechs/Catapult/Model/Weapons/Weapon_Mech_CPLT_Torso_Left_EH1_Laser.Weapon_Mech_CPLT_Torso_Left_EH1_Laser_C",
				"(TagName=\"Weapon.Energy.Laser.ER.Medium.Clan\")": "/Game/Objects/Mechs/Catapult/Model/Weapons/Weapon_Mech_CPLT_Torso_Left_EH1_Laser.Weapon_Mech_CPLT_Torso_Left_EH1_Laser_C",
				"(TagName=\"Weapon.Energy.Laser.Pulse.Medium\")": "/Game/Objects/Mechs/Catapult/Model/Weapons/Weapon_Mech_CPLT_Torso_Left_EH1_Laser.Weapon_Mech_CPLT_Torso_Left_EH1_Laser_C",
				"(TagName=\"Weapon.Energy.Laser.Pulse.Medium.Clan\")": "/Game/Objects/Mechs/Catapult/Model/Weapons/Weapon_Mech_CPLT_Torso_Left_EH1_Laser.Weapon_Mech_CPLT_Torso_Left_EH1_Laser_C",
				"(TagName=\"Weapon.Energy.Laser.Standard.Small\")": "/Game/Objects/Mechs/Catapult/Model/Weapons/Weapon_Mech_CPLT_Torso_Left_EH1_Laser.Weapon_Mech_CPLT_Torso_Left_EH1_Laser_C",
				"(TagName=\"Weapon.Energy.Laser.Pulse.Small\")": "/Game/Objects/Mechs/Catapult/Model/Weapons/Weapon_Mech_CPLT_Torso_Left_EH1_Laser.Weapon_Mech_CPLT_Torso_Left_EH1_Laser_C",
				"(TagName=\"Weapon.Energy.TAG\")": "/Game/Objects/Mechs/Catapult/Model/Weapons/Weapon_Mech_CPLT_Torso_Left_EH1_Laser.Weapon_Mech_CPLT_Torso_Left_EH1_Laser_C",
				"(TagName=\"Weapon.Energy.Flamer\")": "/Game/Objects/Mechs/Catapult/Model/Weapons/Weapon_Mech_CPLT_Torso_Left_EH1_Flamer.Weapon_Mech_CPLT_Torso_Left_EH1_Flamer_C",
				"(TagName=\"Weapon.Energy.ParticleCannon\")": "/Game/Objects/Mechs/Catapult/Model/Weapons/Weapon_Mech_CPLT_Torso_Left_EH1_SNPPC.Weapon_Mech_CPLT_Torso_Left_EH1_SNPPC_C",
				"(TagName=\"Weapon\")": "/Game/Objects/Mechs/Catapult/Model/Weapons/Weapon_Mech_CPLT_Torso_Left_EH1_Laser.Weapon_Mech_CPLT_Torso_Left_EH1_Laser_C",
				"()": "None"
			}
		},
		{
			"hardpointSlotId": "Torso_Center_EH1_mediumlaser",
			"mechSkeletonSocketId": "Torso_Weapon",
			"mechPart": "CenterTorso",
			"bHideOnPartDestruction": false,
			"slotTypeAssetId":
			{
				"id": "MWSlotTypeDataAsset:MediumLaser_SlotType"
			},
			"hardpointVisuals":
			{
				"(TagName=\"Weapon.Energy.Laser.Standard.Medium\")": "/Game/Objects/Mechs/Catapult/Model/Weapons/Weapon_Mech_CPLT_Torso_Center_EH1_Laser.Weapon_Mech_CPLT_Torso_Center_EH1_Laser_C",
				"(TagName=\"Weapon.Energy.ParticleCannon.SNPPC\")": "/Game/Objects/Mechs/Catapult/Model/Weapons/Weapon_Mech_CPLT_Torso_Center_EH1_SNPPC.Weapon_Mech_CPLT_Torso_Center_EH1_SNPPC_C",
				"(TagName=\"Weapon.Energy.ParticleCannon.LPPC\")": "/Game/Objects/Mechs/Catapult/Model/Weapons/Weapon_Mech_CPLT_Torso_Center_EH1_LPPC.Weapon_Mech_CPLT_Torso_Center_EH1_LPPC_C",
				"(TagName=\"Weapon.Energy.Laser.Standard.Large\")": "/Game/Objects/Mechs/Catapult/Model/Weapons/Weapon_Mech_CPLT_Torso_Center_EH1_Laser.Weapon_Mech_CPLT_Torso_Center_EH1_Laser_C",
				"(TagName=\"Weapon.Energy.Laser.ER.Large\")": "/Game/Objects/Mechs/Catapult/Model/Weapons/Weapon_Mech_CPLT_Torso_Center_EH1_Laser.Weapon_Mech_CPLT_Torso_Center_EH1_Laser_C",
				"(TagName=\"Weapon.Energy.Laser.ER.Large.Clan\")": "/Game/Objects/Mechs/Catapult/Model/Weapons/Weapon_Mech_CPLT_Torso_Center_EH1_Laser.Weapon_Mech_CPLT_Torso_Center_EH1_Laser_C",
				"(TagName=\"Weapon.Energy.Laser.Pulse.Large\")": "/Game/Objects/Mechs/Catapult/Model/Weapons/Weapon_Mech_CPLT_Torso_Center_EH1_Laser.Weapon_Mech_CPLT_Torso_Center_EH1_Laser_C",
				"(TagName=\"Weapon.Energy.Laser.ER.Medium.Clan\")": "/Game/Objects/Mechs/Catapult/Model/Weapons/Weapon_Mech_CPLT_Torso_Center_EH1_Laser.Weapon_Mech_CPLT_Torso_Center_EH1_Laser_C",
				"(TagName=\"Weapon.Energy.Laser.Pulse.Medium\")": "/Game/Objects/Mechs/Catapult/Model/Weapons/Weapon_Mech_CPLT_Torso_Center_EH1_Laser.Weapon_Mech_CPLT_Torso_Center_EH1_Laser_C",
				"(TagName=\"Weapon.Energy.Laser.Pulse.Medium.Clan\")": "/Game/Objects/Mechs/Catapult/Model/Weapons/Weapon_Mech_CPLT_Torso_Center_EH1_Laser.Weapon_Mech_CPLT_Torso_Center_EH1_Laser_C",
				"(TagName=\"Weapon.Energy.Laser.Standard.Small\")": "/Game/Objects/Mechs/Catapult/Model/Weapons/Weapon_Mech_CPLT_Torso_Center_EH1_Laser.Weapon_Mech_CPLT_Torso_Center_EH1_Laser_C",
				"(TagName=\"Weapon.Energy.Laser.Pulse.Small\")": "/Game/Objects/Mechs/Catapult/Model/Weapons/Weapon_Mech_CPLT_Torso_Center_EH1_Laser.Weapon_Mech_CPLT_Torso_Center_EH1_Laser_C",
				"(TagName=\"Weapon.Energy.TAG\")": "/Game/Objects/Mechs/Catapult/Model/Weapons/Weapon_Mech_CPLT_Torso_Center_EH1_Laser.Weapon_Mech_CPLT_Torso_Center_EH1_Laser_C",
				"(TagName=\"Weapon.Energy.Flamer\")": "/Game/Objects/Mechs/Catapult/Model/Weapons/Weapon_Mech_CPLT_Torso_Center_EH1_Flamer.Weapon_Mech_CPLT_Torso_Center_EH1_Flamer_C",
				"(TagName=\"Weapon.Energy.ParticleCannon\")": "/Game/Objects/Mechs/Catapult/Model/Weapons/Weapon_Mech_CPLT_Torso_Center_EH1_SNPPC.Weapon_Mech_CPLT_Torso_Center_EH1_SNPPC_C",
				"(TagName=\"Weapon\")": "/Game/Objects/Mechs/Catapult/Model/Weapons/Weapon_Mech_CPLT_Torso_Center_EH1_Laser.Weapon_Mech_CPLT_Torso_Center_EH1_Laser_C",
				"()": "None"
			}
		},
		{
			"hardpointSlotId": "Torso_Center_EH2_mediumlaser",
			"mechSkeletonSocketId": "Torso_Weapon",
			"mechPart": "CenterTorso",
			"bHideOnPartDestruction": false,
			"slotTypeAssetId":
			{
				"id": "MWSlotTypeDataAsset:MediumLaser_SlotType"
			},
			"hardpointVisuals":
			{
				"(TagName=\"Weapon.Energy.Laser.Standard.Medium\")": "/Game/Objects/Mechs/Catapult/Model/Weapons/Weapon_Mech_CPLT_Torso_Center_EH2_Laser.Weapon_Mech_CPLT_Torso_Center_EH2_Laser_C",
				"(TagName=\"Weapon.Energy.Laser.Standard.Large\")": "/Game/Objects/Mechs/Catapult/Model/Weapons/Weapon_Mech_CPLT_Torso_Center_EH2_Laser.Weapon_Mech_CPLT_Torso_Center_EH2_Laser_C",
				"(TagName=\"Weapon.Energy.Laser.ER.Large\")": "/Game/Objects/Mechs/Catapult/Model/Weapons/Weapon_Mech_CPLT_Torso_Center_EH2_Laser.Weapon_Mech_CPLT_Torso_Center_EH2_Laser_C",
				"(TagName=\"Weapon.Energy.Laser.ER.Large.Clan\")": "/Game/Objects/Mechs/Catapult/Model/Weapons/Weapon_Mech_CPLT_Torso_Center_EH2_Laser.Weapon_Mech_CPLT_Torso_Center_EH2_Laser_C",
				"(TagName=\"Weapon.Energy.Laser.Pulse.Large\")": "/Game/Objects/Mechs/Catapult/Model/Weapons/Weapon_Mech_CPLT_Torso_Center_EH2_Laser.Weapon_Mech_CPLT_Torso_Center_EH2_Laser_C",
				"(TagName=\"Weapon.Energy.Laser.ER.Medium.Clan\")": "/Game/Objects/Mechs/Catapult/Model/Weapons/Weapon_Mech_CPLT_Torso_Center_EH2_Laser.Weapon_Mech_CPLT_Torso_Center_EH2_Laser_C",
				"(TagName=\"Weapon.Energy.Laser.Pulse.Medium\")": "/Game/Objects/Mechs/Catapult/Model/Weapons/Weapon_Mech_CPLT_Torso_Center_EH2_Laser.Weapon_Mech_CPLT_Torso_Center_EH2_Laser_C",
				"(TagName=\"Weapon.Energy.Laser.Pulse.Medium.Clan\")": "/Game/Objects/Mechs/Catapult/Model/Weapons/Weapon_Mech_CPLT_Torso_Center_EH2_Laser.Weapon_Mech_CPLT_Torso_Center_EH2_Laser_C",
				"(TagName=\"Weapon.Energy.Laser.Standard.Small\")": "/Game/Objects/Mechs/Catapult/Model/Weapons/Weapon_Mech_CPLT_Torso_Center_EH2_Laser.Weapon_Mech_CPLT_Torso_Center_EH2_Laser_C",
				"(TagName=\"Weapon.Energy.Laser.Pulse.Small\")": "/Game/Objects/Mechs/Catapult/Model/Weapons/Weapon_Mech_CPLT_Torso_Center_EH2_Laser.Weapon_Mech_CPLT_Torso_Center_EH2_Laser_C",
				"(TagName=\"Weapon.Energy.TAG\")": "/Game/Objects/Mechs/Catapult/Model/Weapons/Weapon_Mech_CPLT_Torso_Center_EH2_Laser.Weapon_Mech_CPLT_Torso_Center_EH2_Laser_C",
				"(TagName=\"Weapon.Energy.Flamer\")": "/Game/Objects/Mechs/Catapult/Model/Weapons/Weapon_Mech_CPLT_Torso_Center_EH2_Flamer.Weapon_Mech_CPLT_Torso_Center_EH2_Flamer_C",
				"(TagName=\"Weapon\")": "/Game/Objects/Mechs/Catapult/Model/Weapons/Weapon_Mech_CPLT_Torso_Center_EH2_Laser.Weapon_Mech_CPLT_Torso_Center_EH2_Laser_C",
				"()": "None"
			}
		},
		{
			"hardpointSlotId": "Torso_Right_EH1_mediumlaser",
			"mechSkeletonSocketId": "Torso_Weapon",
			"mechPart": "RightTorso",
			"bHideOnPartDestruction": false,
			"slotTypeAssetId":
			{
				"id": "MWSlotTypeDataAsset:LargeLaser_SlotType"
			},
			"hardpointVisuals":
			{
				"(TagName=\"Weapon.Energy.Laser.Standard.Medium\")": "/Game/Objects/Mechs/Catapult/Model/Weapons/Weapon_Mech_CPLT_Torso_Right_EH1_Laser.Weapon_Mech_CPLT_Torso_Right_EH1_Laser_C",
				"(TagName=\"Weapon.Energy.ParticleCannon.HPPC\")": "/Game/Objects/Mechs/Catapult/Model/Weapons/Weapon_Mech_CPLT_Torso_Right_EH1_HPPC.Weapon_Mech_CPLT_Torso_Right_EH1_HPPC_C",
				"(TagName=\"Weapon.Energy.ParticleCannon.PPC\")": "/Game/Objects/Mechs/Catapult/Model/Weapons/Weapon_Mech_CPLT_Torso_Right_EH1_PPC.Weapon_Mech_CPLT_Torso_Right_EH1_PPC_C",
				"(TagName=\"Weapon.Energy.ParticleCannon.ERPPC\")": "/Game/Objects/Mechs/Catapult/Model/Weapons/Weapon_Mech_CPLT_Torso_Right_EH1_PPC.Weapon_Mech_CPLT_Torso_Right_EH1_PPC_C",
				"(TagName=\"Weapon.Energy.ParticleCannon.SNPPC\")": "/Game/Objects/Mechs/Catapult/Model/Weapons/Weapon_Mech_CPLT_Torso_Right_EH1_SNPPC.Weapon_Mech_CPLT_Torso_Right_EH1_SNPPC_C",
				"(TagName=\"Weapon.Energy.ParticleCannon.LPPC\")": "/Game/Objects/Mechs/Catapult/Model/Weapons/Weapon_Mech_CPLT_Torso_Right_EH1_LPPC.Weapon_Mech_CPLT_Torso_Right_EH1_LPPC_C",
				"(TagName=\"Weapon.Energy.Laser.Standard.Large\")": "/Game/Objects/Mechs/Catapult/Model/Weapons/Weapon_Mech_CPLT_Torso_Right_EH1_Laser.Weapon_Mech_CPLT_Torso_Right_EH1_Laser_C",
				"(TagName=\"Weapon.Energy.Laser.ER.Large\")": "/Game/Objects/Mechs/Catapult/Model/Weapons/Weapon_Mech_CPLT_Torso_Right_EH1_Laser.Weapon_Mech_CPLT_Torso_Right_EH1_Laser_C",
				"(TagName=\"Weapon.Energy.Laser.ER.Large.Clan\")": "/Game/Objects/Mechs/Catapult/Model/Weapons/Weapon_Mech_CPLT_Torso_Right_EH1_Laser.Weapon_Mech_CPLT_Torso_Right_EH1_Laser_C",
				"(TagName=\"Weapon.Energy.Laser.Pulse.Large\")": "/Game/Objects/Mechs/Catapult/Model/Weapons/Weapon_Mech_CPLT_Torso_Right_EH1_Laser.Weapon_Mech_CPLT_Torso_Right_EH1_Laser_C",
				"(TagName=\"Weapon.Energy.Laser.ER.Medium.Clan\")": "/Game/Objects/Mechs/Catapult/Model/Weapons/Weapon_Mech_CPLT_Torso_Right_EH1_Laser.Weapon_Mech_CPLT_Torso_Right_EH1_Laser_C",
				"(TagName=\"Weapon.Energy.Laser.Pulse.Medium\")": "/Game/Objects/Mechs/Catapult/Model/Weapons/Weapon_Mech_CPLT_Torso_Right_EH1_Laser.Weapon_Mech_CPLT_Torso_Right_EH1_Laser_C",
				"(TagName=\"Weapon.Energy.Laser.Pulse.Medium.Clan\")": "/Game/Objects/Mechs/Catapult/Model/Weapons/Weapon_Mech_CPLT_Torso_Right_EH1_Laser.Weapon_Mech_CPLT_Torso_Right_EH1_Laser_C",
				"(TagName=\"Weapon.Energy.Laser.Standard.Small\")": "/Game/Objects/Mechs/Catapult/Model/Weapons/Weapon_Mech_CPLT_Torso_Right_EH1_Laser.Weapon_Mech_CPLT_Torso_Right_EH1_Laser_C",
				"(TagName=\"Weapon.Energy.Laser.Pulse.Small\")": "/Game/Objects/Mechs/Catapult/Model/Weapons/Weapon_Mech_CPLT_Torso_Right_EH1_Laser.Weapon_Mech_CPLT_Torso_Right_EH1_Laser_C",
				"(TagName=\"Weapon.Energy.TAG\")": "/Game/Objects/Mechs/Catapult/Model/Weapons/Weapon_Mech_CPLT_Torso_Right_EH1_Laser.Weapon_Mech_CPLT_Torso_Right_EH1_Laser_C",
				"(TagName=\"Weapon.Energy.Flamer\")": "/Game/Objects/Mechs/Catapult/Model/Weapons/Weapon_Mech_CPLT_Torso_Right_EH1_Flamer.Weapon_Mech_CPLT_Torso_Right_EH1_Flamer_C",
				"(TagName=\"Weapon.Energy.ParticleCannon\")": "/Game/Objects/Mechs/Catapult/Model/Weapons/Weapon_Mech_CPLT_Torso_Right_EH1_SNPPC.Weapon_Mech_CPLT_Torso_Right_EH1_SNPPC_C",
				"(TagName=\"Weapon\")": "/Game/Objects/Mechs/Catapult/Model/Weapons/Weapon_Mech_CPLT_Torso_Right_EH1_Laser.Weapon_Mech_CPLT_Torso_Right_EH1_Laser_C",
				"()": "None"
			}
		},
		{
			"hardpointSlotId": "Upperarm_Right_MH1_srm6",
			"mechSkeletonSocketId": "Upperarm_Right_Weapon",
			"mechPart": "RightArm",
			"bHideOnPartDestruction": true,
			"slotTypeAssetId":
			{
				"id": "MWSlotTypeDataAsset:SRM6_SlotType"
			},
			"hardpointVisuals":
			{
				"(TagName=\"Weapon.Missile.SRM.SRM6\")": "/Game/Objects/Mechs/Catapult/Model/Weapons/Weapon_Mech_CPLT_Upperarm_Right_MH1_Missile20.Weapon_Mech_CPLT_Upperarm_Right_MH1_Missile20_C",
				"(TagName=\"Weapon.Missile.LRM.LRM20\")": "/Game/Objects/Mechs/Catapult/Model/Weapons/Weapon_Mech_CPLT_Upperarm_Right_MH1_Missile20.Weapon_Mech_CPLT_Upperarm_Right_MH1_Missile20_C",
				"(TagName=\"Weapon.ArtemisMissile.LRM.LRM20\")": "/Game/Objects/Mechs/Catapult/Model/Weapons/Weapon_Mech_CPLT_Upperarm_Right_MH1_Missile20.Weapon_Mech_CPLT_Upperarm_Right_MH1_Missile20_C",
				"(TagName=\"Weapon.Missile.LRM.LRM20.Clan\")": "/Game/Objects/Mechs/Catapult/Model/Weapons/Weapon_Mech_CPLT_Upperarm_Right_MH1_Missile20.Weapon_Mech_CPLT_Upperarm_Right_MH1_Missile20_C",
				"(TagName=\"Weapon.Missile.LRM.LRM15\")": "/Game/Objects/Mechs/Catapult/Model/Weapons/Weapon_Mech_CPLT_Upperarm_Right_MH1_Missile20.Weapon_Mech_CPLT_Upperarm_Right_MH1_Missile20_C",
				"(TagName=\"Weapon.ArtemisMissile.LRM.LRM15\")": "/Game/Objects/Mechs/Catapult/Model/Weapons/Weapon_Mech_CPLT_Upperarm_Right_MH1_Missile20.Weapon_Mech_CPLT_Upperarm_Right_MH1_Missile20_C",
				"(TagName=\"Weapon.Missile.LRM.LRM10\")": "/Game/Objects/Mechs/Catapult/Model/Weapons/Weapon_Mech_CPLT_Upperarm_Right_MH1_Missile20.Weapon_Mech_CPLT_Upperarm_Right_MH1_Missile20_C",
				"(TagName=\"Weapon.ArtemisMissile.LRM.LRM10\")": "/Game/Objects/Mechs/Catapult/Model/Weapons/Weapon_Mech_CPLT_Upperarm_Right_MH1_Missile20.Weapon_Mech_CPLT_Upperarm_Right_MH1_Missile20_C",
				"(TagName=\"Weapon.ArtemisMissile.SRM.SRM6\")": "/Game/Objects/Mechs/Catapult/Model/Weapons/Weapon_Mech_CPLT_Upperarm_Right_MH1_Missile20.Weapon_Mech_CPLT_Upperarm_Right_MH1_Missile20_C",
				"(TagName=\"Weapon.Missile.NARC\")": "/Game/Objects/Mechs/Catapult/Model/Weapons/Weapon_Mech_CPLT_Upperarm_Right_MH1_Missile20.Weapon_Mech_CPLT_Upperarm_Right_MH1_Missile20_C",
				"(TagName=\"Weapon.Missile.LRM.LRM5\")": "/Game/Objects/Mechs/Catapult/Model/Weapons/Weapon_Mech_CPLT_Upperarm_Right_MH1_Missile20.Weapon_Mech_CPLT_Upperarm_Right_MH1_Missile20_C",
				"(TagName=\"Weapon.ArtemisMissile.LRM.LRM5\")": "/Game/Objects/Mechs/Catapult/Model/Weapons/Weapon_Mech_CPLT_Upperarm_Right_MH1_Missile20.Weapon_Mech_CPLT_Upperarm_Right_MH1_Missile20_C",
				"(TagName=\"Weapon.Missile.SRM.SRM4\")": "/Game/Objects/Mechs/Catapult/Model/Weapons/Weapon_Mech_CPLT_Upperarm_Right_MH1_Missile20.Weapon_Mech_CPLT_Upperarm_Right_MH1_Missile20_C",
				"(TagName=\"Weapon.ArtemisMissile.SRM.SRM4\")": "/Game/Objects/Mechs/Catapult/Model/Weapons/Weapon_Mech_CPLT_Upperarm_Right_MH1_Missile20.Weapon_Mech_CPLT_Upperarm_Right_MH1_Missile20_C",
				"(TagName=\"Weapon.Missile.SRM.SRM2\")": "/Game/Objects/Mechs/Catapult/Model/Weapons/Weapon_Mech_CPLT_Upperarm_Right_MH1_Missile20.Weapon_Mech_CPLT_Upperarm_Right_MH1_Missile20_C",
				"(TagName=\"Weapon.Missile.SRM.Streak.SRM2\")": "/Game/Objects/Mechs/Catapult/Model/Weapons/Weapon_Mech_CPLT_Upperarm_Right_MH1_Missile20.Weapon_Mech_CPLT_Upperarm_Right_MH1_Missile20_C",
				"(TagName=\"Weapon.ArtemisMissile.SRM.SRM2\")": "/Game/Objects/Mechs/Catapult/Model/Weapons/Weapon_Mech_CPLT_Upperarm_Right_MH1_Missile20.Weapon_Mech_CPLT_Upperarm_Right_MH1_Missile20_C",
				"(TagName=\"Weapon\")": "/Game/Objects/Mechs/Catapult/Model/Weapons/Weapon_Mech_CPLT_Upperarm_Right_MH1_Missile20.Weapon_Mech_CPLT_Upperarm_Right_MH1_Missile20_C",
				"()": "/Game/Objects/Mechs/Catapult/Model/Weapons/Weapon_Mech_CPLT_Upperarm_Right_MH1_Missile20.Weapon_Mech_CPLT_Upperarm_Right_MH1_Missile20_C"
			}
		},
		{
			"hardpointSlotId": "Upperarm_Right_MH2_srm6",
			"mechSkeletonSocketId": "Upperarm_Right_Weapon",
			"mechPart": "RightArm",
			"bHideOnPartDestruction": true,
			"slotTypeAssetId":
			{
				"id": "MWSlotTypeDataAsset:SRM6_SlotType"
			},
			"hardpointVisuals":
			{
				"(TagName=\"Weapon.Missile.SRM.SRM6\")": "/Game/Objects/Mechs/Catapult/Model/Weapons/Weapon_Mech_CPLT_Upperarm_Right_MH2_Missile20.Weapon_Mech_CPLT_Upperarm_Right_MH2_Missile20_C",
				"(TagName=\"Weapon.Missile.LRM.LRM20\")": "/Game/Objects/Mechs/Catapult/Model/Weapons/Weapon_Mech_CPLT_Upperarm_Right_MH2_Missile20.Weapon_Mech_CPLT_Upperarm_Right_MH2_Missile20_C",
				"(TagName=\"Weapon.ArtemisMissile.LRM.LRM20\")": "/Game/Objects/Mechs/Catapult/Model/Weapons/Weapon_Mech_CPLT_Upperarm_Right_MH2_Missile20.Weapon_Mech_CPLT_Upperarm_Right_MH2_Missile20_C",
				"(TagName=\"Weapon.Missile.LRM.LRM20.Clan\")": "/Game/Objects/Mechs/Catapult/Model/Weapons/Weapon_Mech_CPLT_Upperarm_Right_MH2_Missile20.Weapon_Mech_CPLT_Upperarm_Right_MH2_Missile20_C",
				"(TagName=\"Weapon.Missile.LRM.LRM15\")": "/Game/Objects/Mechs/Catapult/Model/Weapons/Weapon_Mech_CPLT_Upperarm_Right_MH2_Missile20.Weapon_Mech_CPLT_Upperarm_Right_MH2_Missile20_C",
				"(TagName=\"Weapon.ArtemisMissile.LRM.LRM15\")": "/Game/Objects/Mechs/Catapult/Model/Weapons/Weapon_Mech_CPLT_Upperarm_Right_MH2_Missile20.Weapon_Mech_CPLT_Upperarm_Right_MH2_Missile20_C",
				"(TagName=\"Weapon.Missile.LRM.LRM10\")": "/Game/Objects/Mechs/Catapult/Model/Weapons/Weapon_Mech_CPLT_Upperarm_Right_MH2_Missile20.Weapon_Mech_CPLT_Upperarm_Right_MH2_Missile20_C",
				"(TagName=\"Weapon.ArtemisMissile.LRM.LRM10\")": "/Game/Objects/Mechs/Catapult/Model/Weapons/Weapon_Mech_CPLT_Upperarm_Right_MH2_Missile20.Weapon_Mech_CPLT_Upperarm_Right_MH2_Missile20_C",
				"(TagName=\"Weapon.ArtemisMissile.SRM.SRM6\")": "/Game/Objects/Mechs/Catapult/Model/Weapons/Weapon_Mech_CPLT_Upperarm_Right_MH2_Missile20.Weapon_Mech_CPLT_Upperarm_Right_MH2_Missile20_C",
				"(TagName=\"Weapon.Missile.NARC\")": "/Game/Objects/Mechs/Catapult/Model/Weapons/Weapon_Mech_CPLT_Upperarm_Right_MH2_Missile20.Weapon_Mech_CPLT_Upperarm_Right_MH2_Missile20_C",
				"(TagName=\"Weapon.Missile.LRM.LRM5\")": "/Game/Objects/Mechs/Catapult/Model/Weapons/Weapon_Mech_CPLT_Upperarm_Right_MH2_Missile20.Weapon_Mech_CPLT_Upperarm_Right_MH2_Missile20_C",
				"(TagName=\"Weapon.ArtemisMissile.LRM.LRM5\")": "/Game/Objects/Mechs/Catapult/Model/Weapons/Weapon_Mech_CPLT_Upperarm_Right_MH2_Missile20.Weapon_Mech_CPLT_Upperarm_Right_MH2_Missile20_C",
				"(TagName=\"Weapon.Missile.SRM.SRM4\")": "/Game/Objects/Mechs/Catapult/Model/Weapons/Weapon_Mech_CPLT_Upperarm_Right_MH2_Missile20.Weapon_Mech_CPLT_Upperarm_Right_MH2_Missile20_C",
				"(TagName=\"Weapon.ArtemisMissile.SRM.SRM4\")": "/Game/Objects/Mechs/Catapult/Model/Weapons/Weapon_Mech_CPLT_Upperarm_Right_MH2_Missile20.Weapon_Mech_CPLT_Upperarm_Right_MH2_Missile20_C",
				"(TagName=\"Weapon.Missile.SRM.SRM2\")": "/Game/Objects/Mechs/Catapult/Model/Weapons/Weapon_Mech_CPLT_Upperarm_Right_MH2_Missile20.Weapon_Mech_CPLT_Upperarm_Right_MH2_Missile20_C",
				"(TagName=\"Weapon.Missile.SRM.Streak.SRM2\")": "/Game/Objects/Mechs/Catapult/Model/Weapons/Weapon_Mech_CPLT_Upperarm_Right_MH2_Missile20.Weapon_Mech_CPLT_Upperarm_Right_MH2_Missile20_C",
				"(TagName=\"Weapon.ArtemisMissile.SRM.SRM2\")": "/Game/Objects/Mechs/Catapult/Model/Weapons/Weapon_Mech_CPLT_Upperarm_Right_MH2_Missile20.Weapon_Mech_CPLT_Upperarm_Right_MH2_Missile20_C",
				"(TagName=\"Weapon\")": "/Game/Objects/Mechs/Catapult/Model/Weapons/Weapon_Mech_CPLT_Upperarm_Right_MH2_Missile20.Weapon_Mech_CPLT_Upperarm_Right_MH2_Missile20_C",
				"()": "/Game/Objects/Mechs/Catapult/Model/Weapons/Weapon_Mech_CPLT_Upperarm_Right_MH1_Missile20.Weapon_Mech_CPLT_Upperarm_Right_MH1_Missile20_C"
			}
		},
		{
			"hardpointSlotId": "Upperarm_Left_MH1_srm6",
			"mechSkeletonSocketId": "Upperarm_Left_Weapon",
			"mechPart": "LeftArm",
			"bHideOnPartDestruction": true,
			"slotTypeAssetId":
			{
				"id": "MWSlotTypeDataAsset:SRM6_SlotType"
			},
			"hardpointVisuals":
			{
				"(TagName=\"Weapon.Missile.SRM.SRM6\")": "/Game/Objects/Mechs/Catapult/Model/Weapons/Weapon_Mech_CPLT_Upperarm_Left_MH1_Missile20.Weapon_Mech_CPLT_Upperarm_Left_MH1_Missile20_C",
				"(TagName=\"Weapon.Missile.LRM.LRM20\")": "/Game/Objects/Mechs/Catapult/Model/Weapons/Weapon_Mech_CPLT_Upperarm_Left_MH1_Missile20.Weapon_Mech_CPLT_Upperarm_Left_MH1_Missile20_C",
				"(TagName=\"Weapon.ArtemisMissile.LRM.LRM20\")": "/Game/Objects/Mechs/Catapult/Model/Weapons/Weapon_Mech_CPLT_Upperarm_Left_MH1_Missile20.Weapon_Mech_CPLT_Upperarm_Left_MH1_Missile20_C",
				"(TagName=\"Weapon.Missile.LRM.LRM20.Clan\")": "/Game/Objects/Mechs/Catapult/Model/Weapons/Weapon_Mech_CPLT_Upperarm_Left_MH1_Missile20.Weapon_Mech_CPLT_Upperarm_Left_MH1_Missile20_C",
				"(TagName=\"Weapon.Missile.LRM.LRM15\")": "/Game/Objects/Mechs/Catapult/Model/Weapons/Weapon_Mech_CPLT_Upperarm_Left_MH1_Missile20.Weapon_Mech_CPLT_Upperarm_Left_MH1_Missile20_C",
				"(TagName=\"Weapon.ArtemisMissile.LRM.LRM15\")": "/Game/Objects/Mechs/Catapult/Model/Weapons/Weapon_Mech_CPLT_Upperarm_Left_MH1_Missile20.Weapon_Mech_CPLT_Upperarm_Left_MH1_Missile20_C",
				"(TagName=\"Weapon.Missile.LRM.LRM10\")": "/Game/Objects/Mechs/Catapult/Model/Weapons/Weapon_Mech_CPLT_Upperarm_Left_MH1_Missile20.Weapon_Mech_CPLT_Upperarm_Left_MH1_Missile20_C",
				"(TagName=\"Weapon.ArtemisMissile.LRM.LRM10\")": "/Game/Objects/Mechs/Catapult/Model/Weapons/Weapon_Mech_CPLT_Upperarm_Left_MH1_Missile20.Weapon_Mech_CPLT_Upperarm_Left_MH1_Missile20_C",
				"(TagName=\"Weapon.ArtemisMissile.SRM.SRM6\")": "/Game/Objects/Mechs/Catapult/Model/Weapons/Weapon_Mech_CPLT_Upperarm_Left_MH1_Missile20.Weapon_Mech_CPLT_Upperarm_Left_MH1_Missile20_C",
				"(TagName=\"Weapon.Missile.NARC\")": "/Game/Objects/Mechs/Catapult/Model/Weapons/Weapon_Mech_CPLT_Upperarm_Left_MH1_Missile20.Weapon_Mech_CPLT_Upperarm_Left_MH1_Missile20_C",
				"(TagName=\"Weapon.Missile.LRM.LRM5\")": "/Game/Objects/Mechs/Catapult/Model/Weapons/Weapon_Mech_CPLT_Upperarm_Left_MH1_Missile20.Weapon_Mech_CPLT_Upperarm_Left_MH1_Missile20_C",
				"(TagName=\"Weapon.ArtemisMissile.LRM.LRM5\")": "/Game/Objects/Mechs/Catapult/Model/Weapons/Weapon_Mech_CPLT_Upperarm_Left_MH1_Missile20.Weapon_Mech_CPLT_Upperarm_Left_MH1_Missile20_C",
				"(TagName=\"Weapon.Missile.SRM.SRM4\")": "/Game/Objects/Mechs/Catapult/Model/Weapons/Weapon_Mech_CPLT_Upperarm_Left_MH1_Missile20.Weapon_Mech_CPLT_Upperarm_Left_MH1_Missile20_C",
				"(TagName=\"Weapon.ArtemisMissile.SRM.SRM4\")": "/Game/Objects/Mechs/Catapult/Model/Weapons/Weapon_Mech_CPLT_Upperarm_Left_MH1_Missile20.Weapon_Mech_CPLT_Upperarm_Left_MH1_Missile20_C",
				"(TagName=\"Weapon.Missile.SRM.SRM2\")": "/Game/Objects/Mechs/Catapult/Model/Weapons/Weapon_Mech_CPLT_Upperarm_Left_MH1_Missile20.Weapon_Mech_CPLT_Upperarm_Left_MH1_Missile20_C",
				"(TagName=\"Weapon.Missile.SRM.Streak.SRM2\")": "/Game/Objects/Mechs/Catapult/Model/Weapons/Weapon_Mech_CPLT_Upperarm_Left_MH1_Missile20.Weapon_Mech_CPLT_Upperarm_Left_MH1_Missile20_C",
				"(TagName=\"Weapon.ArtemisMissile.SRM.SRM2\")": "/Game/Objects/Mechs/Catapult/Model/Weapons/Weapon_Mech_CPLT_Upperarm_Left_MH1_Missile20.Weapon_Mech_CPLT_Upperarm_Left_MH1_Missile20_C",
				"(TagName=\"Weapon\")": "/Game/Objects/Mechs/Catapult/Model/Weapons/Weapon_Mech_CPLT_Upperarm_Left_MH1_Missile20.Weapon_Mech_CPLT_Upperarm_Left_MH1_Missile20_C",
				"()": "/Game/Objects/Mechs/Catapult/Model/Weapons/Weapon_Mech_CPLT_Upperarm_Left_MH1_Missile20.Weapon_Mech_CPLT_Upperarm_Left_MH1_Missile20_C"
			}
		},
		{
			"hardpointSlotId": "Upperarm_Left_MH2_srm6",
			"mechSkeletonSocketId": "Upperarm_Left_Weapon",
			"mechPart": "LeftArm",
			"bHideOnPartDestruction": true,
			"slotTypeAssetId":
			{
				"id": "MWSlotTypeDataAsset:SRM6_SlotType"
			},
			"hardpointVisuals":
			{
				"(TagName=\"Weapon.Missile.SRM.SRM6\")": "/Game/Objects/Mechs/Catapult/Model/Weapons/Weapon_Mech_CPLT_Upperarm_Left_MH2_Missile20.Weapon_Mech_CPLT_Upperarm_Left_MH2_Missile20_C",
				"(TagName=\"Weapon.Missile.LRM.LRM20\")": "/Game/Objects/Mechs/Catapult/Model/Weapons/Weapon_Mech_CPLT_Upperarm_Left_MH2_Missile20.Weapon_Mech_CPLT_Upperarm_Left_MH2_Missile20_C",
				"(TagName=\"Weapon.ArtemisMissile.LRM.LRM20\")": "/Game/Objects/Mechs/Catapult/Model/Weapons/Weapon_Mech_CPLT_Upperarm_Left_MH2_Missile20.Weapon_Mech_CPLT_Upperarm_Left_MH2_Missile20_C",
				"(TagName=\"Weapon.Missile.LRM.LRM20.Clan\")": "/Game/Objects/Mechs/Catapult/Model/Weapons/Weapon_Mech_CPLT_Upperarm_Left_MH2_Missile20.Weapon_Mech_CPLT_Upperarm_Left_MH2_Missile20_C",
				"(TagName=\"Weapon.Missile.LRM.LRM15\")": "/Game/Objects/Mechs/Catapult/Model/Weapons/Weapon_Mech_CPLT_Upperarm_Left_MH2_Missile20.Weapon_Mech_CPLT_Upperarm_Left_MH2_Missile20_C",
				"(TagName=\"Weapon.ArtemisMissile.LRM.LRM15\")": "/Game/Objects/Mechs/Catapult/Model/Weapons/Weapon_Mech_CPLT_Upperarm_Left_MH2_Missile20.Weapon_Mech_CPLT_Upperarm_Left_MH2_Missile20_C",
				"(TagName=\"Weapon.Missile.LRM.LRM10\")": "/Game/Objects/Mechs/Catapult/Model/Weapons/Weapon_Mech_CPLT_Upperarm_Left_MH2_Missile20.Weapon_Mech_CPLT_Upperarm_Left_MH2_Missile20_C",
				"(TagName=\"Weapon.ArtemisMissile.LRM.LRM10\")": "/Game/Objects/Mechs/Catapult/Model/Weapons/Weapon_Mech_CPLT_Upperarm_Left_MH2_Missile20.Weapon_Mech_CPLT_Upperarm_Left_MH2_Missile20_C",
				"(TagName=\"Weapon.ArtemisMissile.SRM.SRM6\")": "/Game/Objects/Mechs/Catapult/Model/Weapons/Weapon_Mech_CPLT_Upperarm_Left_MH2_Missile20.Weapon_Mech_CPLT_Upperarm_Left_MH2_Missile20_C",
				"(TagName=\"Weapon.Missile.NARC\")": "/Game/Objects/Mechs/Catapult/Model/Weapons/Weapon_Mech_CPLT_Upperarm_Left_MH2_Missile20.Weapon_Mech_CPLT_Upperarm_Left_MH2_Missile20_C",
				"(TagName=\"Weapon.Missile.LRM.LRM5\")": "/Game/Objects/Mechs/Catapult/Model/Weapons/Weapon_Mech_CPLT_Upperarm_Left_MH2_Missile20.Weapon_Mech_CPLT_Upperarm_Left_MH2_Missile20_C",
				"(TagName=\"Weapon.ArtemisMissile.LRM.LRM5\")": "/Game/Objects/Mechs/Catapult/Model/Weapons/Weapon_Mech_CPLT_Upperarm_Left_MH2_Missile20.Weapon_Mech_CPLT_Upperarm_Left_MH2_Missile20_C",
				"(TagName=\"Weapon.Missile.SRM.SRM4\")": "/Game/Objects/Mechs/Catapult/Model/Weapons/Weapon_Mech_CPLT_Upperarm_Left_MH2_Missile20.Weapon_Mech_CPLT_Upperarm_Left_MH2_Missile20_C",
				"(TagName=\"Weapon.ArtemisMissile.SRM.SRM4\")": "/Game/Objects/Mechs/Catapult/Model/Weapons/Weapon_Mech_CPLT_Upperarm_Left_MH2_Missile20.Weapon_Mech_CPLT_Upperarm_Left_MH2_Missile20_C",
				"(TagName=\"Weapon.Missile.SRM.SRM2\")": "/Game/Objects/Mechs/Catapult/Model/Weapons/Weapon_Mech_CPLT_Upperarm_Left_MH2_Missile20.Weapon_Mech_CPLT_Upperarm_Left_MH2_Missile20_C",
				"(TagName=\"Weapon.Missile.SRM.Streak.SRM2\")": "/Game/Objects/Mechs/Catapult/Model/Weapons/Weapon_Mech_CPLT_Upperarm_Left_MH2_Missile20.Weapon_Mech_CPLT_Upperarm_Left_MH2_Missile20_C",
				"(TagName=\"Weapon.ArtemisMissile.SRM.SRM2\")": "/Game/Objects/Mechs/Catapult/Model/Weapons/Weapon_Mech_CPLT_Upperarm_Left_MH2_Missile20.Weapon_Mech_CPLT_Upperarm_Left_MH2_Missile20_C",
				"(TagName=\"Weapon\")": "/Game/Objects/Mechs/Catapult/Model/Weapons/Weapon_Mech_CPLT_Upperarm_Left_MH2_Missile20.Weapon_Mech_CPLT_Upperarm_Left_MH2_Missile20_C",
				"()": "/Game/Objects/Mechs/Catapult/Model/Weapons/Weapon_Mech_CPLT_Upperarm_Left_MH1_Missile20.Weapon_Mech_CPLT_Upperarm_Left_MH1_Missile20_C"
			}
		},
		{
			"hardpointSlotId": "Torso_Center_EH1_smalllaser",
			"mechSkeletonSocketId": "Torso_Weapon",
			"mechPart": "CenterTorso",
			"bHideOnPartDestruction": false,
			"slotTypeAssetId":
			{
				"id": "MWSlotTypeDataAsset:MediumLaser_SlotType"
			},
			"hardpointVisuals":
			{
				"(TagName=\"Weapon.Energy.Laser.Standard.Small\")": "/Game/Objects/Mechs/Catapult/Model/Weapons/Weapon_Mech_CPLT_Torso_Center_EH1_Laser.Weapon_Mech_CPLT_Torso_Center_EH1_Laser_C",
				"(TagName=\"Weapon.Energy.ParticleCannon.SNPPC\")": "/Game/Objects/Mechs/Catapult/Model/Weapons/Weapon_Mech_CPLT_Torso_Center_EH1_SNPPC.Weapon_Mech_CPLT_Torso_Center_EH1_SNPPC_C",
				"(TagName=\"Weapon.Energy.ParticleCannon.LPPC\")": "/Game/Objects/Mechs/Catapult/Model/Weapons/Weapon_Mech_CPLT_Torso_Center_EH1_LPPC.Weapon_Mech_CPLT_Torso_Center_EH1_LPPC_C",
				"(TagName=\"Weapon.Energy.Laser.Standard.Large\")": "/Game/Objects/Mechs/Catapult/Model/Weapons/Weapon_Mech_CPLT_Torso_Center_EH1_Laser.Weapon_Mech_CPLT_Torso_Center_EH1_Laser_C",
				"(TagName=\"Weapon.Energy.Laser.ER.Large\")": "/Game/Objects/Mechs/Catapult/Model/Weapons/Weapon_Mech_CPLT_Torso_Center_EH1_Laser.Weapon_Mech_CPLT_Torso_Center_EH1_Laser_C",
				"(TagName=\"Weapon.Energy.Laser.ER.Large.Clan\")": "/Game/Objects/Mechs/Catapult/Model/Weapons/Weapon_Mech_CPLT_Torso_Center_EH1_Laser.Weapon_Mech_CPLT_Torso_Center_EH1_Laser_C",
				"(TagName=\"Weapon.Energy.Laser.Pulse.Large\")": "/Game/Objects/Mechs/Catapult/Model/Weapons/Weapon_Mech_CPLT_Torso_Center_EH1_Laser.Weapon_Mech_CPLT_Torso_Center_EH1_Laser_C",
				"(TagName=\"Weapon.Energy.Laser.Standard.Medium\")": "/Game/Objects/Mechs/Catapult/Model/Weapons/Weapon_Mech_CPLT_Torso_Center_EH1_Laser.Weapon_Mech_CPLT_Torso_Center_EH1_Laser_C",
				"(TagName=\"Weapon.Energy.Laser.ER.Medium.Clan\")": "/Game/Objects/Mechs/Catapult/Model/Weapons/Weapon_Mech_CPLT_Torso_Center_EH1_Laser.Weapon_Mech_CPLT_Torso_Center_EH1_Laser_C",
				"(TagName=\"Weapon.Energy.Laser.Pulse.Medium\")": "/Game/Objects/Mechs/Catapult/Model/Weapons/Weapon_Mech_CPLT_Torso_Center_EH1_Laser.Weapon_Mech_CPLT_Torso_Center_EH1_Laser_C",
				"(TagName=\"Weapon.Energy.Laser.Pulse.Medium.Clan\")": "/Game/Objects/Mechs/Catapult/Model/Weapons/Weapon_Mech_CPLT_Torso_Center_EH1_Laser.Weapon_Mech_CPLT_Torso_Center_EH1_Laser_C",
				"(TagName=\"Weapon.Energy.Laser.Pulse.Small\")": "/Game/Objects/Mechs/Catapult/Model/Weapons/Weapon_Mech_CPLT_Torso_Center_EH1_Laser.Weapon_Mech_CPLT_Torso_Center_EH1_Laser_C",
				"(TagName=\"Weapon.Energy.TAG\")": "/Game/Objects/Mechs/Catapult/Model/Weapons/Weapon_Mech_CPLT_Torso_Center_EH1_Laser.Weapon_Mech_CPLT_Torso_Center_EH1_Laser_C",
				"(TagName=\"Weapon.Energy.Flamer\")": "/Game/Objects/Mechs/Catapult/Model/Weapons/Weapon_Mech_CPLT_Torso_Center_EH1_Flamer.Weapon_Mech_CPLT_Torso_Center_EH1_Flamer_C",
				"(TagName=\"Weapon.Energy.ParticleCannon\")": "/Game/Objects/Mechs/Catapult/Model/Weapons/Weapon_Mech_CPLT_Torso_Center_EH1_SNPPC.Weapon_Mech_CPLT_Torso_Center_EH1_SNPPC_C",
				"(TagName=\"Weapon\")": "/Game/Objects/Mechs/Catapult/Model/Weapons/Weapon_Mech_CPLT_Torso_Center_EH1_Laser.Weapon_Mech_CPLT_Torso_Center_EH1_Laser_C",
				"()": "None"
			}
		},
		{
			"hardpointSlotId": "Torso_Center_EH2_smalllaser",
			"mechSkeletonSocketId": "Torso_Weapon",
			"mechPart": "CenterTorso",
			"bHideOnPartDestruction": false,
			"slotTypeAssetId":
			{
				"id": "MWSlotTypeDataAsset:MediumLaser_SlotType"
			},
			"hardpointVisuals":
			{
				"(TagName=\"Weapon.Energy.Laser.Standard.Small\")": "/Game/Objects/Mechs/Catapult/Model/Weapons/Weapon_Mech_CPLT_Torso_Center_EH2_Laser.Weapon_Mech_CPLT_Torso_Center_EH2_Laser_C",
				"(TagName=\"Weapon.Energy.Laser.Standard.Large\")": "/Game/Objects/Mechs/Catapult/Model/Weapons/Weapon_Mech_CPLT_Torso_Center_EH2_Laser.Weapon_Mech_CPLT_Torso_Center_EH2_Laser_C",
				"(TagName=\"Weapon.Energy.Laser.ER.Large\")": "/Game/Objects/Mechs/Catapult/Model/Weapons/Weapon_Mech_CPLT_Torso_Center_EH2_Laser.Weapon_Mech_CPLT_Torso_Center_EH2_Laser_C",
				"(TagName=\"Weapon.Energy.Laser.ER.Large.Clan\")": "/Game/Objects/Mechs/Catapult/Model/Weapons/Weapon_Mech_CPLT_Torso_Center_EH2_Laser.Weapon_Mech_CPLT_Torso_Center_EH2_Laser_C",
				"(TagName=\"Weapon.Energy.Laser.Pulse.Large\")": "/Game/Objects/Mechs/Catapult/Model/Weapons/Weapon_Mech_CPLT_Torso_Center_EH2_Laser.Weapon_Mech_CPLT_Torso_Center_EH2_Laser_C",
				"(TagName=\"Weapon.Energy.Laser.Standard.Medium\")": "/Game/Objects/Mechs/Catapult/Model/Weapons/Weapon_Mech_CPLT_Torso_Center_EH2_Laser.Weapon_Mech_CPLT_Torso_Center_EH2_Laser_C",
				"(TagName=\"Weapon.Energy.Laser.ER.Medium.Clan\")": "/Game/Objects/Mechs/Catapult/Model/Weapons/Weapon_Mech_CPLT_Torso_Center_EH2_Laser.Weapon_Mech_CPLT_Torso_Center_EH2_Laser_C",
				"(TagName=\"Weapon.Energy.Laser.Pulse.Medium\")": "/Game/Objects/Mechs/Catapult/Model/Weapons/Weapon_Mech_CPLT_Torso_Center_EH2_Laser.Weapon_Mech_CPLT_Torso_Center_EH2_Laser_C",
				"(TagName=\"Weapon.Energy.Laser.Pulse.Medium.Clan\")": "/Game/Objects/Mechs/Catapult/Model/Weapons/Weapon_Mech_CPLT_Torso_Center_EH2_Laser.Weapon_Mech_CPLT_Torso_Center_EH2_Laser_C",
				"(TagName=\"Weapon.Energy.Laser.Pulse.Small\")": "/Game/Objects/Mechs/Catapult/Model/Weapons/Weapon_Mech_CPLT_Torso_Center_EH2_Laser.Weapon_Mech_CPLT_Torso_Center_EH2_Laser_C",
				"(TagName=\"Weapon.Energy.TAG\")": "/Game/Objects/Mechs/Catapult/Model/Weapons/Weapon_Mech_CPLT_Torso_Center_EH2_Laser.Weapon_Mech_CPLT_Torso_Center_EH2_Laser_C",
				"(TagName=\"Weapon.Energy.Flamer\")": "/Game/Objects/Mechs/Catapult/Model/Weapons/Weapon_Mech_CPLT_Torso_Center_EH2_Flamer.Weapon_Mech_CPLT_Torso_Center_EH2_Flamer_C",
				"(TagName=\"Weapon\")": "/Game/Objects/Mechs/Catapult/Model/Weapons/Weapon_Mech_CPLT_Torso_Center_EH2_Laser.Weapon_Mech_CPLT_Torso_Center_EH2_Laser_C",
				"()": "None"
			}
		},
		{
			"hardpointSlotId": "Upperarm_Right_MH1_lrm20",
			"mechSkeletonSocketId": "Upperarm_Right_Weapon",
			"mechPart": "RightArm",
			"bHideOnPartDestruction": true,
			"slotTypeAssetId":
			{
				"id": "MWSlotTypeDataAsset:LRM20_SlotType"
			},
			"hardpointVisuals":
			{
				"(TagName=\"Weapon.Missile.LRM.LRM20\")": "/Game/Objects/Mechs/Catapult/Model/Weapons/Weapon_Mech_CPLT_Upperarm_Right_MH1_Missile20.Weapon_Mech_CPLT_Upperarm_Right_MH1_Missile20_C",
				"(TagName=\"Weapon.ArtemisMissile.LRM.LRM20\")": "/Game/Objects/Mechs/Catapult/Model/Weapons/Weapon_Mech_CPLT_Upperarm_Right_MH1_Missile20.Weapon_Mech_CPLT_Upperarm_Right_MH1_Missile20_C",
				"(TagName=\"Weapon.Missile.LRM.LRM20.Clan\")": "/Game/Objects/Mechs/Catapult/Model/Weapons/Weapon_Mech_CPLT_Upperarm_Right_MH1_Missile20.Weapon_Mech_CPLT_Upperarm_Right_MH1_Missile20_C",
				"(TagName=\"Weapon.Missile.LRM.LRM15\")": "/Game/Objects/Mechs/Catapult/Model/Weapons/Weapon_Mech_CPLT_Upperarm_Right_MH1_Missile20.Weapon_Mech_CPLT_Upperarm_Right_MH1_Missile20_C",
				"(TagName=\"Weapon.ArtemisMissile.LRM.LRM15\")": "/Game/Objects/Mechs/Catapult/Model/Weapons/Weapon_Mech_CPLT_Upperarm_Right_MH1_Missile20.Weapon_Mech_CPLT_Upperarm_Right_MH1_Missile20_C",
				"(TagName=\"Weapon.Missile.LRM.LRM10\")": "/Game/Objects/Mechs/Catapult/Model/Weapons/Weapon_Mech_CPLT_Upperarm_Right_MH1_Missile20.Weapon_Mech_CPLT_Upperarm_Right_MH1_Missile20_C",
				"(TagName=\"Weapon.ArtemisMissile.LRM.LRM10\")": "/Game/Objects/Mechs/Catapult/Model/Weapons/Weapon_Mech_CPLT_Upperarm_Right_MH1_Missile20.Weapon_Mech_CPLT_Upperarm_Right_MH1_Missile20_C",
				"(TagName=\"Weapon.Missile.SRM.SRM6\")": "/Game/Objects/Mechs/Catapult/Model/Weapons/Weapon_Mech_CPLT_Upperarm_Right_MH1_Missile20.Weapon_Mech_CPLT_Upperarm_Right_MH1_Missile20_C",
				"(TagName=\"Weapon.ArtemisMissile.SRM.SRM6\")": "/Game/Objects/Mechs/Catapult/Model/Weapons/Weapon_Mech_CPLT_Upperarm_Right_MH1_Missile20.Weapon_Mech_CPLT_Upperarm_Right_MH1_Missile20_C",
				"(TagName=\"Weapon.Missile.NARC\")": "/Game/Objects/Mechs/Catapult/Model/Weapons/Weapon_Mech_CPLT_Upperarm_Right_MH1_Missile20.Weapon_Mech_CPLT_Upperarm_Right_MH1_Missile20_C",
				"(TagName=\"Weapon.Missile.LRM.LRM5\")": "/Game/Objects/Mechs/Catapult/Model/Weapons/Weapon_Mech_CPLT_Upperarm_Right_MH1_Missile20.Weapon_Mech_CPLT_Upperarm_Right_MH1_Missile20_C",
				"(TagName=\"Weapon.ArtemisMissile.LRM.LRM5\")": "/Game/Objects/Mechs/Catapult/Model/Weapons/Weapon_Mech_CPLT_Upperarm_Right_MH1_Missile20.Weapon_Mech_CPLT_Upperarm_Right_MH1_Missile20_C",
				"(TagName=\"Weapon.Missile.SRM.SRM4\")": "/Game/Objects/Mechs/Catapult/Model/Weapons/Weapon_Mech_CPLT_Upperarm_Right_MH1_Missile20.Weapon_Mech_CPLT_Upperarm_Right_MH1_Missile20_C",
				"(TagName=\"Weapon.ArtemisMissile.SRM.SRM4\")": "/Game/Objects/Mechs/Catapult/Model/Weapons/Weapon_Mech_CPLT_Upperarm_Right_MH1_Missile20.Weapon_Mech_CPLT_Upperarm_Right_MH1_Missile20_C",
				"(TagName=\"Weapon.Missile.SRM.SRM2\")": "/Game/Objects/Mechs/Catapult/Model/Weapons/Weapon_Mech_CPLT_Upperarm_Right_MH1_Missile20.Weapon_Mech_CPLT_Upperarm_Right_MH1_Missile20_C",
				"(TagName=\"Weapon.Missile.SRM.Streak.SRM2\")": "/Game/Objects/Mechs/Catapult/Model/Weapons/Weapon_Mech_CPLT_Upperarm_Right_MH1_Missile20.Weapon_Mech_CPLT_Upperarm_Right_MH1_Missile20_C",
				"(TagName=\"Weapon.ArtemisMissile.SRM.SRM2\")": "/Game/Objects/Mechs/Catapult/Model/Weapons/Weapon_Mech_CPLT_Upperarm_Right_MH1_Missile20.Weapon_Mech_CPLT_Upperarm_Right_MH1_Missile20_C",
				"(TagName=\"Weapon\")": "/Game/Objects/Mechs/Catapult/Model/Weapons/Weapon_Mech_CPLT_Upperarm_Right_MH1_Missile20.Weapon_Mech_CPLT_Upperarm_Right_MH1_Missile20_C",
				"()": "/Game/Objects/Mechs/Catapult/Model/Weapons/Weapon_Mech_CPLT_Upperarm_Right_MH1_Missile20.Weapon_Mech_CPLT_Upperarm_Right_MH1_Missile20_C"
			}
		},
		{
			"hardpointSlotId": "Upperarm_Left_MH1_lrm20",
			"mechSkeletonSocketId": "Upperarm_Left_Weapon",
			"mechPart": "LeftArm",
			"bHideOnPartDestruction": true,
			"slotTypeAssetId":
			{
				"id": "MWSlotTypeDataAsset:LRM20_SlotType"
			},
			"hardpointVisuals":
			{
				"(TagName=\"Weapon.Missile.LRM.LRM20\")": "/Game/Objects/Mechs/Catapult/Model/Weapons/Weapon_Mech_CPLT_Upperarm_Left_MH1_Missile20.Weapon_Mech_CPLT_Upperarm_Left_MH1_Missile20_C",
				"(TagName=\"Weapon.ArtemisMissile.LRM.LRM20\")": "/Game/Objects/Mechs/Catapult/Model/Weapons/Weapon_Mech_CPLT_Upperarm_Left_MH1_Missile20.Weapon_Mech_CPLT_Upperarm_Left_MH1_Missile20_C",
				"(TagName=\"Weapon.Missile.LRM.LRM20.Clan\")": "/Game/Objects/Mechs/Catapult/Model/Weapons/Weapon_Mech_CPLT_Upperarm_Left_MH1_Missile20.Weapon_Mech_CPLT_Upperarm_Left_MH1_Missile20_C",
				"(TagName=\"Weapon.Missile.LRM.LRM15\")": "/Game/Objects/Mechs/Catapult/Model/Weapons/Weapon_Mech_CPLT_Upperarm_Left_MH1_Missile20.Weapon_Mech_CPLT_Upperarm_Left_MH1_Missile20_C",
				"(TagName=\"Weapon.ArtemisMissile.LRM.LRM15\")": "/Game/Objects/Mechs/Catapult/Model/Weapons/Weapon_Mech_CPLT_Upperarm_Left_MH1_Missile20.Weapon_Mech_CPLT_Upperarm_Left_MH1_Missile20_C",
				"(TagName=\"Weapon.Missile.LRM.LRM10\")": "/Game/Objects/Mechs/Catapult/Model/Weapons/Weapon_Mech_CPLT_Upperarm_Left_MH1_Missile20.Weapon_Mech_CPLT_Upperarm_Left_MH1_Missile20_C",
				"(TagName=\"Weapon.ArtemisMissile.LRM.LRM10\")": "/Game/Objects/Mechs/Catapult/Model/Weapons/Weapon_Mech_CPLT_Upperarm_Left_MH1_Missile20.Weapon_Mech_CPLT_Upperarm_Left_MH1_Missile20_C",
				"(TagName=\"Weapon.Missile.SRM.SRM6\")": "/Game/Objects/Mechs/Catapult/Model/Weapons/Weapon_Mech_CPLT_Upperarm_Left_MH1_Missile20.Weapon_Mech_CPLT_Upperarm_Left_MH1_Missile20_C",
				"(TagName=\"Weapon.ArtemisMissile.SRM.SRM6\")": "/Game/Objects/Mechs/Catapult/Model/Weapons/Weapon_Mech_CPLT_Upperarm_Left_MH1_Missile20.Weapon_Mech_CPLT_Upperarm_Left_MH1_Missile20_C",
				"(TagName=\"Weapon.Missile.NARC\")": "/Game/Objects/Mechs/Catapult/Model/Weapons/Weapon_Mech_CPLT_Upperarm_Left_MH1_Missile20.Weapon_Mech_CPLT_Upperarm_Left_MH1_Missile20_C",
				"(TagName=\"Weapon.Missile.LRM.LRM5\")": "/Game/Objects/Mechs/Catapult/Model/Weapons/Weapon_Mech_CPLT_Upperarm_Left_MH1_Missile20.Weapon_Mech_CPLT_Upperarm_Left_MH1_Missile20_C",
				"(TagName=\"Weapon.ArtemisMissile.LRM.LRM5\")": "/Game/Objects/Mechs/Catapult/Model/Weapons/Weapon_Mech_CPLT_Upperarm_Left_MH1_Missile20.Weapon_Mech_CPLT_Upperarm_Left_MH1_Missile20_C",
				"(TagName=\"Weapon.Missile.SRM.SRM4\")": "/Game/Objects/Mechs/Catapult/Model/Weapons/Weapon_Mech_CPLT_Upperarm_Left_MH1_Missile20.Weapon_Mech_CPLT_Upperarm_Left_MH1_Missile20_C",
				"(TagName=\"Weapon.ArtemisMissile.SRM.SRM4\")": "/Game/Objects/Mechs/Catapult/Model/Weapons/Weapon_Mech_CPLT_Upperarm_Left_MH1_Missile20.Weapon_Mech_CPLT_Upperarm_Left_MH1_Missile20_C",
				"(TagName=\"Weapon.Missile.SRM.SRM2\")": "/Game/Objects/Mechs/Catapult/Model/Weapons/Weapon_Mech_CPLT_Upperarm_Left_MH1_Missile20.Weapon_Mech_CPLT_Upperarm_Left_MH1_Missile20_C",
				"(TagName=\"Weapon.Missile.SRM.Streak.SRM2\")": "/Game/Objects/Mechs/Catapult/Model/Weapons/Weapon_Mech_CPLT_Upperarm_Left_MH1_Missile20.Weapon_Mech_CPLT_Upperarm_Left_MH1_Missile20_C",
				"(TagName=\"Weapon.ArtemisMissile.SRM.SRM2\")": "/Game/Objects/Mechs/Catapult/Model/Weapons/Weapon_Mech_CPLT_Upperarm_Left_MH1_Missile20.Weapon_Mech_CPLT_Upperarm_Left_MH1_Missile20_C",
				"(TagName=\"Weapon\")": "/Game/Objects/Mechs/Catapult/Model/Weapons/Weapon_Mech_CPLT_Upperarm_Left_MH1_Missile20.Weapon_Mech_CPLT_Upperarm_Left_MH1_Missile20_C",
				"()": "/Game/Objects/Mechs/Catapult/Model/Weapons/Weapon_Mech_CPLT_Upperarm_Left_MH1_Missile20.Weapon_Mech_CPLT_Upperarm_Left_MH1_Missile20_C"
			}
		},
		{
			"hardpointSlotId": "Torso_Left_AH1_antimissilesystem",
			"mechSkeletonSocketId": "Torso_Weapon",
			"mechPart": "LeftTorso",
			"bHideOnPartDestruction": true,
			"slotTypeAssetId":
			{
				"id": "MWSlotTypeDataAsset:AMS_SlotType"
			},
			"hardpointVisuals":
			{
				"(TagName=\"Weapon.AMS\")": "/Game/Objects/Mechs/Catapult/Model/Weapons/Weapon_Mech_CPLT_Torso_Left_AH1_AMS.Weapon_Mech_CPLT_Torso_Left_AH1_AMS_C",
				"(TagName=\"Weapon.Energy.LAMS\")": "/Game/Objects/Mechs/Catapult/Model/Weapons/Weapon_Mech_CPLT_Torso_Left_AH1_LAMS.Weapon_Mech_CPLT_Torso_Left_AH1_LAMS_C",
				"(TagName=\"Weapon\")": "/Game/Objects/Mechs/Catapult/Model/Weapons/Weapon_Mech_CPLT_Torso_Left_AH1_AMS.Weapon_Mech_CPLT_Torso_Left_AH1_AMS_C",
				"()": "None"
			}
		},
		{
			"hardpointSlotId": "Torso_Right_AH1_antimissilesystem",
			"mechSkeletonSocketId": "Torso_Weapon",
			"mechPart": "RightTorso",
			"bHideOnPartDestruction": true,
			"slotTypeAssetId":
			{
				"id": "MWSlotTypeDataAsset:AMS_SlotType"
			},
			"hardpointVisuals":
			{
				"(TagName=\"Weapon.AMS\")": "/Game/Objects/Mechs/Catapult/Model/Weapons/Weapon_Mech_CPLT_Torso_Right_AH1_AMS.Weapon_Mech_CPLT_Torso_Right_AH1_AMS_C",
				"(TagName=\"Weapon.Energy.LAMS\")": "/Game/Objects/Mechs/Catapult/Model/Weapons/Weapon_Mech_CPLT_Torso_Right_AH1_LAMS.Weapon_Mech_CPLT_Torso_Right_AH1_LAMS_C",
				"(TagName=\"Weapon\")": "/Game/Objects/Mechs/Catapult/Model/Weapons/Weapon_Mech_CPLT_Torso_Right_AH1_AMS.Weapon_Mech_CPLT_Torso_Right_AH1_AMS_C",
				"()": "None"
			}
		},
		{
			"hardpointSlotId": "Upperarm_Right_EH1_largelaser",
			"mechSkeletonSocketId": "Upperarm_Right_Weapon",
			"mechPart": "RightArm",
			"bHideOnPartDestruction": true,
			"slotTypeAssetId":
			{
				"id": "MWSlotTypeDataAsset:LargeLaser_SlotType"
			},
			"hardpointVisuals":
			{
				"(TagName=\"Weapon.Energy.Laser.Standard.Large\")": "/Game/Objects/Mechs/Catapult/Model/Weapons/Weapon_Mech_CPLT_Upperarm_Right_EH1_Laser.Weapon_Mech_CPLT_Upperarm_Right_EH1_Laser_C",
				"(TagName=\"Weapon.Energy.ParticleCannon.HPPC\")": "/Game/Objects/Mechs/Catapult/Model/Weapons/Weapon_Mech_CPLT_Upperarm_Right_EH1_HPPC.Weapon_Mech_CPLT_Upperarm_Right_EH1_HPPC_C",
				"(TagName=\"Weapon.Energy.ParticleCannon.PPC\")": "/Game/Objects/Mechs/Catapult/Model/Weapons/Weapon_Mech_CPLT_Upperarm_Right_EH1_PPC.Weapon_Mech_CPLT_Upperarm_Right_EH1_PPC_C",
				"(TagName=\"Weapon.Energy.ParticleCannon.ERPPC\")": "/Game/Objects/Mechs/Catapult/Model/Weapons/Weapon_Mech_CPLT_Upperarm_Right_EH1_PPC.Weapon_Mech_CPLT_Upperarm_Right_EH1_PPC_C",
				"(TagName=\"Weapon.Energy.ParticleCannon.SNPPC\")": "/Game/Objects/Mechs/Catapult/Model/Weapons/Weapon_Mech_CPLT_Upperarm_Right_EH1_SNPPC.Weapon_Mech_CPLT_Upperarm_Right_EH1_SNPPC_C",
				"(TagName=\"Weapon.Energy.ParticleCannon.LPPC\")": "/Game/Objects/Mechs/Catapult/Model/Weapons/Weapon_Mech_CPLT_Upperarm_Right_EH1_LPPC.Weapon_Mech_CPLT_Upperarm_Right_EH1_LPPC_C",
				"(TagName=\"Weapon.Energy.Laser.ER.Large\")": "/Game/Objects/Mechs/Catapult/Model/Weapons/Weapon_Mech_CPLT_Upperarm_Right_EH1_Laser.Weapon_Mech_CPLT_Upperarm_Right_EH1_Laser_C",
				"(TagName=\"Weapon.Energy.Laser.ER.Large.Clan\")": "/Game/Objects/Mechs/Catapult/Model/Weapons/Weapon_Mech_CPLT_Upperarm_Right_EH1_Laser.Weapon_Mech_CPLT_Upperarm_Right_EH1_Laser_C",
				"(TagName=\"Weapon.Energy.Laser.Pulse.Large\")": "/Game/Objects/Mechs/Catapult/Model/Weapons/Weapon_Mech_CPLT_Upperarm_Right_EH1_Laser.Weapon_Mech_CPLT_Upperarm_Right_EH1_Laser_C",
				"(TagName=\"Weapon.Energy.Laser.Standard.Medium\")": "/Game/Objects/Mechs/Catapult/Model/Weapons/Weapon_Mech_CPLT_Upperarm_Right_EH1_Laser.Weapon_Mech_CPLT_Upperarm_Right_EH1_Laser_C",
				"(TagName=\"Weapon.Energy.Laser.ER.Medium.Clan\")": "/Game/Objects/Mechs/Catapult/Model/Weapons/Weapon_Mech_CPLT_Upperarm_Right_EH1_Laser.Weapon_Mech_CPLT_Upperarm_Right_EH1_Laser_C",
				"(TagName=\"Weapon.Energy.Laser.Pulse.Medium\")": "/Game/Objects/Mechs/Catapult/Model/Weapons/Weapon_Mech_CPLT_Upperarm_Right_EH1_Laser.Weapon_Mech_CPLT_Upperarm_Right_EH1_Laser_C",
				"(TagName=\"Weapon.Energy.Laser.Pulse.Medium.Clan\")": "/Game/Objects/Mechs/Catapult/Model/Weapons/Weapon_Mech_CPLT_Upperarm_Right_EH1_Laser.Weapon_Mech_CPLT_Upperarm_Right_EH1_Laser_C",
				"(TagName=\"Weapon.Energy.Laser.Standard.Small\")": "/Game/Objects/Mechs/Catapult/Model/Weapons/Weapon_Mech_CPLT_Upperarm_Right_EH1_Laser.Weapon_Mech_CPLT_Upperarm_Right_EH1_Laser_C",
				"(TagName=\"Weapon.Energy.Laser.Pulse.Small\")": "/Game/Objects/Mechs/Catapult/Model/Weapons/Weapon_Mech_CPLT_Upperarm_Right_EH1_Laser.Weapon_Mech_CPLT_Upperarm_Right_EH1_Laser_C",
				"(TagName=\"Weapon.Energy.TAG\")": "/Game/Objects/Mechs/Catapult/Model/Weapons/Weapon_Mech_CPLT_Upperarm_Right_EH1_Laser.Weapon_Mech_CPLT_Upperarm_Right_EH1_Laser_C",
				"(TagName=\"Weapon.Energy.Flamer\")": "/Game/Objects/Mechs/Catapult/Model/Weapons/Weapon_Mech_CPLT_Upperarm_Right_EH1_Flamer.Weapon_Mech_CPLT_Upperarm_Right_EH1_Flamer_C",
				"(TagName=\"Weapon.Energy.ParticleCannon\")": "/Game/Objects/Mechs/Catapult/Model/Weapons/Weapon_Mech_CPLT_Upperarm_Right_EH1_SNPPC.Weapon_Mech_CPLT_Upperarm_Right_EH1_SNPPC_C",
				"(TagName=\"Weapon\")": "/Game/Objects/Mechs/Catapult/Model/Weapons/Weapon_Mech_CPLT_Upperarm_Right_EH1_Laser.Weapon_Mech_CPLT_Upperarm_Right_EH1_Laser_C",
				"()": "/Game/Objects/Mechs/Catapult/Model/Weapons/Weapon_Mech_CPLT_Upperarm_Right_EH1_Blank.Weapon_Mech_CPLT_Upperarm_Right_EH1_Blank_C"
			}
		},
		{
			"hardpointSlotId": "Upperarm_Left_EH1_largelaser",
			"mechSkeletonSocketId": "Upperarm_Left_Weapon",
			"mechPart": "LeftArm",
			"bHideOnPartDestruction": true,
			"slotTypeAssetId":
			{
				"id": "MWSlotTypeDataAsset:LargeLaser_SlotType"
			},
			"hardpointVisuals":
			{
				"(TagName=\"Weapon.Energy.Laser.Standard.Large\")": "/Game/Objects/Mechs/Catapult/Model/Weapons/Weapon_Mech_CPLT_Upperarm_Left_EH1_Laser.Weapon_Mech_CPLT_Upperarm_Left_EH1_Laser_C",
				"(TagName=\"Weapon.Energy.ParticleCannon.HPPC\")": "/Game/Objects/Mechs/Catapult/Model/Weapons/Weapon_Mech_CPLT_Upperarm_Left_EH1_HPPC.Weapon_Mech_CPLT_Upperarm_Left_EH1_HPPC_C",
				"(TagName=\"Weapon.Energy.ParticleCannon.PPC\")": "/Game/Objects/Mechs/Catapult/Model/Weapons/Weapon_Mech_CPLT_Upperarm_Left_EH1_PPC.Weapon_Mech_CPLT_Upperarm_Left_EH1_PPC_C",
				"(TagName=\"Weapon.Energy.ParticleCannon.ERPPC\")": "/Game/Objects/Mechs/Catapult/Model/Weapons/Weapon_Mech_CPLT_Upperarm_Left_EH1_PPC.Weapon_Mech_CPLT_Upperarm_Left_EH1_PPC_C",
				"(TagName=\"Weapon.Energy.ParticleCannon.SNPPC\")": "/Game/Objects/Mechs/Catapult/Model/Weapons/Weapon_Mech_CPLT_Upperarm_Left_EH1_SNPPC.Weapon_Mech_CPLT_Upperarm_Left_EH1_SNPPC_C",
				"(TagName=\"Weapon.Energy.ParticleCannon.LPPC\")": "/Game/Objects/Mechs/Catapult/Model/Weapons/Weapon_Mech_CPLT_Upperarm_Left_EH1_LPPC.Weapon_Mech_CPLT_Upperarm_Left_EH1_LPPC_C",
				"(TagName=\"Weapon.Energy.Laser.ER.Large\")": "/Game/Objects/Mechs/Catapult/Model/Weapons/Weapon_Mech_CPLT_Upperarm_Left_EH1_Laser.Weapon_Mech_CPLT_Upperarm_Left_EH1_Laser_C",
				"(TagName=\"Weapon.Energy.Laser.ER.Large.Clan\")": "/Game/Objects/Mechs/Catapult/Model/Weapons/Weapon_Mech_CPLT_Upperarm_Left_EH1_Laser.Weapon_Mech_CPLT_Upperarm_Left_EH1_Laser_C",
				"(TagName=\"Weapon.Energy.Laser.Pulse.Large\")": "/Game/Objects/Mechs/Catapult/Model/Weapons/Weapon_Mech_CPLT_Upperarm_Left_EH1_Laser.Weapon_Mech_CPLT_Upperarm_Left_EH1_Laser_C",
				"(TagName=\"Weapon.Energy.Laser.Standard.Medium\")": "/Game/Objects/Mechs/Catapult/Model/Weapons/Weapon_Mech_CPLT_Upperarm_Left_EH1_Laser.Weapon_Mech_CPLT_Upperarm_Left_EH1_Laser_C",
				"(TagName=\"Weapon.Energy.Laser.ER.Medium.Clan\")": "/Game/Objects/Mechs/Catapult/Model/Weapons/Weapon_Mech_CPLT_Upperarm_Left_EH1_Laser.Weapon_Mech_CPLT_Upperarm_Left_EH1_Laser_C",
				"(TagName=\"Weapon.Energy.Laser.Pulse.Medium\")": "/Game/Objects/Mechs/Catapult/Model/Weapons/Weapon_Mech_CPLT_Upperarm_Left_EH1_Laser.Weapon_Mech_CPLT_Upperarm_Left_EH1_Laser_C",
				"(TagName=\"Weapon.Energy.Laser.Pulse.Medium.Clan\")": "/Game/Objects/Mechs/Catapult/Model/Weapons/Weapon_Mech_CPLT_Upperarm_Left_EH1_Laser.Weapon_Mech_CPLT_Upperarm_Left_EH1_Laser_C",
				"(TagName=\"Weapon.Energy.Laser.Standard.Small\")": "/Game/Objects/Mechs/Catapult/Model/Weapons/Weapon_Mech_CPLT_Upperarm_Left_EH1_Laser.Weapon_Mech_CPLT_Upperarm_Left_EH1_Laser_C",
				"(TagName=\"Weapon.Energy.Laser.Pulse.Small\")": "/Game/Objects/Mechs/Catapult/Model/Weapons/Weapon_Mech_CPLT_Upperarm_Left_EH1_Laser.Weapon_Mech_CPLT_Upperarm_Left_EH1_Laser_C",
				"(TagName=\"Weapon.Energy.TAG\")": "/Game/Objects/Mechs/Catapult/Model/Weapons/Weapon_Mech_CPLT_Upperarm_Left_EH1_Laser.Weapon_Mech_CPLT_Upperarm_Left_EH1_Laser_C",
				"(TagName=\"Weapon.Energy.Flamer\")": "/Game/Objects/Mechs/Catapult/Model/Weapons/Weapon_Mech_CPLT_Upperarm_Left_EH1_Flamer.Weapon_Mech_CPLT_Upperarm_Left_EH1_Flamer_C",
				"(TagName=\"Weapon.Energy.ParticleCannon\")": "/Game/Objects/Mechs/Catapult/Model/Weapons/Weapon_Mech_CPLT_Upperarm_Left_EH1_SNPPC.Weapon_Mech_CPLT_Upperarm_Left_EH1_SNPPC_C",
				"(TagName=\"Weapon\")": "/Game/Objects/Mechs/Catapult/Model/Weapons/Weapon_Mech_CPLT_Upperarm_Left_EH1_Laser.Weapon_Mech_CPLT_Upperarm_Left_EH1_Laser_C",
				"()": "/Game/Objects/Mechs/Catapult/Model/Weapons/Weapon_Mech_CPLT_Upperarm_Left_EH1_Blank.Weapon_Mech_CPLT_Upperarm_Left_EH1_Blank_C"
			}
		},
		{
			"hardpointSlotId": "Torso_Left_BH1_machinegun",
			"mechSkeletonSocketId": "Torso_Weapon",
			"mechPart": "LeftTorso",
			"bHideOnPartDestruction": false,
			"slotTypeAssetId":
			{
				"id": "MWSlotTypeDataAsset:MachineGun_SlotType"
			},
			"hardpointVisuals":
			{
				"(TagName=\"Weapon.Ballistic.MG.MachineGun\")": "/Game/Objects/Mechs/Catapult/Model/Weapons/Weapon_Mech_CPLT_Torso_Left_BH1_MG.Weapon_Mech_CPLT_Torso_Left_BH1_MG_C",
				"(TagName=\"Weapon.Ballistic.GaussRifle.HeavyGauss\")": "/Game/Objects/Mechs/Catapult/Model/Weapons/Weapon_Mech_CPLT_Torso_Left_BH1_Hgauss.Weapon_Mech_CPLT_Torso_Left_BH1_Hgauss_C",
				"(TagName=\"Weapon.Ballistic.AutoCannon.LBX.LBX20\")": "/Game/Objects/Mechs/Catapult/Model/Weapons/Weapon_Mech_CPLT_Torso_Left_BH1_LBX20.Weapon_Mech_CPLT_Torso_Left_BH1_LBX20_C",
				"(TagName=\"Weapon.Ballistic.AutoCannon.Standard.AC20\")": "/Game/Objects/Mechs/Catapult/Model/Weapons/Weapon_Mech_CPLT_Torso_Left_BH1_AC20.Weapon_Mech_CPLT_Torso_Left_BH1_AC20_C",
				"(TagName=\"Weapon.Ballistic.AutoCannon.Ultra.AC20\")": "/Game/Objects/Mechs/Catapult/Model/Weapons/Weapon_Mech_CPLT_Torso_Left_BH1_UAC20.Weapon_Mech_CPLT_Torso_Left_BH1_UAC20_C",
				"(TagName=\"Weapon.Ballistic.GaussRifle.Gauss\")": "/Game/Objects/Mechs/Catapult/Model/Weapons/Weapon_Mech_CPLT_Torso_Left_BH1_Gauss.Weapon_Mech_CPLT_Torso_Left_BH1_Gauss_C",
				"(TagName=\"Weapon.Ballistic.AutoCannon.Ultra.AC10\")": "/Game/Objects/Mechs/Catapult/Model/Weapons/Weapon_Mech_CPLT_Torso_Left_BH1_UAC10.Weapon_Mech_CPLT_Torso_Left_BH1_UAC10_C",
				"(TagName=\"Weapon.Ballistic.AutoCannon.Standard.AC10\")": "/Game/Objects/Mechs/Catapult/Model/Weapons/Weapon_Mech_CPLT_Torso_Left_BH1_AC10.Weapon_Mech_CPLT_Torso_Left_BH1_AC10_C",
				"(TagName=\"Weapon.Ballistic.AutoCannon.LBX.LBX10\")": "/Game/Objects/Mechs/Catapult/Model/Weapons/Weapon_Mech_CPLT_Torso_Left_BH1_LBX10.Weapon_Mech_CPLT_Torso_Left_BH1_LBX10_C",
				"(TagName=\"Weapon.Ballistic.AutoCannon.Rotary.RAC5\")": "/Game/Objects/Mechs/Catapult/Model/Weapons/Weapon_Mech_CPLT_Torso_Left_BH1_RAC5.Weapon_Mech_CPLT_Torso_Left_BH1_RAC5_C",
				"(TagName=\"Weapon.Ballistic.GaussRifle.LightGauss\")": "/Game/Objects/Mechs/Catapult/Model/Weapons/Weapon_Mech_CPLT_Torso_Left_BH1_Lgauss.Weapon_Mech_CPLT_Torso_Left_BH1_Lgauss_C",
				"(TagName=\"Weapon.Ballistic.AutoCannon.Ultra.AC5\")": "/Game/Objects/Mechs/Catapult/Model/Weapons/Weapon_Mech_CPLT_Torso_Left_BH1_UAC5.Weapon_Mech_CPLT_Torso_Left_BH1_UAC5_C",
				"(TagName=\"Weapon.Ballistic.AutoCannon.LBX.LBX5\")": "/Game/Objects/Mechs/Catapult/Model/Weapons/Weapon_Mech_CPLT_Torso_Left_BH1_LBX5.Weapon_Mech_CPLT_Torso_Left_BH1_LBX5_C",
				"(TagName=\"Weapon.Ballistic.AutoCannon.Standard.AC5\")": "/Game/Objects/Mechs/Catapult/Model/Weapons/Weapon_Mech_CPLT_Torso_Left_BH1_AC5.Weapon_Mech_CPLT_Torso_Left_BH1_AC5_C",
				"(TagName=\"Weapon.Ballistic.AutoCannon.LBX.LBX2\")": "/Game/Objects/Mechs/Catapult/Model/Weapons/Weapon_Mech_CPLT_Torso_Left_BH1_LBX2.Weapon_Mech_CPLT_Torso_Left_BH1_LBX2_C",
				"(TagName=\"Weapon.Ballistic.AutoCannon.Rotary.RAC2\")": "/Game/Objects/Mechs/Catapult/Model/Weapons/Weapon_Mech_CPLT_Torso_Left_BH1_RAC2.Weapon_Mech_CPLT_Torso_Left_BH1_RAC2_C",
				"(TagName=\"Weapon.Ballistic.AutoCannon.Ultra.AC2\")": "/Game/Objects/Mechs/Catapult/Model/Weapons/Weapon_Mech_CPLT_Torso_Left_BH1_UAC2.Weapon_Mech_CPLT_Torso_Left_BH1_UAC2_C",
				"(TagName=\"Weapon.Ballistic.AutoCannon.Standard.AC2\")": "/Game/Objects/Mechs/Catapult/Model/Weapons/Weapon_Mech_CPLT_Torso_Left_BH1_AC2.Weapon_Mech_CPLT_Torso_Left_BH1_AC2_C",
				"(TagName=\"Weapon.Ballistic.MG.HeavyMachineGun\")": "/Game/Objects/Mechs/Catapult/Model/Weapons/Weapon_Mech_CPLT_Torso_Left_BH1_HMG.Weapon_Mech_CPLT_Torso_Left_BH1_HMG_C",
				"(TagName=\"Weapon.Ballistic.MG.LightMachineGun\")": "/Game/Objects/Mechs/Catapult/Model/Weapons/Weapon_Mech_CPLT_Torso_Left_BH1_LMG.Weapon_Mech_CPLT_Torso_Left_BH1_LMG_C",
				"(TagName=\"Weapon\")": "/Game/Objects/Mechs/Catapult/Model/Weapons/Weapon_Mech_CPLT_Torso_Left_BH1_MG.Weapon_Mech_CPLT_Torso_Left_BH1_MG_C",
				"()": "None"
			}
		},
		{
			"hardpointSlotId": "Torso_Right_BH1_machinegun",
			"mechSkeletonSocketId": "Torso_Weapon",
			"mechPart": "RightTorso",
			"bHideOnPartDestruction": false,
			"slotTypeAssetId":
			{
				"id": "MWSlotTypeDataAsset:MachineGun_SlotType"
			},
			"hardpointVisuals":
			{
				"(TagName=\"Weapon.Ballistic.MG.MachineGun\")": "/Game/Objects/Mechs/Catapult/Model/Weapons/Weapon_Mech_CPLT_Torso_Right_BH1_MG.Weapon_Mech_CPLT_Torso_Right_BH1_MG_C",
				"(TagName=\"Weapon.Ballistic.GaussRifle.HeavyGauss\")": "/Game/Objects/Mechs/Catapult/Model/Weapons/Weapon_Mech_CPLT_Torso_Right_BH1_Hgauss.Weapon_Mech_CPLT_Torso_Right_BH1_Hgauss_C",
				"(TagName=\"Weapon.Ballistic.AutoCannon.LBX.LBX20\")": "/Game/Objects/Mechs/Catapult/Model/Weapons/Weapon_Mech_CPLT_Torso_Right_BH1_LBX20.Weapon_Mech_CPLT_Torso_Right_BH1_LBX20_C",
				"(TagName=\"Weapon.Ballistic.AutoCannon.Ultra.AC20\")": "/Game/Objects/Mechs/Catapult/Model/Weapons/Weapon_Mech_CPLT_Torso_Right_BH1_UAC20.Weapon_Mech_CPLT_Torso_Right_BH1_UAC20_C",
				"(TagName=\"Weapon.Ballistic.AutoCannon.Standard.AC20\")": "/Game/Objects/Mechs/Catapult/Model/Weapons/Weapon_Mech_CPLT_Torso_Right_BH1_AC20.Weapon_Mech_CPLT_Torso_Right_BH1_AC20_C",
				"(TagName=\"Weapon.Ballistic.GaussRifle.Gauss\")": "/Game/Objects/Mechs/Catapult/Model/Weapons/Weapon_Mech_CPLT_Torso_Right_BH1_Gauss.Weapon_Mech_CPLT_Torso_Right_BH1_Gauss_C",
				"(TagName=\"Weapon.Ballistic.AutoCannon.Ultra.AC10\")": "/Game/Objects/Mechs/Catapult/Model/Weapons/Weapon_Mech_CPLT_Torso_Right_BH1_UAC10.Weapon_Mech_CPLT_Torso_Right_BH1_UAC10_C",
				"(TagName=\"Weapon.Ballistic.AutoCannon.Standard.AC10\")": "/Game/Objects/Mechs/Catapult/Model/Weapons/Weapon_Mech_CPLT_Torso_Right_BH1_AC10.Weapon_Mech_CPLT_Torso_Right_BH1_AC10_C",
				"(TagName=\"Weapon.Ballistic.AutoCannon.LBX.LBX10\")": "/Game/Objects/Mechs/Catapult/Model/Weapons/Weapon_Mech_CPLT_Torso_Right_BH1_LBX10.Weapon_Mech_CPLT_Torso_Right_BH1_LBX10_C",
				"(TagName=\"Weapon.Ballistic.AutoCannon.Rotary.RAC5\")": "/Game/Objects/Mechs/Catapult/Model/Weapons/Weapon_Mech_CPLT_Torso_Right_BH1_RAC5.Weapon_Mech_CPLT_Torso_Right_BH1_RAC5_C",
				"(TagName=\"Weapon.Ballistic.GaussRifle.LightGauss\")": "/Game/Objects/Mechs/Catapult/Model/Weapons/Weapon_Mech_CPLT_Torso_Right_BH1_Lgauss.Weapon_Mech_CPLT_Torso_Right_BH1_Lgauss_C",
				"(TagName=\"Weapon.Ballistic.AutoCannon.Ultra.AC5\")": "/Game/Objects/Mechs/Catapult/Model/Weapons/Weapon_Mech_CPLT_Torso_Right_BH1_UAC5.Weapon_Mech_CPLT_Torso_Right_BH1_UAC5_C",
				"(TagName=\"Weapon.Ballistic.AutoCannon.LBX.LBX5\")": "/Game/Objects/Mechs/Catapult/Model/Weapons/Weapon_Mech_CPLT_Torso_Right_BH1_LBX5.Weapon_Mech_CPLT_Torso_Right_BH1_LBX5_C",
				"(TagName=\"Weapon.Ballistic.AutoCannon.Standard.AC5\")": "/Game/Objects/Mechs/Catapult/Model/Weapons/Weapon_Mech_CPLT_Torso_Right_BH1_AC5.Weapon_Mech_CPLT_Torso_Right_BH1_AC5_C",
				"(TagName=\"Weapon.Ballistic.AutoCannon.LBX.LBX2\")": "/Game/Objects/Mechs/Catapult/Model/Weapons/Weapon_Mech_CPLT_Torso_Right_BH1_LBX2.Weapon_Mech_CPLT_Torso_Right_BH1_LBX2_C",
				"(TagName=\"Weapon.Ballistic.AutoCannon.Rotary.RAC2\")": "/Game/Objects/Mechs/Catapult/Model/Weapons/Weapon_Mech_CPLT_Torso_Right_BH1_RAC2.Weapon_Mech_CPLT_Torso_Right_BH1_RAC2_C",
				"(TagName=\"Weapon.Ballistic.AutoCannon.Ultra.AC2\")": "/Game/Objects/Mechs/Catapult/Model/Weapons/Weapon_Mech_CPLT_Torso_Right_BH1_UAC2.Weapon_Mech_CPLT_Torso_Right_BH1_UAC2_C",
				"(TagName=\"Weapon.Ballistic.AutoCannon.Standard.AC2\")": "/Game/Objects/Mechs/Catapult/Model/Weapons/Weapon_Mech_CPLT_Torso_Right_BH1_AC2.Weapon_Mech_CPLT_Torso_Right_BH1_AC2_C",
				"(TagName=\"Weapon.Ballistic.MG.HeavyMachineGun\")": "/Game/Objects/Mechs/Catapult/Model/Weapons/Weapon_Mech_CPLT_Torso_Right_BH1_HMG.Weapon_Mech_CPLT_Torso_Right_BH1_HMG_C",
				"(TagName=\"Weapon.Ballistic.MG.LightMachineGun\")": "/Game/Objects/Mechs/Catapult/Model/Weapons/Weapon_Mech_CPLT_Torso_Right_BH1_LMG.Weapon_Mech_CPLT_Torso_Right_BH1_LMG_C",
				"(TagName=\"Weapon\")": "/Game/Objects/Mechs/Catapult/Model/Weapons/Weapon_Mech_CPLT_Torso_Right_BH1_MG.Weapon_Mech_CPLT_Torso_Right_BH1_MG_C",
				"()": "None"
			}
		},
		{
			"hardpointSlotId": "Upperarm_Right_EH1_ppc",
			"mechSkeletonSocketId": "Upperarm_Right_Weapon",
			"mechPart": "RightArm",
			"bHideOnPartDestruction": true,
			"slotTypeAssetId":
			{
				"id": "MWSlotTypeDataAsset:PPC_SlotType"
			},
			"hardpointVisuals":
			{
				"(TagName=\"Weapon.Energy.ParticleCannon.PPC\")": "/Game/Objects/Mechs/Catapult/Model/Weapons/Weapon_Mech_CPLT_Upperarm_Right_EH1_PPC.Weapon_Mech_CPLT_Upperarm_Right_EH1_PPC_C",
				"(TagName=\"Weapon.Energy.ParticleCannon.HPPC\")": "/Game/Objects/Mechs/Catapult/Model/Weapons/Weapon_Mech_CPLT_Upperarm_Right_EH1_HPPC.Weapon_Mech_CPLT_Upperarm_Right_EH1_HPPC_C",
				"(TagName=\"Weapon.Energy.ParticleCannon.ERPPC\")": "/Game/Objects/Mechs/Catapult/Model/Weapons/Weapon_Mech_CPLT_Upperarm_Right_EH1_PPC.Weapon_Mech_CPLT_Upperarm_Right_EH1_PPC_C",
				"(TagName=\"Weapon.Energy.ParticleCannon.SNPPC\")": "/Game/Objects/Mechs/Catapult/Model/Weapons/Weapon_Mech_CPLT_Upperarm_Right_EH1_SNPPC.Weapon_Mech_CPLT_Upperarm_Right_EH1_SNPPC_C",
				"(TagName=\"Weapon.Energy.ParticleCannon.LPPC\")": "/Game/Objects/Mechs/Catapult/Model/Weapons/Weapon_Mech_CPLT_Upperarm_Right_EH1_LPPC.Weapon_Mech_CPLT_Upperarm_Right_EH1_LPPC_C",
				"(TagName=\"Weapon.Energy.Laser.Standard.Large\")": "/Game/Objects/Mechs/Catapult/Model/Weapons/Weapon_Mech_CPLT_Upperarm_Right_EH1_Laser.Weapon_Mech_CPLT_Upperarm_Right_EH1_Laser_C",
				"(TagName=\"Weapon.Energy.Laser.ER.Large\")": "/Game/Objects/Mechs/Catapult/Model/Weapons/Weapon_Mech_CPLT_Upperarm_Right_EH1_Laser.Weapon_Mech_CPLT_Upperarm_Right_EH1_Laser_C",
				"(TagName=\"Weapon.Energy.Laser.ER.Large.Clan\")": "/Game/Objects/Mechs/Catapult/Model/Weapons/Weapon_Mech_CPLT_Upperarm_Right_EH1_Laser.Weapon_Mech_CPLT_Upperarm_Right_EH1_Laser_C",
				"(TagName=\"Weapon.Energy.Laser.Pulse.Large\")": "/Game/Objects/Mechs/Catapult/Model/Weapons/Weapon_Mech_CPLT_Upperarm_Right_EH1_Laser.Weapon_Mech_CPLT_Upperarm_Right_EH1_Laser_C",
				"(TagName=\"Weapon.Energy.Laser.Standard.Medium\")": "/Game/Objects/Mechs/Catapult/Model/Weapons/Weapon_Mech_CPLT_Upperarm_Right_EH1_Laser.Weapon_Mech_CPLT_Upperarm_Right_EH1_Laser_C",
				"(TagName=\"Weapon.Energy.Laser.ER.Medium.Clan\")": "/Game/Objects/Mechs/Catapult/Model/Weapons/Weapon_Mech_CPLT_Upperarm_Right_EH1_Laser.Weapon_Mech_CPLT_Upperarm_Right_EH1_Laser_C",
				"(TagName=\"Weapon.Energy.Laser.Pulse.Medium\")": "/Game/Objects/Mechs/Catapult/Model/Weapons/Weapon_Mech_CPLT_Upperarm_Right_EH1_Laser.Weapon_Mech_CPLT_Upperarm_Right_EH1_Laser_C",
				"(TagName=\"Weapon.Energy.Laser.Pulse.Medium.Clan\")": "/Game/Objects/Mechs/Catapult/Model/Weapons/Weapon_Mech_CPLT_Upperarm_Right_EH1_Laser.Weapon_Mech_CPLT_Upperarm_Right_EH1_Laser_C",
				"(TagName=\"Weapon.Energy.Laser.Standard.Small\")": "/Game/Objects/Mechs/Catapult/Model/Weapons/Weapon_Mech_CPLT_Upperarm_Right_EH1_Laser.Weapon_Mech_CPLT_Upperarm_Right_EH1_Laser_C",
				"(TagName=\"Weapon.Energy.Laser.Pulse.Small\")": "/Game/Objects/Mechs/Catapult/Model/Weapons/Weapon_Mech_CPLT_Upperarm_Right_EH1_Laser.Weapon_Mech_CPLT_Upperarm_Right_EH1_Laser_C",
				"(TagName=\"Weapon.Energy.TAG\")": "/Game/Objects/Mechs/Catapult/Model/Weapons/Weapon_Mech_CPLT_Upperarm_Right_EH1_Laser.Weapon_Mech_CPLT_Upperarm_Right_EH1_Laser_C",
				"(TagName=\"Weapon.Energy.Flamer\")": "/Game/Objects/Mechs/Catapult/Model/Weapons/Weapon_Mech_CPLT_Upperarm_Right_EH1_Flamer.Weapon_Mech_CPLT_Upperarm_Right_EH1_Flamer_C",
				"(TagName=\"Weapon.Energy.ParticleCannon\")": "/Game/Objects/Mechs/Catapult/Model/Weapons/Weapon_Mech_CPLT_Upperarm_Right_EH1_SNPPC.Weapon_Mech_CPLT_Upperarm_Right_EH1_SNPPC_C",
				"(TagName=\"Weapon\")": "/Game/Objects/Mechs/Catapult/Model/Weapons/Weapon_Mech_CPLT_Upperarm_Right_EH1_PPC.Weapon_Mech_CPLT_Upperarm_Right_EH1_PPC_C",
				"()": "/Game/Objects/Mechs/Catapult/Model/Weapons/Weapon_Mech_CPLT_Upperarm_Right_EH1_Blank.Weapon_Mech_CPLT_Upperarm_Right_EH1_Blank_C"
			}
		},
		{
			"hardpointSlotId": "Upperarm_Left_EH1_ppc",
			"mechSkeletonSocketId": "Upperarm_Left_Weapon",
			"mechPart": "LeftArm",
			"bHideOnPartDestruction": true,
			"slotTypeAssetId":
			{
				"id": "MWSlotTypeDataAsset:PPC_SlotType"
			},
			"hardpointVisuals":
			{
				"(TagName=\"Weapon.Energy.ParticleCannon.PPC\")": "/Game/Objects/Mechs/Catapult/Model/Weapons/Weapon_Mech_CPLT_Upperarm_Left_EH1_PPC.Weapon_Mech_CPLT_Upperarm_Left_EH1_PPC_C",
				"(TagName=\"Weapon.Energy.ParticleCannon.HPPC\")": "/Game/Objects/Mechs/Catapult/Model/Weapons/Weapon_Mech_CPLT_Upperarm_Left_EH1_HPPC.Weapon_Mech_CPLT_Upperarm_Left_EH1_HPPC_C",
				"(TagName=\"Weapon.Energy.ParticleCannon.ERPPC\")": "/Game/Objects/Mechs/Catapult/Model/Weapons/Weapon_Mech_CPLT_Upperarm_Left_EH1_PPC.Weapon_Mech_CPLT_Upperarm_Left_EH1_PPC_C",
				"(TagName=\"Weapon.Energy.ParticleCannon.SNPPC\")": "/Game/Objects/Mechs/Catapult/Model/Weapons/Weapon_Mech_CPLT_Upperarm_Left_EH1_SNPPC.Weapon_Mech_CPLT_Upperarm_Left_EH1_SNPPC_C",
				"(TagName=\"Weapon.Energy.ParticleCannon.LPPC\")": "/Game/Objects/Mechs/Catapult/Model/Weapons/Weapon_Mech_CPLT_Upperarm_Left_EH1_LPPC.Weapon_Mech_CPLT_Upperarm_Left_EH1_LPPC_C",
				"(TagName=\"Weapon.Energy.Laser.Standard.Large\")": "/Game/Objects/Mechs/Catapult/Model/Weapons/Weapon_Mech_CPLT_Upperarm_Left_EH1_Laser.Weapon_Mech_CPLT_Upperarm_Left_EH1_Laser_C",
				"(TagName=\"Weapon.Energy.Laser.ER.Large\")": "/Game/Objects/Mechs/Catapult/Model/Weapons/Weapon_Mech_CPLT_Upperarm_Left_EH1_Laser.Weapon_Mech_CPLT_Upperarm_Left_EH1_Laser_C",
				"(TagName=\"Weapon.Energy.Laser.ER.Large.Clan\")": "/Game/Objects/Mechs/Catapult/Model/Weapons/Weapon_Mech_CPLT_Upperarm_Left_EH1_Laser.Weapon_Mech_CPLT_Upperarm_Left_EH1_Laser_C",
				"(TagName=\"Weapon.Energy.Laser.Pulse.Large\")": "/Game/Objects/Mechs/Catapult/Model/Weapons/Weapon_Mech_CPLT_Upperarm_Left_EH1_Laser.Weapon_Mech_CPLT_Upperarm_Left_EH1_Laser_C",
				"(TagName=\"Weapon.Energy.Laser.Standard.Medium\")": "/Game/Objects/Mechs/Catapult/Model/Weapons/Weapon_Mech_CPLT_Upperarm_Left_EH1_Laser.Weapon_Mech_CPLT_Upperarm_Left_EH1_Laser_C",
				"(TagName=\"Weapon.Energy.Laser.ER.Medium.Clan\")": "/Game/Objects/Mechs/Catapult/Model/Weapons/Weapon_Mech_CPLT_Upperarm_Left_EH1_Laser.Weapon_Mech_CPLT_Upperarm_Left_EH1_Laser_C",
				"(TagName=\"Weapon.Energy.Laser.Pulse.Medium\")": "/Game/Objects/Mechs/Catapult/Model/Weapons/Weapon_Mech_CPLT_Upperarm_Left_EH1_Laser.Weapon_Mech_CPLT_Upperarm_Left_EH1_Laser_C",
				"(TagName=\"Weapon.Energy.Laser.Pulse.Medium.Clan\")": "/Game/Objects/Mechs/Catapult/Model/Weapons/Weapon_Mech_CPLT_Upperarm_Left_EH1_Laser.Weapon_Mech_CPLT_Upperarm_Left_EH1_Laser_C",
				"(TagName=\"Weapon.Energy.Laser.Standard.Small\")": "/Game/Objects/Mechs/Catapult/Model/Weapons/Weapon_Mech_CPLT_Upperarm_Left_EH1_Laser.Weapon_Mech_CPLT_Upperarm_Left_EH1_Laser_C",
				"(TagName=\"Weapon.Energy.Laser.Pulse.Small\")": "/Game/Objects/Mechs/Catapult/Model/Weapons/Weapon_Mech_CPLT_Upperarm_Left_EH1_Laser.Weapon_Mech_CPLT_Upperarm_Left_EH1_Laser_C",
				"(TagName=\"Weapon.Energy.TAG\")": "/Game/Objects/Mechs/Catapult/Model/Weapons/Weapon_Mech_CPLT_Upperarm_Left_EH1_Laser.Weapon_Mech_CPLT_Upperarm_Left_EH1_Laser_C",
				"(TagName=\"Weapon.Energy.Flamer\")": "/Game/Objects/Mechs/Catapult/Model/Weapons/Weapon_Mech_CPLT_Upperarm_Left_EH1_Flamer.Weapon_Mech_CPLT_Upperarm_Left_EH1_Flamer_C",
				"(TagName=\"Weapon.Energy.ParticleCannon\")": "/Game/Objects/Mechs/Catapult/Model/Weapons/Weapon_Mech_CPLT_Upperarm_Left_EH1_SNPPC.Weapon_Mech_CPLT_Upperarm_Left_EH1_SNPPC_C",
				"(TagName=\"Weapon\")": "/Game/Objects/Mechs/Catapult/Model/Weapons/Weapon_Mech_CPLT_Upperarm_Left_EH1_PPC.Weapon_Mech_CPLT_Upperarm_Left_EH1_PPC_C",
				"()": "/Game/Objects/Mechs/Catapult/Model/Weapons/Weapon_Mech_CPLT_Upperarm_Left_EH1_Blank.Weapon_Mech_CPLT_Upperarm_Left_EH1_Blank_C"
			}
		},
		{
			"hardpointSlotId": "Torso_Left_BH1_largeballistic",
			"mechSkeletonSocketId": "Torso_Weapon",
			"mechPart": "LeftTorso",
			"bHideOnPartDestruction": false,
			"slotTypeAssetId":
			{
				"id": "MWSlotTypeDataAsset:AC20_SlotType"
			},
			"hardpointVisuals":
			{
				"(TagName=\"Weapon.Ballistic.MG.MachineGun\")": "/Game/Objects/Mechs/Catapult/Model/Weapons/Weapon_Mech_CPLT_Torso_Left_BH1_MG.Weapon_Mech_CPLT_Torso_Left_BH1_MG_C",
				"(TagName=\"Weapon.Ballistic.GaussRifle.HeavyGauss\")": "/Game/Objects/Mechs/Catapult/Model/Weapons/Weapon_Mech_CPLT_Torso_Left_BH1_Hgauss.Weapon_Mech_CPLT_Torso_Left_BH1_Hgauss_C",
				"(TagName=\"Weapon.Ballistic.AutoCannon.LBX.LBX20\")": "/Game/Objects/Mechs/Catapult/Model/Weapons/Weapon_Mech_CPLT_Torso_Left_BH1_LBX20.Weapon_Mech_CPLT_Torso_Left_BH1_LBX20_C",
				"(TagName=\"Weapon.Ballistic.AutoCannon.Standard.AC20\")": "/Game/Objects/Mechs/Catapult/Model/Weapons/Weapon_Mech_CPLT_Torso_Left_BH1_AC20.Weapon_Mech_CPLT_Torso_Left_BH1_AC20_C",
				"(TagName=\"Weapon.Ballistic.AutoCannon.Ultra.AC20\")": "/Game/Objects/Mechs/Catapult/Model/Weapons/Weapon_Mech_CPLT_Torso_Left_BH1_UAC20.Weapon_Mech_CPLT_Torso_Left_BH1_UAC20_C",
				"(TagName=\"Weapon.Ballistic.GaussRifle.Gauss\")": "/Game/Objects/Mechs/Catapult/Model/Weapons/Weapon_Mech_CPLT_Torso_Left_BH1_Gauss.Weapon_Mech_CPLT_Torso_Left_BH1_Gauss_C",
				"(TagName=\"Weapon.Ballistic.AutoCannon.Ultra.AC10\")": "/Game/Objects/Mechs/Catapult/Model/Weapons/Weapon_Mech_CPLT_Torso_Left_BH1_UAC10.Weapon_Mech_CPLT_Torso_Left_BH1_UAC10_C",
				"(TagName=\"Weapon.Ballistic.AutoCannon.Standard.AC10\")": "/Game/Objects/Mechs/Catapult/Model/Weapons/Weapon_Mech_CPLT_Torso_Left_BH1_AC10.Weapon_Mech_CPLT_Torso_Left_BH1_AC10_C",
				"(TagName=\"Weapon.Ballistic.AutoCannon.LBX.LBX10\")": "/Game/Objects/Mechs/Catapult/Model/Weapons/Weapon_Mech_CPLT_Torso_Left_BH1_LBX10.Weapon_Mech_CPLT_Torso_Left_BH1_LBX10_C",
				"(TagName=\"Weapon.Ballistic.AutoCannon.Rotary.RAC5\")": "/Game/Objects/Mechs/Catapult/Model/Weapons/Weapon_Mech_CPLT_Torso_Left_BH1_RAC5.Weapon_Mech_CPLT_Torso_Left_BH1_RAC5_C",
				"(TagName=\"Weapon.Ballistic.GaussRifle.LightGauss\")": "/Game/Objects/Mechs/Catapult/Model/Weapons/Weapon_Mech_CPLT_Torso_Left_BH1_Lgauss.Weapon_Mech_CPLT_Torso_Left_BH1_Lgauss_C",
				"(TagName=\"Weapon.Ballistic.AutoCannon.Ultra.AC5\")": "/Game/Objects/Mechs/Catapult/Model/Weapons/Weapon_Mech_CPLT_Torso_Left_BH1_UAC5.Weapon_Mech_CPLT_Torso_Left_BH1_UAC5_C",
				"(TagName=\"Weapon.Ballistic.AutoCannon.LBX.LBX5\")": "/Game/Objects/Mechs/Catapult/Model/Weapons/Weapon_Mech_CPLT_Torso_Left_BH1_LBX5.Weapon_Mech_CPLT_Torso_Left_BH1_LBX5_C",
				"(TagName=\"Weapon.Ballistic.AutoCannon.Standard.AC5\")": "/Game/Objects/Mechs/Catapult/Model/Weapons/Weapon_Mech_CPLT_Torso_Left_BH1_AC5.Weapon_Mech_CPLT_Torso_Left_BH1_AC5_C",
				"(TagName=\"Weapon.Ballistic.AutoCannon.LBX.LBX2\")": "/Game/Objects/Mechs/Catapult/Model/Weapons/Weapon_Mech_CPLT_Torso_Left_BH1_LBX2.Weapon_Mech_CPLT_Torso_Left_BH1_LBX2_C",
				"(TagName=\"Weapon.Ballistic.AutoCannon.Rotary.RAC2\")": "/Game/Objects/Mechs/Catapult/Model/Weapons/Weapon_Mech_CPLT_Torso_Left_BH1_RAC2.Weapon_Mech_CPLT_Torso_Left_BH1_RAC2_C",
				"(TagName=\"Weapon.Ballistic.AutoCannon.Ultra.AC2\")": "/Game/Objects/Mechs/Catapult/Model/Weapons/Weapon_Mech_CPLT_Torso_Left_BH1_UAC2.Weapon_Mech_CPLT_Torso_Left_BH1_UAC2_C",
				"(TagName=\"Weapon.Ballistic.AutoCannon.Standard.AC2\")": "/Game/Objects/Mechs/Catapult/Model/Weapons/Weapon_Mech_CPLT_Torso_Left_BH1_AC2.Weapon_Mech_CPLT_Torso_Left_BH1_AC2_C",
				"(TagName=\"Weapon.Ballistic.MG.HeavyMachineGun\")": "/Game/Objects/Mechs/Catapult/Model/Weapons/Weapon_Mech_CPLT_Torso_Left_BH1_HMG.Weapon_Mech_CPLT_Torso_Left_BH1_HMG_C",
				"(TagName=\"Weapon.Ballistic.MG.LightMachineGun\")": "/Game/Objects/Mechs/Catapult/Model/Weapons/Weapon_Mech_CPLT_Torso_Left_BH1_LMG.Weapon_Mech_CPLT_Torso_Left_BH1_LMG_C",
				"(TagName=\"Weapon\")": "/Game/Objects/Mechs/Catapult/Model/Weapons/Weapon_Mech_CPLT_Torso_Left_BH1_MG.Weapon_Mech_CPLT_Torso_Left_BH1_MG_C",
				"()": "None"
			}
		},
		{
			"hardpointSlotId": "Torso_Right_BH1_largeballistic",
			"mechSkeletonSocketId": "Torso_Weapon",
			"mechPart": "RightTorso",
			"bHideOnPartDestruction": false,
			"slotTypeAssetId":
			{
				"id": "MWSlotTypeDataAsset:AC20_SlotType"
			},
			"hardpointVisuals":
			{
				"(TagName=\"Weapon.Ballistic.MG.MachineGun\")": "/Game/Objects/Mechs/Catapult/Model/Weapons/Weapon_Mech_CPLT_Torso_Right_BH1_MG.Weapon_Mech_CPLT_Torso_Right_BH1_MG_C",
				"(TagName=\"Weapon.Ballistic.GaussRifle.HeavyGauss\")": "/Game/Objects/Mechs/Catapult/Model/Weapons/Weapon_Mech_CPLT_Torso_Right_BH1_Hgauss.Weapon_Mech_CPLT_Torso_Right_BH1_Hgauss_C",
				"(TagName=\"Weapon.Ballistic.AutoCannon.LBX.LBX20\")": "/Game/Objects/Mechs/Catapult/Model/Weapons/Weapon_Mech_CPLT_Torso_Right_BH1_LBX20.Weapon_Mech_CPLT_Torso_Right_BH1_LBX20_C",
				"(TagName=\"Weapon.Ballistic.AutoCannon.Ultra.AC20\")": "/Game/Objects/Mechs/Catapult/Model/Weapons/Weapon_Mech_CPLT_Torso_Right_BH1_UAC20.Weapon_Mech_CPLT_Torso_Right_BH1_UAC20_C",
				"(TagName=\"Weapon.Ballistic.AutoCannon.Standard.AC20\")": "/Game/Objects/Mechs/Catapult/Model/Weapons/Weapon_Mech_CPLT_Torso_Right_BH1_AC20.Weapon_Mech_CPLT_Torso_Right_BH1_AC20_C",
				"(TagName=\"Weapon.Ballistic.GaussRifle.Gauss\")": "/Game/Objects/Mechs/Catapult/Model/Weapons/Weapon_Mech_CPLT_Torso_Right_BH1_Gauss.Weapon_Mech_CPLT_Torso_Right_BH1_Gauss_C",
				"(TagName=\"Weapon.Ballistic.AutoCannon.Ultra.AC10\")": "/Game/Objects/Mechs/Catapult/Model/Weapons/Weapon_Mech_CPLT_Torso_Right_BH1_UAC10.Weapon_Mech_CPLT_Torso_Right_BH1_UAC10_C",
				"(TagName=\"Weapon.Ballistic.AutoCannon.Standard.AC10\")": "/Game/Objects/Mechs/Catapult/Model/Weapons/Weapon_Mech_CPLT_Torso_Right_BH1_AC10.Weapon_Mech_CPLT_Torso_Right_BH1_AC10_C",
				"(TagName=\"Weapon.Ballistic.AutoCannon.LBX.LBX10\")": "/Game/Objects/Mechs/Catapult/Model/Weapons/Weapon_Mech_CPLT_Torso_Right_BH1_LBX10.Weapon_Mech_CPLT_Torso_Right_BH1_LBX10_C",
				"(TagName=\"Weapon.Ballistic.AutoCannon.Rotary.RAC5\")": "/Game/Objects/Mechs/Catapult/Model/Weapons/Weapon_Mech_CPLT_Torso_Right_BH1_RAC5.Weapon_Mech_CPLT_Torso_Right_BH1_RAC5_C",
				"(TagName=\"Weapon.Ballistic.GaussRifle.LightGauss\")": "/Game/Objects/Mechs/Catapult/Model/Weapons/Weapon_Mech_CPLT_Torso_Right_BH1_Lgauss.Weapon_Mech_CPLT_Torso_Right_BH1_Lgauss_C",
				"(TagName=\"Weapon.Ballistic.AutoCannon.Ultra.AC5\")": "/Game/Objects/Mechs/Catapult/Model/Weapons/Weapon_Mech_CPLT_Torso_Right_BH1_UAC5.Weapon_Mech_CPLT_Torso_Right_BH1_UAC5_C",
				"(TagName=\"Weapon.Ballistic.AutoCannon.LBX.LBX5\")": "/Game/Objects/Mechs/Catapult/Model/Weapons/Weapon_Mech_CPLT_Torso_Right_BH1_LBX5.Weapon_Mech_CPLT_Torso_Right_BH1_LBX5_C",
				"(TagName=\"Weapon.Ballistic.AutoCannon.Standard.AC5\")": "/Game/Objects/Mechs/Catapult/Model/Weapons/Weapon_Mech_CPLT_Torso_Right_BH1_AC5.Weapon_Mech_CPLT_Torso_Right_BH1_AC5_C",
				"(TagName=\"Weapon.Ballistic.AutoCannon.LBX.LBX2\")": "/Game/Objects/Mechs/Catapult/Model/Weapons/Weapon_Mech_CPLT_Torso_Right_BH1_LBX2.Weapon_Mech_CPLT_Torso_Right_BH1_LBX2_C",
				"(TagName=\"Weapon.Ballistic.AutoCannon.Rotary.RAC2\")": "/Game/Objects/Mechs/Catapult/Model/Weapons/Weapon_Mech_CPLT_Torso_Right_BH1_RAC2.Weapon_Mech_CPLT_Torso_Right_BH1_RAC2_C",
				"(TagName=\"Weapon.Ballistic.AutoCannon.Ultra.AC2\")": "/Game/Objects/Mechs/Catapult/Model/Weapons/Weapon_Mech_CPLT_Torso_Right_BH1_UAC2.Weapon_Mech_CPLT_Torso_Right_BH1_UAC2_C",
				"(TagName=\"Weapon.Ballistic.AutoCannon.Standard.AC2\")": "/Game/Objects/Mechs/Catapult/Model/Weapons/Weapon_Mech_CPLT_Torso_Right_BH1_AC2.Weapon_Mech_CPLT_Torso_Right_BH1_AC2_C",
				"(TagName=\"Weapon.Ballistic.MG.HeavyMachineGun\")": "/Game/Objects/Mechs/Catapult/Model/Weapons/Weapon_Mech_CPLT_Torso_Right_BH1_HMG.Weapon_Mech_CPLT_Torso_Right_BH1_HMG_C",
				"(TagName=\"Weapon.Ballistic.MG.LightMachineGun\")": "/Game/Objects/Mechs/Catapult/Model/Weapons/Weapon_Mech_CPLT_Torso_Right_BH1_LMG.Weapon_Mech_CPLT_Torso_Right_BH1_LMG_C",
				"(TagName=\"Weapon\")": "/Game/Objects/Mechs/Catapult/Model/Weapons/Weapon_Mech_CPLT_Torso_Right_BH1_MG.Weapon_Mech_CPLT_Torso_Right_BH1_MG_C",
				"()": "None"
			}
		}
	]
}