{
	"mechDataAssetId":
	{
		"id": "MWMechDataAsset:MAD-5D_MDA"
	},
	"customName": "",
	"skinCustomization":
	{
		"mechSkinAssetId":
		{
			"id": "MWUnitSkinAsset:Marauder_Default_SKN"
		},
		"bPrimaryColorSet": false,
		"primaryColor":
		{
			"r": 0,
			"g": 0,
			"b": 0,
			"a": 0
		},
		"bSecondaryColorSet": false,
		"secondaryColor":
		{
			"r": 0,
			"g": 0,
			"b": 0,
			"a": 0
		},
		"bTertiaryColorSet": false,
		"tertiaryColor":
		{
			"r": 0,
			"g": 0,
			"b": 0,
			"a": 0
		}
	},
	"currentStructure":
	{
		"head": 15,
		"centerTorso": 46,
		"leftTorso": 32,
		"rightTorso": 32,
		"leftArm": 24,
		"rightArm": 24,
		"leftLeg": 32,
		"rightLeg": 32
	},
	"currentArmor":
	{
		"head": 18,
		"centerTorso": 70,
		"leftTorso": 48,
		"rightTorso": 48,
		"leftArm": 46,
		"rightArm": 46,
		"leftLeg": 60,
		"rightLeg": 60
	},
	"currentRearArmor":
	{
		"centerTorsoRear": 20,
		"leftTorsoRear": 16,
		"rightTorsoRear": 16
	},
	"installedArmor":
	{
		"head": 18,
		"centerTorso": 70,
		"leftTorso": 48,
		"rightTorso": 48,
		"leftArm": 46,
		"rightArm": 46,
		"leftLeg": 60,
		"rightLeg": 60
	},
	"installedRearArmor":
	{
		"centerTorsoRear": 20,
		"leftTorsoRear": 16,
		"rightTorsoRear": 16
	},
	"installedWeapons": [
		{
			"hardpointSlotId": "LeftTorso_AH1_AMS_antimissilesystem",
			"weaponData":
			{
				"weaponId":
				{
					"id": "MWAMSWeaponDataAsset:AntiMissileSystem"
				},
				"healthState": "Healthy"
			}
		},
		{
			"hardpointSlotId": "Torso_Left_MH1_streaksrm2",
			"weaponData":
			{
				"weaponId":
				{
					"id": "MWMissileWeaponDataAsset:Streaksrm2"
				},
				"healthState": "Healthy"
			}
		},
		{
			"hardpointSlotId": "Torso_Left_MH2_smallmissile",
			"weaponData":
			{
				"weaponId":
				{
					"id": ""
				},
				"healthState": "Healthy"
			}
		}
		{
			"hardpointSlotId": "Torso_Right_EH1_largepulselaser",
			"weaponData":
			{
				"weaponId":
				{
					"id": "MWTraceWeaponDataAsset:Largepulselaser"
				},
				"healthState": "Healthy"
			}
		},
		{
			"hardpointSlotId": "Forearm_Right_EH1_erppc",
			"weaponData":
			{
				"weaponId":
				{
					"id": "MWProjectileWeaponDataAsset:Erppc"
				},
				"healthState": "Healthy"
			}
		},
		{
			"hardpointSlotId": "Forearm_Right_EH2_mediumpulselaser",
			"weaponData":
			{
				"weaponId":
				{
					"id": "MWTraceWeaponDataAsset:Mediumpulselaser"
				},
				"healthState": "Healthy"
			}
		},
		{
			"hardpointSlotId": "Forearm_Left_EH1_erppc",
			"weaponData":
			{
				"weaponId":
				{
					"id": "MWProjectileWeaponDataAsset:Erppc"
				},
				"healthState": "Healthy"
			}
		},
		{
			"hardpointSlotId": "Forearm_Left_EH2_mediumpulselaser",
			"weaponData":
			{
				"weaponId":
				{
					"id": "MWTraceWeaponDataAsset:Mediumpulselaser"
				},
				"healthState": "Healthy"
			}
		}
	],
	"weaponGroupInfo":
	{
		"weaponGroups": [
			{
				"hardpointSlotId": "Torso_Left_MH1_streaksrm2",
				"bWeaponGroup1": false,
				"bWeaponGroup2": false,
				"bWeaponGroup3": false,
				"bWeaponGroup4": true,
				"bWeaponGroup5": false,
				"bWeaponGroup6": false
			},
			{
				"hardpointSlotId": "Torso_Right_EH1_largepulselaser",
				"bWeaponGroup1": false,
				"bWeaponGroup2": true,
				"bWeaponGroup3": false,
				"bWeaponGroup4": false,
				"bWeaponGroup5": false,
				"bWeaponGroup6": false
			},
			{
				"hardpointSlotId": "Forearm_Right_EH1_erppc",
				"bWeaponGroup1": true,
				"bWeaponGroup2": false,
				"bWeaponGroup3": false,
				"bWeaponGroup4": false,
				"bWeaponGroup5": false,
				"bWeaponGroup6": false
			},
			{
				"hardpointSlotId": "Forearm_Right_EH2_mediumpulselaser",
				"bWeaponGroup1": false,
				"bWeaponGroup2": false,
				"bWeaponGroup3": true,
				"bWeaponGroup4": false,
				"bWeaponGroup5": false,
				"bWeaponGroup6": false
			},
			{
				"hardpointSlotId": "Forearm_Left_EH1_erppc",
				"bWeaponGroup1": true,
				"bWeaponGroup2": false,
				"bWeaponGroup3": false,
				"bWeaponGroup4": false,
				"bWeaponGroup5": false,
				"bWeaponGroup6": false
			},
			{
				"hardpointSlotId": "Forearm_Left_EH2_mediumpulselaser",
				"bWeaponGroup1": false,
				"bWeaponGroup2": false,
				"bWeaponGroup3": true,
				"bWeaponGroup4": false,
				"bWeaponGroup5": false,
				"bWeaponGroup6": false
			},
			{
				"hardpointSlotId": "LeftTorso_AH1_AMS_antimissilesystem",
				"bWeaponGroup1": false,
				"bWeaponGroup2": false,
				"bWeaponGroup3": false,
				"bWeaponGroup4": false,
				"bWeaponGroup5": false,
				"bWeaponGroup6": true
			},
			{
				"hardpointSlotId": "Torso_Left_MH2_smallmissile",
				"bWeaponGroup1": false,
				"bWeaponGroup2": false,
				"bWeaponGroup3": false,
				"bWeaponGroup4": true,
				"bWeaponGroup5": false,
				"bWeaponGroup6": false
			}
		],
		"chainFireGroups": []
	},
	"equipment":
	{
		"mechPartEquipment": [
			{
				"mechPart": "CenterTorso",
				"slottedEquipment": [
					{
						"slotId": 0,
						"slotTypeAssetId":
						{
							"id": "MWSlotTypeDataAsset:EngineHeatsink_SlotType"
						},
						"equipmentData":
						{
							"equipmentId":
							{
								"id": "MWHeatSinkDataAsset:DoubleHeatSink"
							},
							"healthState": "Healthy"
						}
					},
					{
						"slotId": 1,
						"slotTypeAssetId":
						{
							"id": "MWSlotTypeDataAsset:EngineHeatsink_SlotType"
						},
						"equipmentData":
						{
							"equipmentId":
							{
								"id": "MWHeatSinkDataAsset:DoubleHeatSink"
							},
							"healthState": "Healthy"
						}
					},
					{
						"slotId": 2,
						"slotTypeAssetId":
						{
							"id": "MWSlotTypeDataAsset:General_SlotType"
						},
						"equipmentData":
						{
							"equipmentId":
							{
								"id": "MWAmmoDataAsset:AMS_Half_AmmoEquipment"
							},
							"healthState": "Healthy"
						}
					}
				]
			},
			{
				"mechPart": "LeftTorso",
				"slottedEquipment": [
					{
						"slotId": 0,
						"slotTypeAssetId":
						{
							"id": "MWSlotTypeDataAsset:General_SlotType"
						},
						"equipmentData":
						{
							"equipmentId":
							{
								"id": "MWHeatSinkDataAsset:DoubleHeatSink"
							},
							"healthState": "Healthy"
						}
					},
					{
						"slotId": 1,
						"slotTypeAssetId":
						{
							"id": "MWSlotTypeDataAsset:General_SlotType"
						},
						"equipmentData":
						{
							"equipmentId":
							{
								"id": "MWHeatSinkDataAsset:DoubleHeatSink"
							},
							"healthState": "Healthy"
						}
					},
					{
						"slotId": 2,
						"slotTypeAssetId":
						{
							"id": "MWSlotTypeDataAsset:General_SlotType"
						},
						"equipmentData":
						{
							"equipmentId":
							{
								"id": "MWAmmoDataAsset:SRM_Streak_Half_AmmoEquipment"
							},
							"healthState": "Healthy"
						}
					}
				]
			},
			{
				"mechPart": "RightTorso",
				"slottedEquipment": [
					{
						"slotId": 0,
						"slotTypeAssetId":
						{
							"id": "MWSlotTypeDataAsset:General_SlotType"
						},
						"equipmentData":
						{
							"equipmentId":
							{
								"id": "MWHeatSinkDataAsset:DoubleHeatSink"
							},
							"healthState": "Healthy"
						}
					},
					{
						"slotId": 1,
						"slotTypeAssetId":
						{
							"id": "MWSlotTypeDataAsset:General_SlotType"
						},
						"equipmentData":
						{
							"equipmentId":
							{
								"id": "MWHeatSinkDataAsset:DoubleHeatSink"
							},
							"healthState": "Healthy"
						}
					}
				]
			},
			{
				"mechPart": "LeftLeg",
				"slottedEquipment": [
					{
						"slotId": 0,
						"slotTypeAssetId":
						{
							"id": "MWSlotTypeDataAsset:JumpJetClass3_SlotType"
						},
						"equipmentData":
						{
							"equipmentId":
							{
								"id": "MWJumpJetDataAsset:JumpJet_Class3_Equipment"
							},
							"healthState": "Healthy"
						}
					},
					{
						"slotId": 1,
						"slotTypeAssetId":
						{
							"id": "MWSlotTypeDataAsset:JumpJetClass3_SlotType"
						},
						"equipmentData":
						{
							"equipmentId":
							{
								"id": "MWJumpJetDataAsset:JumpJet_Class3_Equipment"
							},
							"healthState": "Healthy"
						}
					}
				]
			},
			{
				"mechPart": "RightLeg",
				"slottedEquipment": [
					{
						"slotId": 0,
						"slotTypeAssetId":
						{
							"id": "MWSlotTypeDataAsset:JumpJetClass3_SlotType"
						},
						"equipmentData":
						{
							"equipmentId":
							{
								"id": "MWJumpJetDataAsset:JumpJet_Class3_Equipment"
							},
							"healthState": "Healthy"
						}
					},
					{
						"slotId": 1,
						"slotTypeAssetId":
						{
							"id": "MWSlotTypeDataAsset:JumpJetClass3_SlotType"
						},
						"equipmentData":
						{
							"equipmentId":
							{
								"id": "MWJumpJetDataAsset:JumpJet_Class3_Equipment"
							},
							"healthState": "Healthy"
						}
					}
				]
			}
		]
	}
}