{
	"mechDataAssetId":
	{
		"id": "MWMechDataAsset:CPLT-K2_MDA"
	},
	"customName": "",
	"skinCustomization":
	{
		"mechSkinAssetId":
		{
			"id": "MWUnitSkinAsset:Catapult_Default_SKN"
		},
		"bPrimaryColorSet": false,
		"primaryColor":
		{
			"r": 0,
			"g": 0,
			"b": 0,
			"a": 0
		},
		"bSecondaryColorSet": false,
		"secondaryColor":
		{
			"r": 0,
			"g": 0,
			"b": 0,
			"a": 0
		},
		"bTertiaryColorSet": false,
		"tertiaryColor":
		{
			"r": 0,
			"g": 0,
			"b": 0,
			"a": 0
		}
	},
	"currentStructure":
	{
		"head": 15,
		"centerTorso": 42,
		"leftTorso": 30,
		"rightTorso": 30,
		"leftArm": 20,
		"rightArm": 20,
		"leftLeg": 30,
		"rightLeg": 30
	},
	"currentArmor":
	{
		"head": 18,
		"centerTorso": 48,
		"leftTorso": 40,
		"rightTorso": 40,
		"leftArm": 36,
		"rightArm": 36,
		"leftLeg": 40,
		"rightLeg": 40
	},
	"currentRearArmor":
	{
		"centerTorsoRear": 22,
		"leftTorsoRear": 16,
		"rightTorsoRear": 16
	},
	"installedArmor":
	{
		"head": 18,
		"centerTorso": 48,
		"leftTorso": 40,
		"rightTorso": 40,
		"leftArm": 36,
		"rightArm": 36,
		"leftLeg": 40,
		"rightLeg": 40
	},
	"installedRearArmor":
	{
		"centerTorsoRear": 22,
		"leftTorsoRear": 16,
		"rightTorsoRear": 16
	},
	"installedWeapons": [
		{
			"hardpointSlotId": "Torso_Right_AH1_antimissilesystem",
			"weaponData":
			{
				"weaponId":
				{
					"id": "MWAMSWeaponDataAsset:AntiMissileSystem"
				},
				"healthState": "Healthy"
			}
		},
		{
			"hardpointSlotId": "Torso_Left_EH1_mediumlaser",
			"weaponData":
			{
				"weaponId":
				{
					"id": "MWTraceWeaponDataAsset:Mediumlaser"
				},
				"healthState": "Healthy"
			}
		},
		{
			"hardpointSlotId": "Torso_Right_EH1_mediumlaser",
			"weaponData":
			{
				"weaponId":
				{
					"id": "MWTraceWeaponDataAsset:Mediumlaser"
				},
				"healthState": "Healthy"
			}
		},
		{
			"hardpointSlotId": "Upperarm_Right_EH1_ppc",
			"weaponData":
			{
				"weaponId":
				{
					"id": "MWProjectileWeaponDataAsset:Ppc"
				},
				"healthState": "Healthy"
			}
		},
		{
			"hardpointSlotId": "Upperarm_Left_EH1_ppc",
			"weaponData":
			{
				"weaponId":
				{
					"id": "MWProjectileWeaponDataAsset:Ppc"
				},
				"healthState": "Healthy"
			}
		},
		{
			"hardpointSlotId": "Torso_Left_BH1_largeballistic",
			"weaponData":
			{
				"weaponId":
				{
					"id": "MWTraceWeaponDataAsset:MachineGun"
				},
				"healthState": "Healthy"
			}
		},
		{
			"hardpointSlotId": "Torso_Right_BH1_largeballistic",
			"weaponData":
			{
				"weaponId":
				{
					"id": "MWTraceWeaponDataAsset:MachineGun"
				},
				"healthState": "Healthy"
			}
		}
	],
	"weaponGroupInfo":
	{
		"weaponGroups": [
			{
				"hardpointSlotId": "Torso_Left_EH1_mediumlaser",
				"bWeaponGroup1": false,
				"bWeaponGroup2": false,
				"bWeaponGroup3": false,
				"bWeaponGroup4": true,
				"bWeaponGroup5": false,
				"bWeaponGroup6": false
			},
			{
				"hardpointSlotId": "Torso_Right_EH1_mediumlaser",
				"bWeaponGroup1": false,
				"bWeaponGroup2": false,
				"bWeaponGroup3": false,
				"bWeaponGroup4": true,
				"bWeaponGroup5": false,
				"bWeaponGroup6": false
			},
			{
				"hardpointSlotId": "Upperarm_Right_EH1_ppc",
				"bWeaponGroup1": false,
				"bWeaponGroup2": true,
				"bWeaponGroup3": false,
				"bWeaponGroup4": false,
				"bWeaponGroup5": false,
				"bWeaponGroup6": false
			},
			{
				"hardpointSlotId": "Upperarm_Left_EH1_ppc",
				"bWeaponGroup1": true,
				"bWeaponGroup2": false,
				"bWeaponGroup3": false,
				"bWeaponGroup4": false,
				"bWeaponGroup5": false,
				"bWeaponGroup6": false
			},
			{
				"hardpointSlotId": "Torso_Right_AH1_antimissilesystem",
				"bWeaponGroup1": false,
				"bWeaponGroup2": false,
				"bWeaponGroup3": false,
				"bWeaponGroup4": false,
				"bWeaponGroup5": false,
				"bWeaponGroup6": true
			},
			{
				"hardpointSlotId": "Torso_Left_BH1_largeballistic",
				"bWeaponGroup1": false,
				"bWeaponGroup2": false,
				"bWeaponGroup3": true,
				"bWeaponGroup4": false,
				"bWeaponGroup5": false,
				"bWeaponGroup6": false
			},
			{
				"hardpointSlotId": "Torso_Right_BH1_largeballistic",
				"bWeaponGroup1": false,
				"bWeaponGroup2": false,
				"bWeaponGroup3": true,
				"bWeaponGroup4": false,
				"bWeaponGroup5": false,
				"bWeaponGroup6": false
			}
		],
		"chainFireGroups": []
	},
	"equipment":
	{
		"mechPartEquipment": [
			{
				"mechPart": "CenterTorso",
				"slottedEquipment": [
					{
						"slotId": 0,
						"slotTypeAssetId":
						{
							"id": "MWSlotTypeDataAsset:General_SlotType"
						},
						"equipmentData":
						{
							"equipmentId":
							{
								"id": "MWHeatSinkDataAsset:SingleHeatSink"
							},
							"healthState": "Healthy"
						}
					},
					{
						"slotId": 1,
						"slotTypeAssetId":
						{
							"id": "MWSlotTypeDataAsset:General_SlotType"
						},
						"equipmentData":
						{
							"equipmentId":
							{
								"id": "MWAmmoDataAsset:Machinegun_Standard_AmmoEquipment"
							},
							"healthState": "Healthy"
						}
					}
				]
			},
			{
				"mechPart": "LeftTorso",
				"slottedEquipment": [
					{
						"slotId": 0,
						"slotTypeAssetId":
						{
							"id": "MWSlotTypeDataAsset:General_SlotType"
						},
						"equipmentData":
						{
							"equipmentId":
							{
								"id": "MWHeatSinkDataAsset:SingleHeatSink"
							},
							"healthState": "Healthy"
						}
					},
					{
						"slotId": 1,
						"slotTypeAssetId":
						{
							"id": "MWSlotTypeDataAsset:General_SlotType"
						},
						"equipmentData":
						{
							"equipmentId":
							{
								"id": "MWHeatSinkDataAsset:SingleHeatSink"
							},
							"healthState": "Healthy"
						}
					},
					{
						"slotId": 2,
						"slotTypeAssetId":
						{
							"id": "MWSlotTypeDataAsset:General_SlotType"
						},
						"equipmentData":
						{
							"equipmentId":
							{
								"id": "MWHeatSinkDataAsset:SingleHeatSink"
							},
							"healthState": "Healthy"
						}
					}
				]
			},
			{
				"mechPart": "RightTorso",
				"slottedEquipment": [
					{
						"slotId": 0,
						"slotTypeAssetId":
						{
							"id": "MWSlotTypeDataAsset:General_SlotType"
						},
						"equipmentData":
						{
							"equipmentId":
							{
								"id": "MWAmmoDataAsset:AMS_Half_AmmoEquipment"
							},
							"healthState": "Healthy"
						}
					},
					{
						"slotId": 1,
						"slotTypeAssetId":
						{
							"id": "MWSlotTypeDataAsset:General_SlotType"
						},
						"equipmentData":
						{
							"equipmentId":
							{
								"id": "MWHeatSinkDataAsset:SingleHeatSink"
							},
							"healthState": "Healthy"
						}
					}
				]
			},
			{
				"mechPart": "LeftLeg",
				"slottedEquipment": [
					{
						"slotId": 0,
						"slotTypeAssetId":
						{
							"id": "MWSlotTypeDataAsset:General_SlotType"
						},
						"equipmentData":
						{
							"equipmentId":
							{
								"id": "MWHeatSinkDataAsset:SingleHeatSink"
							},
							"healthState": "Healthy"
						}
					},
					{
						"slotId": 1,
						"slotTypeAssetId":
						{
							"id": "MWSlotTypeDataAsset:General_SlotType"
						},
						"equipmentData":
						{
							"equipmentId":
							{
								"id": "MWHeatSinkDataAsset:SingleHeatSink"
							},
							"healthState": "Healthy"
						}
					}
				]
			},
			{
				"mechPart": "RightLeg",
				"slottedEquipment": [
					{
						"slotId": 0,
						"slotTypeAssetId":
						{
							"id": "MWSlotTypeDataAsset:General_SlotType"
						},
						"equipmentData":
						{
							"equipmentId":
							{
								"id": "MWHeatSinkDataAsset:SingleHeatSink"
							},
							"healthState": "Healthy"
						}
					},
					{
						"slotId": 1,
						"slotTypeAssetId":
						{
							"id": "MWSlotTypeDataAsset:General_SlotType"
						},
						"equipmentData":
						{
							"equipmentId":
							{
								"id": "MWHeatSinkDataAsset:SingleHeatSink"
							},
							"healthState": "Healthy"
						}
					}
				]
			}
		]
	}
}