{
	"mechModel": "MWMechModelDataAsset'/Game/Objects/Mechs/Highlander/Model/Highlander_MDL.Highlander_MDL'",
	"mechStats":
	{
		"keyName": "HGN-732B",
		"table": "DataTable'/Game/Objects/Mechs/_common/Config/MechStats.MechStats'"
	},
	"healthStats":
	{
		"keyName": "HGN-732",
		"table": "DataTable'/Game/Objects/Mechs/_common/Config/MechHealthStats.MechHealthStats'"
	},
	"mechType":
	{
		"tagName": "Mech.Assault.Highlander.HGN-HM"
	},
	"chassisFullName": "Highlander",
	"variantName": "HGN-LV",
	"defaultMech":
	{
		"id": "MWMechLoadoutAsset:HGN-LV_Loadout"
	},
	"mechTexture": "/Game/UI/Textures/Battlemechs/Highlander_Icon_UIX.Highlander_Icon_UIX",
	"targetComponent": "/Game/Objects/Mechs/Highlander/Target/Highlander_Target.Highlander_Target_C",
	"description": "First produced in 2592, the Highlander served the Star League Defense Forces with distinction for almost two centuries, and earned its place in the history books with an absolutely stellar combat record. Designed to stand alone in the defense of a city, or to provide support for a mixed type attack, the Highlander makes up for its slow speed with the ability to leap over obstacles. When the Gauss Rifle fell out of use during the technological decline of the post-Star League era, many Highlanders were forced to downgrade their main weapon to an autocannon, though some occasionally sport PPCs.",
	"selectedWeaponHardPoints": [
		"Torso_Left_AH1_antimissilesystem",
		"Torso_Right_EH1_largelaser",
		"Torso_Right_EH2_largelaser",
		"Torso_Right_EH3_mediumlaser",
		"Forearm_Right_EH1_ppc",
		"Forearm_Right_EH2_ppc",
		"Forearm_Left_EH1_mediumlaser",
		"Forearm_Left_EH2_mediumlaser",
		"Forearm_Left_EH3_mediumlaser"
	],
	"blankWeaponHardPoints": [],
	"bRecalculateFreeSlotsOnSave": true,
	"equipmentAllocation":
	{
		"armorDataAssetId":
		{
			"id": "MWArmorDataAsset:FerroFibrousArmor"
		},
		"structureDataAssetId":
		{
			"id": "MWStructureDataAsset:StandardStructure"
		},
		"allowedHeatSinkType":
		{
			"tagName": "Equipment.HeatSinks.Double"
		},
		"allowedJumpJetType":
		{
			"tagName": "Equipment.JumpJets.Class1"
		},
		"slotData": [
			{
				"slotTypeDataAssetId":
				{
					"id": "MWSlotTypeDataAsset:General_SlotType"
				},
				"slotCounts":
				{
					"Head": 1,
					"CenterTorso": 0,
					"LeftTorso": 10,
					"LeftArm": 5,
					"LeftLeg": 2,
					"RightTorso": 6,
					"RightArm": 5,
					"RightLeg": 2
				}
			},
			{
				"slotTypeDataAssetId":
				{
					"id": "MWSlotTypeDataAsset:JumpJetClass1_SlotType"
				},
				"slotCounts":
				{
					"Head": 0,
					"CenterTorso": 2,
					"LeftTorso": 1,
					"RightTorso": 1,
					"LeftArm": 0,
					"RightArm": 0,
					"LeftLeg": 0,
					"RightLeg": 0
				}
			}
		],
		"internalEquipment": [
			"LifeSupport",
			"Sensors",
			"Cockpit",
			"Gyro",
			"LeftArm_Shoulder",
			"LeftArm_UpperActuator",
			"LeftArm_LowerActuator",
			"LeftArm_HandActuator",
			"RightArm_Shoulder",
			"RightArm_UpperActuator",
			"RightArm_LowerActuator",
			"LeftLeg_Hip",
			"LeftLeg_UpperActuator",
			"LeftLeg_LowerActuator",
			"LeftLeg_FootActuator",
			"RightLeg_Hip",
			"RightLeg_UpperActuator",
			"RightLeg_LowerActuator",
			"RightLeg_FootActuator"
		]
	},
	"refitCosts":
	{
		"id": "MWMechRefitCostsDataAsset:MechRefitCostsDefault"
	},
	"engineRating": 275,
	"bXLEngine": false,
	"baseChassisCost": 6371080,
	"salvageShareCost": 26,
	"bIsHeroMech": true
}